t_s,timestamp,distance_m,speed_m_s,pace_s_per_km,hr,elev_m,cadence_spm,power_w,gap_speed_m_s,temp_c
0.0,2026-09-22T08:16:25+00:00,0.800000011920929,1.2599999904632568,793.6507996578126,68.0,109.4000015258789,48.0,,,29.0
1.0,2026-09-22T08:16:26+00:00,1.7300000190734863,1.0080000162124634,992.0634761073485,69.0,109.4000015258789,49.0,,,29.0
4.0,2026-09-22T08:16:29+00:00,6.059999942779541,1.3250000476837158,754.7169539715405,71.0,109.19999694824219,64.0,,,29.0
5.0,2026-09-22T08:16:30+00:00,7.769999980926514,1.6139999628067017,619.5787007708645,74.0,109.19999694824219,76.0,,,29.0
8.0,2026-09-22T08:16:33+00:00,12.770000457763672,1.753999948501587,570.12544433327,76.0,109.0,76.0,,,29.0
11.0,2026-09-22T08:16:36+00:00,19.850000381469727,1.9500000476837158,512.8205002804169,79.0,109.19999694824219,76.0,,,29.0
13.0,2026-09-22T08:16:38+00:00,24.520000457763672,2.0429999828338623,489.47626451415414,79.0,109.19999694824219,77.0,,,29.0
16.0,2026-09-22T08:16:41+00:00,31.829999923706055,2.2019999027252197,454.13262678276635,87.0,109.19999694824219,77.0,,,29.0
17.0,2026-09-22T08:16:42+00:00,34.33000183105469,2.2209999561309814,450.2476450931663,90.0,109.19999694824219,77.0,,,29.0
18.0,2026-09-22T08:16:43+00:00,36.900001525878906,2.2769999504089355,439.1743617826632,90.0,109.19999694824219,77.0,,,29.0
20.0,2026-09-22T08:16:45+00:00,41.54999923706055,2.3610000610351562,423.5493325491742,91.0,109.19999694824219,77.0,,,29.0
23.0,2026-09-22T08:16:48+00:00,48.900001525878906,2.4170000553131104,413.736026940411,100.0,109.5999984741211,77.0,,,29.0
25.0,2026-09-22T08:16:50+00:00,53.47999954223633,2.4260001182556152,412.20113407044573,103.0,109.5999984741211,77.0,,,29.0
29.0,2026-09-22T08:16:54+00:00,63.66999816894531,2.4539999961853027,407.49796314363545,105.0,109.5999984741211,77.0,,,29.0
35.0,2026-09-22T08:17:00+00:00,79.93000030517578,2.490999937057495,401.4452128735316,105.0,109.19999694824219,78.0,,,29.0
36.0,2026-09-22T08:17:01+00:00,82.48999786376953,2.490999937057495,401.4452128735316,105.0,109.4000015258789,78.0,,,29.0
42.0,2026-09-22T08:17:07+00:00,98.61000061035156,2.5290000438690186,395.41319994211585,107.0,109.4000015258789,79.0,,,29.0
43.0,2026-09-22T08:17:08+00:00,101.55999755859375,2.5380001068115234,394.01101572698315,108.0,109.4000015258789,79.0,,,29.0
49.0,2026-09-22T08:17:14+00:00,118.7300033569336,2.5940001010894775,385.5049965418278,109.0,109.19999694824219,79.0,,,29.0
52.0,2026-09-22T08:17:17+00:00,126.56999969482422,2.61299991607666,382.7018875306623,112.0,109.19999694824219,79.0,,,29.0
55.0,2026-09-22T08:17:20+00:00,134.61000061035156,2.61299991607666,382.7018875306623,112.0,109.19999694824219,79.0,,,29.0
57.0,2026-09-22T08:17:22+00:00,139.75999450683594,2.6029999256134033,384.1721200834639,115.0,109.19999694824219,78.0,,,29.0
62.0,2026-09-22T08:17:27+00:00,149.88999938964844,2.565999984741211,389.71161572351025,117.0,109.19999694824219,79.0,,,29.0
68.0,2026-09-22T08:17:33+00:00,161.0,2.5190000534057617,396.98292131751674,116.0,109.4000015258789,80.0,,,29.0
70.0,2026-09-22T08:17:35+00:00,165.85000610351562,2.500999927520752,399.8400755618185,117.0,109.4000015258789,80.0,,,29.0
76.0,2026-09-22T08:17:41+00:00,177.1199951171875,2.3329999446868896,428.6326719712843,117.0,109.5999984741211,79.0,,,29.0
82.0,2026-09-22T08:17:47+00:00,188.8300018310547,2.1089999675750732,474.1583761851828,119.0,109.80000305175781,78.0,,,29.0
87.0,2026-09-22T08:17:52+00:00,201.88999938964844,2.2300000190734863,448.430489438057,118.0,109.4000015258789,78.0,,,29.0
89.0,2026-09-22T08:17:54+00:00,207.6699981689453,2.305000066757202,433.8394668278052,115.0,109.4000015258789,78.0,,,29.0
93.0,2026-09-22T08:17:58+00:00,219.83999633789062,2.4170000553131104,413.736026940411,112.0,109.80000305175781,79.0,,,29.0
96.0,2026-09-22T08:18:01+00:00,226.42999267578125,2.3889999389648438,418.58519277874115,115.0,109.4000015258789,78.0,,,29.0
99.0,2026-09-22T08:18:04+00:00,234.25,2.4260001182556152,412.20113407044573,116.0,109.4000015258789,79.0,,,29.0
105.0,2026-09-22T08:18:10+00:00,249.2100067138672,2.4820001125335693,402.9008681144751,118.0,109.4000015258789,79.0,,,29.0
106.0,2026-09-22T08:18:11+00:00,251.7899932861328,2.490999937057495,401.4452128735316,118.0,109.4000015258789,79.0,,,29.0
112.0,2026-09-22T08:18:17+00:00,267.3599853515625,2.5290000438690186,395.41319994211585,118.0,109.5999984741211,79.0,,,28.0
118.0,2026-09-22T08:18:23+00:00,281.3999938964844,2.4730000495910645,404.36715727739676,119.0,109.80000305175781,78.0,,,28.0
120.0,2026-09-22T08:18:25+00:00,286.3699951171875,2.4820001125335693,402.9008681144751,119.0,109.80000305175781,78.0,,,28.0
125.0,2026-09-22T08:18:30+00:00,298.3399963378906,2.490999937057495,401.4452128735316,122.0,109.5999984741211,78.0,,,28.0
128.0,2026-09-22T08:18:33+00:00,305.8599853515625,2.500999927520752,399.8400755618185,121.0,109.4000015258789,78.0,,,28.0
134.0,2026-09-22T08:18:39+00:00,321.7200012207031,2.5380001068115234,394.01101572698315,121.0,109.5999984741211,79.0,,,28.0
135.0,2026-09-22T08:18:40+00:00,324.4100036621094,2.546999931335449,392.6187777616773,122.0,109.5999984741211,79.0,,,28.0
141.0,2026-09-22T08:18:46+00:00,339.7300109863281,2.556999921798706,391.08331270364533,124.0,109.4000015258789,79.0,,,28.0
142.0,2026-09-22T08:18:47+00:00,342.2799987792969,2.546999931335449,392.6187777616773,124.0,109.4000015258789,79.0,,,28.0
148.0,2026-09-22T08:18:53+00:00,358.1099853515625,2.546999931335449,392.6187777616773,124.0,109.0,79.0,,,28.0
152.0,2026-09-22T08:18:57+00:00,370.6600036621094,2.575000047683716,388.3495073716709,123.0,109.0,79.0,,,28.0
157.0,2026-09-22T08:19:02+00:00,385.4800109863281,2.63100004196167,380.0836123341151,123.0,109.5999984741211,79.0,,,28.0
158.0,2026-09-22T08:19:03+00:00,388.2699890136719,2.6410000324249268,378.64444820995135,123.0,109.5999984741211,79.0,,,28.0
163.0,2026-09-22T08:19:08+00:00,403.42999267578125,2.7990000247955322,357.2704505685206,123.0,109.5999984741211,79.0,,,28.0
169.0,2026-09-22T08:19:14+00:00,421.9599914550781,2.930000066757202,341.29692055152645,124.0,109.80000305175781,79.0,,,28.0
170.0,2026-09-22T08:19:15+00:00,425.4100036621094,2.938999891281128,340.25179890840144,124.0,109.80000305175781,79.0,,,28.0
176.0,2026-09-22T08:19:21+00:00,442.7900085449219,2.9760000705718994,336.0214974080392,126.0,109.4000015258789,78.0,,,28.0
181.0,2026-09-22T08:19:26+00:00,462.5299987792969,3.0789999961853027,324.7807733806237,129.0,109.19999694824219,80.0,,,28.0
185.0,2026-09-22T08:19:30+00:00,479.1199951171875,3.8540000915527344,259.47067364939033,132.0,109.5999984741211,82.0,,,28.0
186.0,2026-09-22T08:19:31+00:00,483.5799865722656,4.039999961853027,247.52475481245546,133.0,109.5999984741211,82.0,,,28.0
191.0,2026-09-22T08:19:36+00:00,506.9700012207031,4.320000171661377,231.48147228323418,136.0,109.5999984741211,84.0,,,27.0
192.0,2026-09-22T08:19:37+00:00,511.4700012207031,4.367000102996826,228.99014802261084,136.0,109.5999984741211,83.0,,,27.0
198.0,2026-09-22T08:19:43+00:00,531.1699829101562,3.1070001125335693,321.8538666818911,138.0,109.4000015258789,80.0,,,27.0
204.0,2026-09-22T08:19:49+00:00,540.3900146484375,1.7079999446868896,585.4801126374274,136.0,109.4000015258789,77.0,,,27.0
210.0,2026-09-22T08:19:55+00:00,549.6400146484375,1.809999942779541,552.4862053113338,133.0,109.19999694824219,77.0,,,27.0
212.0,2026-09-22T08:19:57+00:00,552.1099853515625,1.7259999513626099,579.3742921084898,131.0,109.0,77.0,,,27.0
216.0,2026-09-22T08:20:01+00:00,557.4199829101562,1.6799999475479126,595.2381138223104,128.0,109.0,77.0,,,27.0
217.0,2026-09-22T08:20:02+00:00,558.6500244140625,1.6239999532699585,615.7635645164144,127.0,109.0,77.0,,,27.0
223.0,2026-09-22T08:20:08+00:00,569.969970703125,1.7079999446868896,585.4801126374274,125.0,108.80000305175781,78.0,,,27.0
229.0,2026-09-22T08:20:14+00:00,584.3400268554688,1.8940000534057617,527.9830896529361,123.0,109.19999694824219,78.0,,,27.0
235.0,2026-09-22T08:20:20+00:00,598.4600219726562,2.3420000076293945,426.98548110262993,125.0,109.4000015258789,78.0,,,27.0
236.0,2026-09-22T08:20:21+00:00,600.3800048828125,2.3420000076293945,426.98548110262993,125.0,109.4000015258789,78.0,,,27.0
238.0,2026-09-22T08:20:23+00:00,604.2100219726562,2.071000099182129,482.85849932837573,121.0,109.5999984741211,78.0,,,27.0
243.0,2026-09-22T08:20:28+00:00,616.72998046875,2.305000066757202,433.8394668278052,119.0,109.5999984741211,78.0,,,27.0
248.0,2026-09-22T08:20:33+00:00,628.0399780273438,2.313999891281128,432.1521378492191,119.0,109.4000015258789,79.0,,,27.0
254.0,2026-09-22T08:20:39+00:00,640.97998046875,2.322999954223633,430.4778388746068,119.0,109.80000305175781,79.0,,,27.0
255.0,2026-09-22T08:20:40+00:00,643.3599853515625,2.322999954223633,430.4778388746068,119.0,109.80000305175781,79.0,,,27.0
258.0,2026-09-22T08:20:43+00:00,650.77001953125,2.3510000705718994,425.35090173635854,122.0,109.80000305175781,78.0,,,27.0
261.0,2026-09-22T08:20:46+00:00,661.9400024414062,3.434000015258789,291.2055898533941,122.0,109.4000015258789,79.0,,,27.0
264.0,2026-09-22T08:20:49+00:00,674.3099975585938,4.189000129699707,238.72045095202375,127.0,109.4000015258789,81.0,,,27.0
266.0,2026-09-22T08:20:51+00:00,683.2899780273438,4.189000129699707,238.72045095202375,131.0,109.4000015258789,83.0,,,27.0
269.0,2026-09-22T08:20:54+00:00,697.030029296875,4.413000106811523,226.60321228102552,134.0,109.5999984741211,85.0,,,27.0
271.0,2026-09-22T08:20:56+00:00,705.9000244140625,4.413000106811523,226.60321228102552,137.0,109.4000015258789,83.0,,,27.0
272.0,2026-09-22T08:20:57+00:00,709.25,4.320000171661377,231.48147228323418,138.0,109.4000015258789,82.0,,,27.0
276.0,2026-09-22T08:21:01+00:00,718.9199829101562,2.4070000648498535,415.4549119475737,141.0,109.80000305175781,78.0,,,27.0
278.0,2026-09-22T08:21:03+00:00,722.260009765625,1.8289999961853027,546.7468573459124,139.0,109.80000305175781,77.0,,,27.0
283.0,2026-09-22T08:21:08+00:00,730.22998046875,1.7359999418258667,576.0368856626997,135.0,109.4000015258789,77.0,,,27.0
286.0,2026-09-22T08:21:11+00:00,735.77001953125,1.809999942779541,552.4862053113338,133.0,109.80000305175781,77.0,,,27.0
289.0,2026-09-22T08:21:14+00:00,740.9199829101562,1.8380000591278076,544.0696234115103,130.0,109.5999984741211,77.0,,,27.0
291.0,2026-09-22T08:21:16+00:00,743.8599853515625,1.7910000085830688,558.3472893398474,127.0,109.5999984741211,77.0,,,27.0
293.0,2026-09-22T08:21:18+00:00,745.9199829101562,1.6419999599456787,609.0134131508032,124.0,109.5999984741211,77.0,,,27.0
295.0,2026-09-22T08:21:20+00:00,748.4600219726562,1.399999976158142,714.2857264499277,121.0,109.5999984741211,77.0,,,27.0
296.0,2026-09-22T08:21:21+00:00,749.9299926757812,1.399999976158142,714.2857264499277,117.0,109.4000015258789,77.0,,,27.0
300.0,2026-09-22T08:21:25+00:00,758.8099975585938,1.4930000305175781,669.7923506761953,113.0,109.4000015258789,77.0,,,27.0
302.0,2026-09-22T08:21:27+00:00,763.02001953125,1.5490000247955322,645.5777817899001,115.0,109.5999984741211,78.0,,,27.0
303.0,2026-09-22T08:21:28+00:00,764.6799926757812,1.5679999589920044,637.7551187200633,111.0,109.80000305175781,78.0,,,27.0
304.0,2026-09-22T08:21:29+00:00,766.4000244140625,1.5770000219345093,634.1154001845211,114.0,109.80000305175781,78.0,,,27.0
307.0,2026-09-22T08:21:32+00:00,771.760009765625,1.6050000190734863,623.0529520973258,117.0,109.80000305175781,78.0,,,27.0
309.0,2026-09-22T08:21:34+00:00,776.1799926757812,1.6419999599456787,609.0134131508032,118.0,109.5999984741211,78.0,,,27.0
315.0,2026-09-22T08:21:40+00:00,790.1199951171875,1.8940000534057617,527.9830896529361,119.0,109.0,78.0,,,26.0
316.0,2026-09-22T08:21:41+00:00,792.6099853515625,1.930999994277954,517.8663920058287,118.0,109.0,78.0,,,26.0
322.0,2026-09-22T08:21:47+00:00,808.010009765625,2.13700008392334,467.94569991971645,119.0,109.0,79.0,,,26.0
323.0,2026-09-22T08:21:48+00:00,810.780029296875,2.2209999561309814,450.2476450931663,119.0,109.0,79.0,,,26.0
329.0,2026-09-22T08:21:54+00:00,825.3200073242188,2.4170000553131104,413.736026940411,116.0,109.80000305175781,78.0,,,26.0
330.0,2026-09-22T08:21:55+00:00,827.5399780273438,2.4170000553131104,413.736026940411,117.0,110.0,78.0,,,26.0
336.0,2026-09-22T08:22:01+00:00,839.5900268554688,2.305000066757202,433.8394668278052,115.0,110.0,58.0,,,26.0
337.0,2026-09-22T08:22:02+00:00,840.4099731445312,1.996999979019165,500.75113195101494,114.0,110.0,51.0,,,26.0
338.0,2026-09-22T08:22:03+00:00,841.4600219726562,1.3530000448226929,739.0982755887842,113.0,110.0,49.0,,,26.0
344.0,2026-09-22T08:22:09+00:00,851.239990234375,1.371999979019165,728.8629849068178,112.0,109.5999984741211,52.0,,,26.0
346.0,2026-09-22T08:22:11+00:00,855.1300048828125,1.437000036239624,695.8942065282224,109.0,109.5999984741211,50.0,,,26.0
349.0,2026-09-22T08:22:14+00:00,858.260009765625,1.3899999856948853,719.4244678355752,106.0,109.19999694824219,49.0,,,26.0
351.0,2026-09-22T08:22:16+00:00,860.010009765625,1.2879999876022339,776.3975230012383,105.0,109.19999694824219,50.0,,,26.0
355.0,2026-09-22T08:22:20+00:00,861.260009765625,0.9419999718666077,1061.5711569698492,103.0,109.5999984741211,49.0,,,26.0
358.0,2026-09-22T08:22:23+00:00,861.9600219726562,0.625,1600.0,100.0,109.80000305175781,47.0,,,26.0
359.0,2026-09-22T08:22:24+00:00,861.989990234375,0.5130000114440918,1949.3176953057102,99.0,109.80000305175781,47.0,,,26.0
360.0,2026-09-22T08:22:25+00:00,862.2999877929688,0.0,,99.0,109.80000305175781,0.0,,,26.0
362.0,2026-09-22T08:22:27+00:00,862.5599975585938,0.2709999978542328,,102.0,109.80000305175781,44.0,,,26.0
364.0,2026-09-22T08:22:29+00:00,862.969970703125,0.289000004529953,,106.0,109.80000305175781,44.0,,,26.0
365.0,2026-09-22T08:22:30+00:00,863.1900024414062,0.2240000069141388,,106.0,109.5999984741211,45.0,,,26.0
370.0,2026-09-22T08:22:35+00:00,865.010009765625,0.37299999594688416,2680.965176585154,107.0,109.4000015258789,33.0,,,26.0
373.0,2026-09-22T08:22:38+00:00,865.9099731445312,0.46700000762939453,2141.3275881433983,104.0,109.4000015258789,34.0,,,26.0
375.0,2026-09-22T08:22:40+00:00,866.3900146484375,0.4950000047683716,2020.202000741265,101.0,109.4000015258789,32.0,,,26.0
381.0,2026-09-22T08:22:46+00:00,869.0900268554688,0.0,,102.0,109.19999694824219,0.0,,,26.0
383.0,2026-09-22T08:22:48+00:00,869.3099975585938,0.0,,105.0,109.19999694824219,75.0,,,26.0
388.0,2026-09-22T08:22:53+00:00,869.5599975585938,0.0,,101.0,109.19999694824219,0.0,,,26.0
394.0,2026-09-22T08:22:59+00:00,871.0499877929688,0.0,,101.0,109.0,28.0,,,26.0
395.0,2026-09-22T08:23:00+00:00,872.1699829101562,0.0,,101.0,109.0,28.0,,,26.0
397.0,2026-09-22T08:23:02+00:00,873.75,0.0,,103.0,109.0,46.0,,,26.0
399.0,2026-09-22T08:23:04+00:00,875.1300048828125,0.0,,102.0,109.0,52.0,,,27.0
401.0,2026-09-22T08:23:06+00:00,875.8099975585938,0.0,,100.0,109.0,73.0,,,27.0
404.0,2026-09-22T08:23:09+00:00,876.0800170898438,0.3449999988079071,2898.5507346531645,97.0,109.0,73.0,,,27.0
408.0,2026-09-22T08:23:13+00:00,876.6599731445312,0.5320000052452087,1879.6992295875662,97.0,109.19999694824219,74.0,,,27.0
414.0,2026-09-22T08:23:19+00:00,878.9199829101562,0.6899999976158142,1449.2753673265822,99.0,108.5999984741211,0.0,,,27.0
415.0,2026-09-22T08:23:20+00:00,879.5900268554688,0.36399999260902405,2747.252803035383,100.0,108.5999984741211,0.0,,,27.0
419.0,2026-09-22T08:23:24+00:00,880.8300170898438,0.0,,104.0,108.5999984741211,0.0,,,27.0
421.0,2026-09-22T08:23:26+00:00,881.8400268554688,0.0,,104.0,108.80000305175781,32.0,,,27.0
424.0,2026-09-22T08:23:29+00:00,885.1599731445312,0.0,,101.0,109.0,41.0,,,27.0
430.0,2026-09-22T08:23:35+00:00,891.510009765625,0.625,1600.0,100.0,108.80000305175781,0.0,,,27.0
434.0,2026-09-22T08:23:39+00:00,893.3699951171875,0.0,,100.0,109.4000015258789,31.0,,,27.0
437.0,2026-09-22T08:23:42+00:00,895.239990234375,0.0,,100.0,109.4000015258789,0.0,,,27.0
442.0,2026-09-22T08:23:47+00:00,897.6500244140625,0.0,,102.0,108.80000305175781,28.0,,,27.0
445.0,2026-09-22T08:23:50+00:00,900.0999755859375,0.0,,97.0,108.80000305175781,40.0,,,27.0
448.0,2026-09-22T08:23:53+00:00,901.02001953125,0.0,,95.0,108.80000305175781,43.0,,,27.0
452.0,2026-09-22T08:23:57+00:00,901.5,0.0,,98.0,108.80000305175781,35.0,,,27.0
455.0,2026-09-22T08:24:00+00:00,901.77001953125,0.0,,99.0,108.80000305175781,42.0,,,27.0
460.0,2026-09-22T08:24:05+00:00,901.9299926757812,0.25200000405311584,,96.0,108.4000015258789,105.0,,,27.0
461.0,2026-09-22T08:24:06+00:00,902.1400146484375,0.0,,95.0,108.4000015258789,105.0,,,27.0
463.0,2026-09-22T08:24:08+00:00,902.239990234375,0.0,,95.0,108.19999694824219,0.0,,,27.0
465.0,2026-09-22T08:24:10+00:00,902.4400024414062,0.0,,100.0,108.4000015258789,0.0,,,27.0
468.0,2026-09-22T08:24:13+00:00,902.7100219726562,0.0,,103.0,108.19999694824219,50.0,,,27.0
471.0,2026-09-22T08:24:16+00:00,902.8900146484375,0.0,,100.0,108.19999694824219,77.0,,,27.0
474.0,2026-09-22T08:24:19+00:00,902.9400024414062,0.0,,97.0,108.19999694824219,37.0,,,27.0
476.0,2026-09-22T08:24:21+00:00,903.9500122070312,0.0,,97.0,108.4000015258789,26.0,,,27.0
479.0,2026-09-22T08:24:24+00:00,905.0700073242188,0.0,,96.0,108.4000015258789,67.0,,,27.0
482.0,2026-09-22T08:24:27+00:00,905.3300170898438,0.31700000166893005,3154.5741158840265,99.0,108.4000015258789,72.0,,,27.0
487.0,2026-09-22T08:24:32+00:00,906.6199951171875,0.7459999918937683,1340.482588292577,96.0,108.5999984741211,73.0,,,27.0
488.0,2026-09-22T08:24:33+00:00,907.030029296875,0.9610000252723694,1040.5826989615084,94.0,108.5999984741211,73.0,,,27.0
490.0,2026-09-22T08:24:35+00:00,908.3800048828125,0.8579999804496765,1165.501192058188,92.0,108.5999984741211,72.0,,,27.0
492.0,2026-09-22T08:24:37+00:00,909.3599853515625,0.8960000276565552,1116.0713941219976,94.0,108.5999984741211,61.0,,,27.0
495.0,2026-09-22T08:24:40+00:00,909.8900146484375,0.7089999914169312,1410.4372526176023,97.0,108.5999984741211,0.0,,,27.0
501.0,2026-09-22T08:24:46+00:00,910.6500244140625,0.0,,97.0,108.0,0.0,,,27.0
502.0,2026-09-22T08:24:47+00:00,911.219970703125,0.0,,97.0,107.80000305175781,0.0,,,27.0
507.0,2026-09-22T08:24:52+00:00,912.9000244140625,0.0,,94.0,107.80000305175781,40.0,,,27.0
508.0,2026-09-22T08:24:53+00:00,913.4600219726562,0.0,,91.0,107.80000305175781,42.0,,,27.0
509.0,2026-09-22T08:24:54+00:00,914.3099975585938,0.0,,88.0,107.80000305175781,61.0,,,27.0
515.0,2026-09-22T08:25:00+00:00,918.6500244140625,0.9049999713897705,1104.9724106226677,88.0,107.5999984741211,72.0,,,27.0
517.0,2026-09-22T08:25:02+00:00,919.0800170898438,1.222000002861023,818.3306036487212,86.0,109.5999984741211,73.0,,,27.0
519.0,2026-09-22T08:25:04+00:00,920.4400024414062,0.8019999861717224,1246.8828145165107,89.0,109.5999984741211,69.0,,,27.0
520.0,2026-09-22T08:25:05+00:00,920.7899780273438,0.0,,90.0,109.5999984741211,69.0,,,27.0
521.0,2026-09-22T08:25:06+00:00,921.7100219726562,0.0,,91.0,108.4000015258789,0.0,,,27.0
523.0,2026-09-22T08:25:08+00:00,923.3400268554688,0.0,,92.0,108.4000015258789,0.0,,,27.0
526.0,2026-09-22T08:25:11+00:00,924.4400024414062,0.0,,93.0,108.4000015258789,0.0,,,27.0
529.0,2026-09-22T08:25:14+00:00,926.1699829101562,0.0,,96.0,108.4000015258789,0.0,,,27.0
532.0,2026-09-22T08:25:17+00:00,929.6400146484375,0.0,,98.0,108.4000015258789,74.0,,,27.0
537.0,2026-09-22T08:25:22+00:00,932.1799926757812,0.0,,100.0,108.0,42.0,,,27.0
542.0,2026-09-22T08:25:27+00:00,933.9099731445312,0.7369999885559082,1356.8521241898782,98.0,108.5999984741211,0.0,,,27.0
548.0,2026-09-22T08:25:33+00:00,937.5499877929688,0.0,,98.0,109.0,41.0,,,27.0
549.0,2026-09-22T08:25:34+00:00,937.5499877929688,0.8299999833106995,1204.8193013344476,98.0,109.19999694824219,41.0,,,27.0
552.0,2026-09-22T08:25:37+00:00,938.760009765625,0.0,,93.0,109.4000015258789,45.0,,,27.0
554.0,2026-09-22T08:25:39+00:00,942.3699951171875,0.5690000057220459,1757.4692266145526,92.0,109.4000015258789,52.0,,,27.0
555.0,2026-09-22T08:25:40+00:00,943.72998046875,1.2130000591278076,824.4022681408915,93.0,109.5999984741211,53.0,,,27.0
557.0,2026-09-22T08:25:42+00:00,946.7100219726562,1.6139999628067017,619.5787007708645,96.0,109.5999984741211,53.0,,,27.0
560.0,2026-09-22T08:25:45+00:00,950.0900268554688,1.4459999799728394,691.5629418050083,98.0,110.0,53.0,,,27.0
561.0,2026-09-22T08:25:46+00:00,950.9000244140625,1.1480000019073486,871.0801379255631,97.0,109.80000305175781,0.0,,,27.0
562.0,2026-09-22T08:25:47+00:00,951.1500244140625,1.0640000104904175,939.8496147937831,96.0,109.80000305175781,0.0,,,27.0
565.0,2026-09-22T08:25:50+00:00,953.9500122070312,0.0,,96.0,110.19999694824219,51.0,,,27.0
567.0,2026-09-22T08:25:52+00:00,955.760009765625,0.2240000069141388,,96.0,110.4000015258789,52.0,,,27.0
572.0,2026-09-22T08:25:57+00:00,961.8599853515625,1.371999979019165,728.8629849068178,97.0,108.5999984741211,75.0,,,27.0
574.0,2026-09-22T08:25:59+00:00,965.0599975585938,1.6050000190734863,623.0529520973258,98.0,108.5999984741211,75.0,,,27.0
576.0,2026-09-22T08:26:01+00:00,968.5900268554688,1.8569999933242798,538.5029637021514,101.0,109.4000015258789,75.0,,,27.0
580.0,2026-09-22T08:26:05+00:00,977.8900146484375,2.0429999828338623,489.47626451415414,101.0,109.4000015258789,76.0,,,27.0
582.0,2026-09-22T08:26:07+00:00,981.8300170898438,2.071000099182129,482.85849932837573,100.0,110.0,77.0,,,27.0
588.0,2026-09-22T08:26:13+00:00,990.6799926757812,1.8940000534057617,527.9830896529361,101.0,110.5999984741211,74.0,,,27.0
594.0,2026-09-22T08:26:19+00:00,1007.25,2.865000009536743,349.04013845420377,104.0,110.5999984741211,75.0,,,27.0
596.0,2026-09-22T08:26:21+00:00,1012.530029296875,2.809000015258789,355.9985740718736,107.0,110.4000015258789,76.0,,,27.0
598.0,2026-09-22T08:26:23+00:00,1019.02001953125,3.0320000648498535,329.8152963758332,110.0,110.0,76.0,,,27.0
599.0,2026-09-22T08:26:24+00:00,1022.4199829101562,3.1070001125335693,321.8538666818911,111.0,110.4000015258789,77.0,,,27.0
600.0,2026-09-22T08:26:25+00:00,1026.1300048828125,3.2100000381469727,311.5264760486629,112.0,110.5999984741211,77.0,,,27.0
602.0,2026-09-22T08:26:27+00:00,1034.18994140625,3.4059998989105225,293.599538954734,115.0,110.5999984741211,78.0,,,27.0
603.0,2026-09-22T08:26:28+00:00,1038.6800537109375,3.5739998817443848,279.79855430547013,117.0,109.4000015258789,79.0,,,27.0
605.0,2026-09-22T08:26:30+00:00,1047.4100341796875,3.750999927520752,266.5955796647953,120.0,108.4000015258789,80.0,,,27.0
607.0,2026-09-22T08:26:32+00:00,1055.8699951171875,3.881999969482422,257.599177707703,123.0,109.4000015258789,81.0,,,27.0
609.0,2026-09-22T08:26:34+00:00,1064.81005859375,3.947000026702881,253.3569782707471,126.0,109.4000015258789,81.0,,,27.0
610.0,2026-09-22T08:26:35+00:00,1069.1199951171875,3.9749999046325684,251.57233307969994,127.0,109.4000015258789,82.0,,,27.0
614.0,2026-09-22T08:26:39+00:00,1086.530029296875,4.086999893188477,244.67825449827677,131.0,109.5999984741211,83.0,,,27.0
616.0,2026-09-22T08:26:41+00:00,1094.3299560546875,4.050000190734863,246.91356861851216,132.0,109.5999984741211,83.0,,,27.0
622.0,2026-09-22T08:26:47+00:00,1114.8499755859375,3.9000000953674316,256.41025014020846,133.0,109.4000015258789,80.0,,,27.0
623.0,2026-09-22T08:26:48+00:00,1117.6300048828125,3.815999984741211,262.0545083853864,132.0,109.19999694824219,80.0,,,27.0
629.0,2026-09-22T08:26:54+00:00,1129.1700439453125,1.875,533.3333333333334,130.0,109.4000015258789,76.0,,,27.0
630.0,2026-09-22T08:26:55+00:00,1130.4599609375,1.847000002861023,541.4185156746016,129.0,109.4000015258789,72.0,,,27.0
634.0,2026-09-22T08:26:59+00:00,1134.5400390625,1.305999994277954,765.6967874282941,127.0,109.19999694824219,53.0,,,27.0
637.0,2026-09-22T08:27:02+00:00,1138.72998046875,1.437000036239624,695.8942065282224,124.0,109.19999694824219,54.0,,,27.0
640.0,2026-09-22T08:27:05+00:00,1143.52001953125,1.5959999561309814,626.5664332624401,120.0,109.5999984741211,54.0,,,27.0
643.0,2026-09-22T08:27:08+00:00,1147.719970703125,1.5679999589920044,637.7551187200633,117.0,109.5999984741211,54.0,,,27.0
644.0,2026-09-22T08:27:09+00:00,1148.719970703125,1.5579999685287476,641.8485367135927,117.0,109.4000015258789,54.0,,,27.0
650.0,2026-09-22T08:27:15+00:00,1156.6800537109375,1.4739999771118164,678.4260620949391,116.0,109.19999694824219,54.0,,,27.0
652.0,2026-09-22T08:27:17+00:00,1158.969970703125,1.2599999904632568,793.6507996578126,112.0,109.0,54.0,,,27.0
653.0,2026-09-22T08:27:18+00:00,1159.97998046875,1.2599999904632568,793.6507996578126,113.0,109.0,54.0,,,27.0
658.0,2026-09-22T08:27:23+00:00,1166.8800048828125,1.6419999599456787,609.0134131508032,109.0,108.80000305175781,53.0,,,27.0
659.0,2026-09-22T08:27:24+00:00,1169.280029296875,1.6419999599456787,609.0134131508032,110.0,108.80000305175781,53.0,,,27.0
661.0,2026-09-22T08:27:26+00:00,1175.6500244140625,2.4070000648498535,415.4549119475737,113.0,108.80000305175781,76.0,,,27.0
662.0,2026-09-22T08:27:27+00:00,1179.550048828125,3.246999979019165,307.97659576889623,116.0,109.19999694824219,78.0,,,27.0
663.0,2026-09-22T08:27:28+00:00,1183.81005859375,3.7039999961853027,269.9784020059087,117.0,109.19999694824219,80.0,,,27.0
665.0,2026-09-22T08:27:30+00:00,1193.280029296875,3.99399995803833,250.37556597550747,120.0,109.19999694824219,81.0,,,27.0
668.0,2026-09-22T08:27:33+00:00,1208.489990234375,4.367000102996826,228.99014802261084,123.0,109.5999984741211,82.0,,,27.0
671.0,2026-09-22T08:27:36+00:00,1220.3599853515625,4.050000190734863,246.91356861851216,126.0,109.5999984741211,82.0,,,27.0
672.0,2026-09-22T08:27:37+00:00,1224.1300048828125,3.99399995803833,250.37556597550747,127.0,109.5999984741211,82.0,,,27.0
676.0,2026-09-22T08:27:41+00:00,1240.219970703125,4.01200008392334,249.252238056311,130.0,109.80000305175781,83.0,,,27.0
677.0,2026-09-22T08:27:42+00:00,1244.81005859375,4.0960001945495605,244.1406134039431,131.0,109.80000305175781,83.0,,,27.0
680.0,2026-09-22T08:27:45+00:00,1257.4200439453125,4.244999885559082,235.57126665700636,134.0,109.4000015258789,83.0,,,27.0
683.0,2026-09-22T08:27:48+00:00,1269.31005859375,4.208000183105469,237.64257521063328,136.0,109.4000015258789,83.0,,,27.0
688.0,2026-09-22T08:27:53+00:00,1289.1800537109375,4.1519999504089355,240.84778707704675,139.0,109.4000015258789,83.0,,,27.0
693.0,2026-09-22T08:27:58+00:00,1309.7099609375,4.198999881744385,238.15194764534533,140.0,109.4000015258789,84.0,,,27.0
694.0,2026-09-22T08:27:59+00:00,1313.9000244140625,4.208000183105469,237.64257521063328,140.0,109.4000015258789,84.0,,,27.0
699.0,2026-09-22T08:28:04+00:00,1335.800048828125,4.244999885559082,235.57126665700636,141.0,109.4000015258789,84.0,,,27.0
701.0,2026-09-22T08:28:06+00:00,1343.93994140625,4.255000114440918,235.01762000102653,142.0,109.80000305175781,84.0,,,27.0
706.0,2026-09-22T08:28:11+00:00,1362.699951171875,4.236000061035156,236.0717624153265,144.0,110.19999694824219,85.0,,,27.0
711.0,2026-09-22T08:28:16+00:00,1381.0,4.179999828338623,239.23445958548248,145.0,109.80000305175781,84.0,,,26.0
715.0,2026-09-22T08:28:20+00:00,1396.6500244140625,4.132999897003174,241.9550024003381,147.0,109.4000015258789,84.0,,,26.0
719.0,2026-09-22T08:28:24+00:00,1415.3900146484375,4.198999881744385,238.15194764534533,148.0,109.5999984741211,84.0,,,26.0
724.0,2026-09-22T08:28:29+00:00,1436.4000244140625,4.236000061035156,236.0717624153265,150.0,110.0,84.0,,,26.0
728.0,2026-09-22T08:28:33+00:00,1452.9200439453125,4.236000061035156,236.0717624153265,150.0,109.5999984741211,84.0,,,26.0
733.0,2026-09-22T08:28:38+00:00,1473.5699462890625,4.2270002365112305,236.57438941270405,151.0,109.5999984741211,84.0,,,26.0
734.0,2026-09-22T08:28:39+00:00,1477.1700439453125,4.2270002365112305,236.57438941270405,151.0,109.5999984741211,84.0,,,26.0
737.0,2026-09-22T08:28:42+00:00,1489.5400390625,4.2170000076293945,237.1354038868391,151.0,109.5999984741211,84.0,,,26.0
739.0,2026-09-22T08:28:44+00:00,1497.0699462890625,4.208000183105469,237.64257521063328,151.0,109.5999984741211,85.0,,,26.0
744.0,2026-09-22T08:28:49+00:00,1517.9000244140625,4.208000183105469,237.64257521063328,152.0,109.5999984741211,85.0,,,26.0
745.0,2026-09-22T08:28:50+00:00,1522.4200439453125,4.2170000076293945,237.1354038868391,152.0,109.5999984741211,85.0,,,26.0
750.0,2026-09-22T08:28:55+00:00,1543.6500244140625,4.236000061035156,236.0717624153265,154.0,109.0,85.0,,,26.0
752.0,2026-09-22T08:28:57+00:00,1551.489990234375,4.236000061035156,236.0717624153265,154.0,109.5999984741211,86.0,,,26.0
757.0,2026-09-22T08:29:02+00:00,1569.1500244140625,4.2170000076293945,237.1354038868391,155.0,108.80000305175781,86.0,,,26.0
762.0,2026-09-22T08:29:07+00:00,1584.1199951171875,4.124000072479248,242.48302192653077,156.0,109.19999694824219,86.0,,,26.0
766.0,2026-09-22T08:29:11+00:00,1601.1400146484375,4.0960001945495605,244.1406134039431,157.0,109.19999694824219,87.0,,,25.0
770.0,2026-09-22T08:29:15+00:00,1618.5999755859375,4.132999897003174,241.9550024003381,158.0,109.5999984741211,87.0,,,25.0
775.0,2026-09-22T08:29:20+00:00,1639.7900390625,4.114999771118164,243.01337925184652,158.0,109.80000305175781,87.0,,,25.0
780.0,2026-09-22T08:29:25+00:00,1662.699951171875,4.179999828338623,239.23445958548248,158.0,109.5999984741211,87.0,,,25.0
785.0,2026-09-22T08:29:30+00:00,1685.8499755859375,4.2829999923706055,233.48120517892136,158.0,109.4000015258789,87.0,,,25.0
790.0,2026-09-22T08:29:35+00:00,1707.780029296875,4.339000225067139,230.4678377804248,158.0,109.4000015258789,87.0,,,25.0
792.0,2026-09-22T08:29:37+00:00,1716.9599609375,4.3480000495910645,229.99079774482786,158.0,109.4000015258789,88.0,,,25.0
797.0,2026-09-22T08:29:42+00:00,1738.530029296875,4.385000228881836,228.0501591341986,157.0,108.5999984741211,87.0,,,25.0
800.0,2026-09-22T08:29:45+00:00,1750.6500244140625,4.367000102996826,228.99014802261084,158.0,109.80000305175781,87.0,,,25.0
801.0,2026-09-22T08:29:46+00:00,1754.3399658203125,4.35699987411499,229.51572845824873,158.0,109.4000015258789,88.0,,,25.0
803.0,2026-09-22T08:29:48+00:00,1761.449951171875,4.328999996185303,231.00023120378748,158.0,109.4000015258789,87.0,,,25.0
807.0,2026-09-22T08:29:52+00:00,1773.449951171875,4.2270002365112305,236.57438941270405,158.0,109.80000305175781,87.0,,,25.0
811.0,2026-09-22T08:29:56+00:00,1787.3299560546875,4.14300012588501,241.3709798732831,158.0,109.80000305175781,87.0,,,25.0
815.0,2026-09-22T08:30:00+00:00,1804.489990234375,4.086999893188477,244.67825449827677,157.0,109.80000305175781,87.0,,,25.0
820.0,2026-09-22T08:30:05+00:00,1828.7099609375,4.301000118255615,232.5040624285257,158.0,109.5999984741211,86.0,,,25.0
825.0,2026-09-22T08:30:10+00:00,1849.1500244140625,4.2729997634887695,234.02762821206701,159.0,109.5999984741211,87.0,,,25.0
830.0,2026-09-22T08:30:15+00:00,1868.8199462890625,4.2270002365112305,236.57438941270405,160.0,109.5999984741211,87.0,,,25.0
835.0,2026-09-22T08:30:20+00:00,1890.530029296875,4.255000114440918,235.01762000102653,160.0,109.5999984741211,87.0,,,24.0
836.0,2026-09-22T08:30:21+00:00,1894.8900146484375,4.2729997634887695,234.02762821206701,160.0,109.5999984741211,87.0,,,24.0
839.0,2026-09-22T08:30:24+00:00,1907.0400390625,4.2729997634887695,234.02762821206701,161.0,109.5999984741211,87.0,,,24.0
842.0,2026-09-22T08:30:27+00:00,1919.8699951171875,4.2729997634887695,234.02762821206701,160.0,109.80000305175781,87.0,,,24.0
847.0,2026-09-22T08:30:32+00:00,1940.43994140625,4.255000114440918,235.01762000102653,161.0,109.5999984741211,87.0,,,24.0
852.0,2026-09-22T08:30:37+00:00,1960.72998046875,4.255000114440918,235.01762000102653,162.0,109.5999984741211,88.0,,,24.0
856.0,2026-09-22T08:30:41+00:00,1970.1800537109375,2.8369998931884766,352.4850326575479,161.0,109.19999694824219,81.0,,,24.0
857.0,2026-09-22T08:30:42+00:00,1972.1600341796875,2.2769999504089355,439.1743617826632,161.0,109.0,80.0,,,24.0
860.0,2026-09-22T08:30:45+00:00,1976.3199462890625,1.7259999513626099,579.3742921084898,158.0,109.19999694824219,79.0,,,24.0
864.0,2026-09-22T08:30:49+00:00,1982.199951171875,1.6330000162124634,612.3698653227042,158.0,109.19999694824219,77.0,,,24.0
868.0,2026-09-22T08:30:53+00:00,1988.68994140625,1.6330000162124634,612.3698653227042,155.0,109.19999694824219,76.0,,,24.0
871.0,2026-09-22T08:30:56+00:00,1992.9100341796875,1.5959999561309814,626.5664332624401,153.0,108.80000305175781,76.0,,,24.0
874.0,2026-09-22T08:30:59+00:00,1997.6300048828125,1.6610000133514404,602.0469548234834,150.0,108.80000305175781,76.0,,,24.0
877.0,2026-09-22T08:31:02+00:00,2002.77001953125,1.6610000133514404,602.0469548234834,147.0,109.0,76.0,,,24.0
878.0,2026-09-22T08:31:03+00:00,2004.469970703125,1.6610000133514404,602.0469548234834,146.0,109.0,76.0,,,24.0
883.0,2026-09-22T08:31:08+00:00,2013.72998046875,1.7170000076293945,582.4111797067882,143.0,108.80000305175781,76.0,,,24.0
885.0,2026-09-22T08:31:10+00:00,2017.760009765625,1.7259999513626099,579.3742921084898,140.0,109.5999984741211,77.0,,,24.0
887.0,2026-09-22T08:31:12+00:00,2021.2900390625,1.7259999513626099,579.3742921084898,137.0,109.5999984741211,77.0,,,24.0
889.0,2026-09-22T08:31:14+00:00,2024.9599609375,1.7259999513626099,579.3742921084898,134.0,109.5999984741211,79.0,,,24.0
890.0,2026-09-22T08:31:15+00:00,2026.93994140625,1.7259999513626099,579.3742921084898,131.0,109.5999984741211,81.0,,,24.0
892.0,2026-09-22T08:31:17+00:00,2031.800048828125,1.7450000047683716,573.0659010128418,130.0,109.5999984741211,80.0,,,24.0
895.0,2026-09-22T08:31:20+00:00,2037.8499755859375,1.8009999990463257,555.2470852468211,127.0,110.0,79.0,,,24.0
899.0,2026-09-22T08:31:24+00:00,2047.4300537109375,1.8940000534057617,527.9830896529361,130.0,109.80000305175781,78.0,,,24.0
900.0,2026-09-22T08:31:25+00:00,2049.639892578125,1.940999984741211,515.198355415406,133.0,109.80000305175781,79.0,,,24.0
903.0,2026-09-22T08:31:28+00:00,2057.260009765625,2.444999933242798,408.9979661773251,136.0,109.5999984741211,79.0,,,24.0
905.0,2026-09-22T08:31:30+00:00,2062.97998046875,2.8269999027252197,353.73188341322646,136.0,109.5999984741211,78.0,,,24.0
911.0,2026-09-22T08:31:36+00:00,2082.18994140625,3.2100000381469727,311.5264760486629,137.0,109.4000015258789,79.0,,,24.0
916.0,2026-09-22T08:31:41+00:00,2097.800048828125,3.246999979019165,307.97659576889623,137.0,109.4000015258789,80.0,,,24.0
922.0,2026-09-22T08:31:47+00:00,2116.89990234375,3.25600004196167,307.12530316723263,138.0,109.4000015258789,80.0,,,24.0
924.0,2026-09-22T08:31:49+00:00,2123.739990234375,3.2939999103546143,303.5822790573013,138.0,109.19999694824219,81.0,,,24.0
930.0,2026-09-22T08:31:55+00:00,2143.280029296875,3.302999973297119,302.7550735950447,137.0,109.4000015258789,81.0,,,24.0
936.0,2026-09-22T08:32:01+00:00,2161.3701171875,3.302999973297119,302.7550735950447,138.0,109.4000015258789,81.0,,,24.0
939.0,2026-09-22T08:32:04+00:00,2168.330078125,3.2190001010894775,310.6554733134515,138.0,109.4000015258789,81.0,,,24.0
941.0,2026-09-22T08:32:06+00:00,2173.639892578125,3.190999984741211,313.3813866442559,139.0,109.4000015258789,81.0,,,24.0
945.0,2026-09-22T08:32:10+00:00,2186.070068359375,3.181999921798706,314.26776385171144,140.0,109.4000015258789,81.0,,,24.0
949.0,2026-09-22T08:32:14+00:00,2198.699951171875,3.171999931335449,315.25851880425114,140.0,109.4000015258789,81.0,,,24.0
950.0,2026-09-22T08:32:15+00:00,2202.43994140625,3.171999931335449,315.25851880425114,140.0,109.19999694824219,82.0,,,24.0
954.0,2026-09-22T08:32:19+00:00,2217.320068359375,3.2100000381469727,311.5264760486629,140.0,109.19999694824219,81.0,,,24.0
955.0,2026-09-22T08:32:20+00:00,2220.75,3.246999979019165,307.97659576889623,141.0,109.19999694824219,81.0,,,24.0
961.0,2026-09-22T08:32:26+00:00,2243.510009765625,3.3310000896453857,300.2101390235804,141.0,110.0,81.0,,,24.0
962.0,2026-09-22T08:32:27+00:00,2246.409912109375,3.3310000896453857,300.2101390235804,140.0,109.4000015258789,81.0,,,24.0
967.0,2026-09-22T08:32:32+00:00,2266.610107421875,3.368000030517578,296.91211132391965,140.0,110.19999694824219,81.0,,,24.0
968.0,2026-09-22T08:32:33+00:00,2270.14990234375,3.368000030517578,296.91211132391965,140.0,110.5999984741211,81.0,,,24.0
973.0,2026-09-22T08:32:38+00:00,2286.6298828125,3.378000020980835,296.03315387477124,139.0,109.5999984741211,81.0,,,24.0
979.0,2026-09-22T08:32:44+00:00,2301.68994140625,2.947999954223633,339.21303104746954,140.0,109.5999984741211,81.0,,,24.0
980.0,2026-09-22T08:32:45+00:00,2304.4599609375,2.882999897003174,346.86092116738604,140.0,109.5999984741211,81.0,,,24.0
981.0,2026-09-22T08:32:46+00:00,2307.360107421875,2.874000072479248,347.9471032641112,140.0,109.5999984741211,81.0,,,24.0
987.0,2026-09-22T08:32:52+00:00,2324.080078125,2.9210000038146973,342.348510336886,141.0,109.80000305175781,81.0,,,24.0
989.0,2026-09-22T08:32:54+00:00,2329.889892578125,2.930000066757202,341.29692055152645,140.0,109.80000305175781,81.0,,,24.0
995.0,2026-09-22T08:33:00+00:00,2349.919921875,3.0789999961853027,324.7807733806237,142.0,110.19999694824219,81.0,,,23.0
1000.0,2026-09-22T08:33:05+00:00,2368.010009765625,3.1630001068115234,316.1555378536027,143.0,109.5999984741211,81.0,,,23.0
1001.0,2026-09-22T08:33:06+00:00,2371.679931640625,3.200000047683716,312.4999953433872,144.0,109.5999984741211,81.0,,,23.0
1005.0,2026-09-22T08:33:10+00:00,2385.64990234375,3.3499999046325684,298.507471184445,147.0,108.80000305175781,82.0,,,23.0
1010.0,2026-09-22T08:33:15+00:00,2407.030029296875,3.630000114440918,275.48208497894694,149.0,109.5999984741211,83.0,,,23.0
1014.0,2026-09-22T08:33:19+00:00,2425.169921875,3.8259999752044678,261.3695782751693,151.0,109.5999984741211,83.0,,,23.0
1018.0,2026-09-22T08:33:23+00:00,2442.010009765625,3.871999979019165,258.26446420935025,152.0,109.5999984741211,84.0,,,23.0
1023.0,2026-09-22T08:33:28+00:00,2463.93994140625,4.031000137329102,248.07739169728472,153.0,109.0,85.0,,,23.0
1025.0,2026-09-22T08:33:30+00:00,2472.22998046875,4.059000015258789,246.36609909848525,154.0,108.5999984741211,85.0,,,23.0
1026.0,2026-09-22T08:33:31+00:00,2476.550048828125,4.050000190734863,246.91356861851216,155.0,109.80000305175781,85.0,,,23.0
1028.0,2026-09-22T08:33:33+00:00,2484.949951171875,4.059000015258789,246.36609909848525,154.0,109.4000015258789,84.0,,,23.0
1033.0,2026-09-22T08:33:38+00:00,2504.7900390625,4.050000190734863,246.91356861851216,156.0,109.4000015258789,85.0,,,23.0
1039.0,2026-09-22T08:33:44+00:00,2526.419921875,3.9839999675750732,251.00401810712523,155.0,109.19999694824219,85.0,,,23.0
1040.0,2026-09-22T08:33:45+00:00,2530.989990234375,3.9839999675750732,251.00401810712523,155.0,108.5999984741211,85.0,,,23.0
1045.0,2026-09-22T08:33:50+00:00,2552.1298828125,4.01200008392334,249.252238056311,155.0,109.4000015258789,86.0,,,23.0
1048.0,2026-09-22T08:33:53+00:00,2563.14990234375,4.01200008392334,249.252238056311,155.0,109.80000305175781,86.0,,,23.0
1050.0,2026-09-22T08:33:55+00:00,2571.169921875,4.021999835968018,248.63253127391522,154.0,109.4000015258789,86.0,,,23.0
1055.0,2026-09-22T08:34:00+00:00,2591.5,4.059000015258789,246.36609909848525,156.0,109.80000305175781,86.0,,,23.0
1060.0,2026-09-22T08:34:05+00:00,2609.2900390625,4.021999835968018,248.63253127391522,157.0,109.5999984741211,86.0,,,23.0
1064.0,2026-09-22T08:34:09+00:00,2623.929931640625,4.002999782562256,249.81265408910815,158.0,109.5999984741211,86.0,,,23.0
1068.0,2026-09-22T08:34:13+00:00,2641.580078125,4.021999835968018,248.63253127391522,159.0,109.5999984741211,86.0,,,23.0
1071.0,2026-09-22T08:34:16+00:00,2654.360107421875,4.039999961853027,247.52475481245546,160.0,109.5999984741211,86.0,,,23.0
1073.0,2026-09-22T08:34:18+00:00,2662.300048828125,4.039999961853027,247.52475481245546,160.0,109.5999984741211,86.0,,,23.0
1079.0,2026-09-22T08:34:24+00:00,2685.52001953125,4.039999961853027,247.52475481245546,160.0,109.5999984741211,86.0,,,23.0
1084.0,2026-09-22T08:34:29+00:00,2705.7099609375,4.039999961853027,247.52475481245546,160.0,109.5999984741211,86.0,,,23.0
1085.0,2026-09-22T08:34:30+00:00,2709.530029296875,4.039999961853027,247.52475481245546,161.0,109.5999984741211,86.0,,,23.0
1090.0,2026-09-22T08:34:35+00:00,2729.8701171875,4.039999961853027,247.52475481245546,161.0,109.80000305175781,86.0,,,23.0
1091.0,2026-09-22T08:34:36+00:00,2734.389892578125,4.050000190734863,246.91356861851216,161.0,109.80000305175781,86.0,,,23.0
1096.0,2026-09-22T08:34:41+00:00,2755.06005859375,4.067999839782715,245.82105196282734,161.0,109.0,86.0,,,23.0
1097.0,2026-09-22T08:34:42+00:00,2759.5400390625,4.078000068664551,245.21824010843542,162.0,109.5999984741211,86.0,,,23.0
1102.0,2026-09-22T08:34:47+00:00,2779.610107421875,4.0960001945495605,244.1406134039431,163.0,109.4000015258789,87.0,,,23.0
1107.0,2026-09-22T08:34:52+00:00,2797.219970703125,4.078000068664551,245.21824010843542,163.0,109.19999694824219,87.0,,,23.0
1110.0,2026-09-22T08:34:55+00:00,2807.72998046875,4.059000015258789,246.36609909848525,163.0,108.4000015258789,87.0,,,23.0
1112.0,2026-09-22T08:34:57+00:00,2815.81005859375,4.050000190734863,246.91356861851216,163.0,108.80000305175781,87.0,,,23.0
1114.0,2026-09-22T08:34:59+00:00,2824.409912109375,4.050000190734863,246.91356861851216,163.0,109.5999984741211,87.0,,,23.0
1117.0,2026-09-22T08:35:02+00:00,2835.8701171875,4.050000190734863,246.91356861851216,163.0,109.5999984741211,86.0,,,23.0
1122.0,2026-09-22T08:35:07+00:00,2855.7099609375,4.039999961853027,247.52475481245546,164.0,109.80000305175781,86.0,,,23.0
1127.0,2026-09-22T08:35:12+00:00,2876.919921875,4.039999961853027,247.52475481245546,164.0,109.80000305175781,85.0,,,23.0
1132.0,2026-09-22T08:35:17+00:00,2897.93994140625,4.050000190734863,246.91356861851216,165.0,110.5999984741211,85.0,,,23.0
1135.0,2026-09-22T08:35:20+00:00,2909.780029296875,4.059000015258789,246.36609909848525,165.0,109.4000015258789,86.0,,,23.0
1141.0,2026-09-22T08:35:26+00:00,2933.449951171875,4.039999961853027,247.52475481245546,164.0,109.0,86.0,,,22.0
1142.0,2026-09-22T08:35:27+00:00,2937.510009765625,4.039999961853027,247.52475481245546,164.0,109.0,86.0,,,22.0
1148.0,2026-09-22T08:35:33+00:00,2961.419921875,4.021999835968018,248.63253127391522,164.0,109.4000015258789,87.0,,,22.0
1149.0,2026-09-22T08:35:34+00:00,2964.5400390625,4.021999835968018,248.63253127391522,164.0,109.4000015258789,87.0,,,22.0
1150.0,2026-09-22T08:35:35+00:00,2968.699951171875,4.021999835968018,248.63253127391522,165.0,109.4000015258789,87.0,,,22.0
1155.0,2026-09-22T08:35:40+00:00,2985.550048828125,3.9839999675750732,251.00401810712523,164.0,109.4000015258789,87.0,,,22.0
1159.0,2026-09-22T08:35:44+00:00,3001.27001953125,3.9660000801086426,252.14321225445022,164.0,109.4000015258789,87.0,,,22.0
1164.0,2026-09-22T08:35:49+00:00,3021.679931640625,3.9749999046325684,251.57233307969994,165.0,109.4000015258789,87.0,,,22.0
1169.0,2026-09-22T08:35:54+00:00,3043.280029296875,3.9839999675750732,251.00401810712523,165.0,109.80000305175781,86.0,,,22.0
1173.0,2026-09-22T08:35:58+00:00,3062.1298828125,4.01200008392334,249.252238056311,164.0,110.0,86.0,,,22.0
1176.0,2026-09-22T08:36:01+00:00,3076.31005859375,4.067999839782715,245.82105196282734,164.0,110.0,86.0,,,22.0
1180.0,2026-09-22T08:36:05+00:00,3092.97998046875,4.105999946594238,243.54603336745285,165.0,109.5999984741211,86.0,,,22.0
1185.0,2026-09-22T08:36:10+00:00,3114.610107421875,4.198999881744385,238.15194764534533,165.0,109.5999984741211,86.0,,,22.0
1190.0,2026-09-22T08:36:15+00:00,3134.7099609375,4.198999881744385,238.15194764534533,165.0,109.80000305175781,87.0,,,22.0
1195.0,2026-09-22T08:36:20+00:00,3155.969970703125,4.2270002365112305,236.57438941270405,166.0,109.4000015258789,87.0,,,22.0
1198.0,2026-09-22T08:36:23+00:00,3168.570068359375,4.255000114440918,235.01762000102653,166.0,109.5999984741211,87.0,,,22.0
1199.0,2026-09-22T08:36:24+00:00,3172.530029296875,4.255000114440918,235.01762000102653,166.0,109.5999984741211,87.0,,,22.0
1203.0,2026-09-22T08:36:28+00:00,3184.7900390625,4.160999774932861,240.32685750773328,166.0,108.4000015258789,82.0,,,22.0
1209.0,2026-09-22T08:36:34+00:00,3192.530029296875,1.4279999732971191,700.2801251397036,165.0,109.19999694824219,76.0,,,22.0
1211.0,2026-09-22T08:36:36+00:00,3195.1201171875,1.4739999771118164,678.4260620949391,163.0,109.4000015258789,75.0,,,22.0
1215.0,2026-09-22T08:36:40+00:00,3200.8798828125,1.5859999656677246,630.5170376085023,159.0,109.4000015258789,76.0,,,22.0
1216.0,2026-09-22T08:36:41+00:00,3201.820068359375,1.6419999599456787,609.0134131508032,158.0,109.4000015258789,77.0,,,22.0
1222.0,2026-09-22T08:36:47+00:00,3211.75,1.7910000085830688,558.3472893398474,156.0,108.80000305175781,78.0,,,22.0
1225.0,2026-09-22T08:36:50+00:00,3217.60009765625,1.8849999904632568,530.5039814638092,153.0,108.80000305175781,78.0,,,22.0
1228.0,2026-09-22T08:36:53+00:00,3225.360107421875,1.9589999914169312,510.4645249521961,151.0,108.80000305175781,79.0,,,22.0
1233.0,2026-09-22T08:36:58+00:00,3236.3798828125,2.0429999828338623,489.47626451415414,148.0,109.5999984741211,79.0,,,22.0
1235.0,2026-09-22T08:37:00+00:00,3239.989990234375,2.0429999828338623,489.47626451415414,148.0,109.5999984741211,79.0,,,22.0
1241.0,2026-09-22T08:37:06+00:00,3254.219970703125,2.062000036239624,484.96604385306154,146.0,110.19999694824219,78.0,,,22.0
1247.0,2026-09-22T08:37:12+00:00,3270.72998046875,2.193000078201294,455.99633576858025,144.0,109.80000305175781,79.0,,,22.0
1253.0,2026-09-22T08:37:18+00:00,3285.469970703125,2.369999885559082,421.9409486444344,143.0,109.80000305175781,80.0,,,22.0
1256.0,2026-09-22T08:37:21+00:00,3293.320068359375,2.4539999961853027,407.49796314363545,142.0,110.0,80.0,,,22.0
1259.0,2026-09-22T08:37:24+00:00,3301.830078125,2.7709999084472656,360.8805604617835,141.0,110.5999984741211,80.0,,,22.0
1263.0,2026-09-22T08:37:28+00:00,3312.419921875,2.7339999675750732,365.76445203360845,141.0,109.4000015258789,80.0,,,22.0
1269.0,2026-09-22T08:37:34+00:00,3328.1298828125,2.7339999675750732,365.76445203360845,140.0,109.5999984741211,81.0,,,22.0
1270.0,2026-09-22T08:37:35+00:00,3330.760009765625,2.7339999675750732,365.76445203360845,139.0,109.5999984741211,81.0,,,22.0
1276.0,2026-09-22T08:37:41+00:00,3348.6201171875,2.7809998989105225,359.5828969255833,139.0,109.4000015258789,81.0,,,22.0
1277.0,2026-09-22T08:37:42+00:00,3351.659912109375,2.7809998989105225,359.5828969255833,138.0,109.4000015258789,81.0,,,22.0
1283.0,2026-09-22T08:37:48+00:00,3368.47998046875,2.809000015258789,355.9985740718736,138.0,109.80000305175781,81.0,,,22.0
1284.0,2026-09-22T08:37:49+00:00,3371.139892578125,2.809000015258789,355.9985740718736,138.0,109.80000305175781,81.0,,,22.0
1288.0,2026-09-22T08:37:53+00:00,3380.280029296875,2.7899999618530273,358.4229439687277,137.0,109.80000305175781,81.0,,,22.0
1293.0,2026-09-22T08:37:58+00:00,3392.389892578125,2.7149999141693115,368.3241368742226,138.0,109.4000015258789,81.0,,,22.0
1298.0,2026-09-22T08:38:03+00:00,3406.72998046875,2.697000026702881,370.7823470890038,138.0,109.4000015258789,81.0,,,22.0
1304.0,2026-09-22T08:38:09+00:00,3426.0400390625,2.7899999618530273,358.4229439687277,136.0,109.19999694824219,81.0,,,22.0
1309.0,2026-09-22T08:38:14+00:00,3443.699951171875,2.9860000610351562,334.89617533809763,136.0,109.5999984741211,81.0,,,22.0
1315.0,2026-09-22T08:38:20+00:00,3463.77001953125,3.2100000381469727,311.5264760486629,137.0,110.0,81.0,,,22.0
1320.0,2026-09-22T08:38:25+00:00,3478.3798828125,3.0789999961853027,324.7807733806237,136.0,110.0,81.0,,,22.0
1326.0,2026-09-22T08:38:31+00:00,3498.639892578125,3.200000047683716,312.4999953433872,138.0,109.5999984741211,81.0,,,22.0
1327.0,2026-09-22T08:38:32+00:00,3501.10009765625,3.200000047683716,312.4999953433872,138.0,109.5999984741211,81.0,,,22.0
1331.0,2026-09-22T08:38:36+00:00,3512.4599609375,3.1440000534057617,318.0661523579627,138.0,109.5999984741211,81.0,,,22.0
1336.0,2026-09-22T08:38:41+00:00,3524.510009765625,2.9019999504089355,344.58994386236463,136.0,109.5999984741211,79.0,,,22.0
1342.0,2026-09-22T08:38:47+00:00,3538.22998046875,2.5380001068115234,394.01101572698315,135.0,109.5999984741211,79.0,,,22.0
1343.0,2026-09-22T08:38:48+00:00,3540.340087890625,2.5290000438690186,395.41319994211585,135.0,109.80000305175781,79.0,,,22.0
1349.0,2026-09-22T08:38:54+00:00,3555.949951171875,2.697000026702881,370.7823470890038,135.0,110.0,80.0,,,22.0
1350.0,2026-09-22T08:38:55+00:00,3558.610107421875,2.7060000896453857,369.5491377943921,135.0,110.0,80.0,,,22.0
1354.0,2026-09-22T08:38:59+00:00,3569.139892578125,2.7339999675750732,365.76445203360845,134.0,109.80000305175781,80.0,,,22.0
1357.0,2026-09-22T08:39:02+00:00,3576.35009765625,2.7149999141693115,368.3241368742226,134.0,109.5999984741211,80.0,,,22.0
1363.0,2026-09-22T08:39:08+00:00,3595.10009765625,2.76200008392334,362.05646980992464,136.0,109.5999984741211,80.0,,,22.0
1367.0,2026-09-22T08:39:12+00:00,3608.570068359375,3.8259999752044678,261.3695782751693,140.0,109.19999694824219,82.0,,,22.0
1371.0,2026-09-22T08:39:16+00:00,3624.56005859375,4.039999961853027,247.52475481245546,143.0,109.19999694824219,84.0,,,22.0
1372.0,2026-09-22T08:39:17+00:00,3628.9599609375,4.124000072479248,242.48302192653077,144.0,108.80000305175781,84.0,,,22.0
1376.0,2026-09-22T08:39:21+00:00,3645.550048828125,4.067999839782715,245.82105196282734,147.0,109.5999984741211,84.0,,,22.0
1377.0,2026-09-22T08:39:22+00:00,3649.389892578125,4.039999961853027,247.52475481245546,148.0,109.5999984741211,84.0,,,22.0
1381.0,2026-09-22T08:39:26+00:00,3664.6201171875,3.9100000858306885,255.7544700891094,150.0,109.5999984741211,85.0,,,22.0
1385.0,2026-09-22T08:39:30+00:00,3681.010009765625,3.927999973297119,254.58248645572448,152.0,109.0,85.0,,,22.0
1390.0,2026-09-22T08:39:35+00:00,3701.909912109375,3.9560000896453857,252.7805807227976,153.0,109.80000305175781,85.0,,,22.0
1392.0,2026-09-22T08:39:37+00:00,3710.030029296875,3.9660000801086426,252.14321225445022,153.0,109.80000305175781,85.0,,,22.0
1393.0,2026-09-22T08:39:38+00:00,3714.18994140625,3.9660000801086426,252.14321225445022,154.0,110.5999984741211,85.0,,,22.0
1396.0,2026-09-22T08:39:41+00:00,3726.06005859375,3.9660000801086426,252.14321225445022,154.0,109.4000015258789,85.0,,,22.0
1399.0,2026-09-22T08:39:44+00:00,3737.780029296875,3.9660000801086426,252.14321225445022,154.0,109.5999984741211,85.0,,,22.0
1404.0,2026-09-22T08:39:49+00:00,3758.010009765625,3.99399995803833,250.37556597550747,155.0,109.4000015258789,85.0,,,22.0
1406.0,2026-09-22T08:39:51+00:00,3765.679931640625,3.9839999675750732,251.00401810712523,154.0,109.4000015258789,85.0,,,22.0
1412.0,2026-09-22T08:39:57+00:00,3787.260009765625,4.002999782562256,249.81265408910815,156.0,109.80000305175781,85.0,,,22.0
1416.0,2026-09-22T08:40:01+00:00,3801.60009765625,3.9749999046325684,251.57233307969994,158.0,109.4000015258789,85.0,,,22.0
1419.0,2026-09-22T08:40:04+00:00,3813.25,3.927999973297119,254.58248645572448,157.0,109.4000015258789,85.0,,,22.0
1423.0,2026-09-22T08:40:08+00:00,3832.0400390625,3.9749999046325684,251.57233307969994,158.0,109.19999694824219,86.0,,,22.0
1428.0,2026-09-22T08:40:13+00:00,3854.699951171875,4.050000190734863,246.91356861851216,159.0,109.5999984741211,86.0,,,22.0
1432.0,2026-09-22T08:40:17+00:00,3871.820068359375,4.0960001945495605,244.1406134039431,160.0,110.0,86.0,,,22.0
1437.0,2026-09-22T08:40:22+00:00,3891.699951171875,4.0960001945495605,244.1406134039431,161.0,109.5999984741211,86.0,,,22.0
1442.0,2026-09-22T08:40:27+00:00,3910.280029296875,4.086999893188477,244.67825449827677,162.0,109.5999984741211,86.0,,,22.0
1447.0,2026-09-22T08:40:32+00:00,3930.340087890625,4.105999946594238,243.54603336745285,163.0,109.5999984741211,86.0,,,22.0
1452.0,2026-09-22T08:40:37+00:00,3950.77001953125,4.0960001945495605,244.1406134039431,162.0,109.4000015258789,86.0,,,22.0
1453.0,2026-09-22T08:40:38+00:00,3954.909912109375,4.114999771118164,243.01337925184652,164.0,109.4000015258789,86.0,,,22.0
1459.0,2026-09-22T08:40:44+00:00,3978.639892578125,4.105999946594238,243.54603336745285,164.0,109.5999984741211,85.0,,,22.0
1464.0,2026-09-22T08:40:49+00:00,3997.85009765625,4.078000068664551,245.21824010843542,164.0,109.5999984741211,85.0,,,22.0
1469.0,2026-09-22T08:40:54+00:00,4017.0,4.059000015258789,246.36609909848525,164.0,109.19999694824219,85.0,,,22.0
1473.0,2026-09-22T08:40:58+00:00,4033.469970703125,4.067999839782715,245.82105196282734,164.0,108.80000305175781,85.0,,,22.0
1478.0,2026-09-22T08:41:03+00:00,4049.760009765625,4.021999835968018,248.63253127391522,164.0,109.5999984741211,86.0,,,22.0
1482.0,2026-09-22T08:41:07+00:00,4064.969970703125,3.9749999046325684,251.57233307969994,165.0,109.80000305175781,85.0,,,22.0
1487.0,2026-09-22T08:41:12+00:00,4086.7099609375,4.086999893188477,244.67825449827677,165.0,109.5999984741211,85.0,,,22.0
1492.0,2026-09-22T08:41:17+00:00,4107.66015625,3.9749999046325684,251.57233307969994,165.0,109.80000305175781,85.0,,,22.0
1494.0,2026-09-22T08:41:19+00:00,4116.25,3.9839999675750732,251.00401810712523,165.0,110.5999984741211,85.0,,,22.0
1496.0,2026-09-22T08:41:21+00:00,4124.8798828125,3.99399995803833,250.37556597550747,165.0,109.4000015258789,85.0,,,22.0
1499.0,2026-09-22T08:41:24+00:00,4138.1298828125,4.039999961853027,247.52475481245546,164.0,109.5999984741211,85.0,,,22.0
1505.0,2026-09-22T08:41:30+00:00,4159.83984375,3.9560000896453857,252.7805807227976,164.0,109.4000015258789,85.0,,,22.0
1511.0,2026-09-22T08:41:36+00:00,4182.72998046875,3.937999963760376,253.93601046280995,164.0,109.80000305175781,85.0,,,22.0
1512.0,2026-09-22T08:41:37+00:00,4186.9599609375,3.927999973297119,254.58248645572448,165.0,109.80000305175781,85.0,,,22.0
1516.0,2026-09-22T08:41:41+00:00,4200.240234375,3.8540000915527344,259.47067364939033,164.0,109.4000015258789,85.0,,,22.0
1521.0,2026-09-22T08:41:46+00:00,4219.14990234375,3.806999921798706,262.67402693497473,164.0,109.5999984741211,86.0,,,22.0
1524.0,2026-09-22T08:41:49+00:00,4231.990234375,3.7980000972747803,263.2964650837004,165.0,109.19999694824219,86.0,,,22.0
1527.0,2026-09-22T08:41:52+00:00,4246.81005859375,3.8540000915527344,259.47067364939033,165.0,109.5999984741211,86.0,,,22.0
1528.0,2026-09-22T08:41:53+00:00,4251.33984375,3.86299991607666,258.8661718159238,165.0,109.5999984741211,86.0,,,22.0
1533.0,2026-09-22T08:41:58+00:00,4273.3701171875,3.927999973297119,254.58248645572448,165.0,110.0,86.0,,,22.0
1537.0,2026-09-22T08:42:02+00:00,4290.5,4.002999782562256,249.81265408910815,165.0,109.80000305175781,86.0,,,22.0
1541.0,2026-09-22T08:42:06+00:00,4306.10009765625,4.01200008392334,249.252238056311,165.0,109.5999984741211,86.0,,,22.0
1546.0,2026-09-22T08:42:11+00:00,4326.580078125,4.059000015258789,246.36609909848525,165.0,109.5999984741211,87.0,,,22.0
1548.0,2026-09-22T08:42:13+00:00,4335.7900390625,4.132999897003174,241.9550024003381,166.0,109.5999984741211,87.0,,,22.0
1553.0,2026-09-22T08:42:18+00:00,4357.2998046875,4.208000183105469,237.64257521063328,166.0,109.80000305175781,86.0,,,22.0
1554.0,2026-09-22T08:42:19+00:00,4361.35986328125,4.208000183105469,237.64257521063328,166.0,110.0,86.0,,,22.0
1555.0,2026-09-22T08:42:20+00:00,4365.2998046875,4.198999881744385,238.15194764534533,166.0,110.5999984741211,85.0,,,22.0
1557.0,2026-09-22T08:42:22+00:00,4371.240234375,4.124000072479248,242.48302192653077,166.0,110.80000305175781,83.0,,,22.0
1559.0,2026-09-22T08:42:24+00:00,4375.330078125,2.509999990463257,398.4063760157368,166.0,109.5999984741211,79.0,,,22.0
1565.0,2026-09-22T08:42:30+00:00,4382.759765625,1.4559999704360962,686.8132007588457,163.0,109.5999984741211,76.0,,,22.0
1566.0,2026-09-22T08:42:31+00:00,4384.06982421875,1.4559999704360962,686.8132007588457,162.0,109.5999984741211,76.0,,,22.0
1572.0,2026-09-22T08:42:37+00:00,4392.16015625,1.5019999742507935,665.7789727984556,159.0,109.5999984741211,75.0,,,22.0
1573.0,2026-09-22T08:42:38+00:00,4393.56005859375,1.5019999742507935,665.7789727984556,158.0,109.5999984741211,75.0,,,22.0
1576.0,2026-09-22T08:42:41+00:00,4397.9501953125,1.5299999713897705,653.5947834637234,155.0,109.5999984741211,75.0,,,22.0
1579.0,2026-09-22T08:42:44+00:00,4402.490234375,1.5299999713897705,653.5947834637234,151.0,109.4000015258789,75.0,,,22.0
1580.0,2026-09-22T08:42:45+00:00,4403.830078125,1.5299999713897705,653.5947834637234,148.0,108.80000305175781,75.0,,,22.0
1581.0,2026-09-22T08:42:46+00:00,4405.14013671875,1.5210000276565552,657.4621839690078,146.0,108.80000305175781,75.0,,,22.0
1583.0,2026-09-22T08:42:48+00:00,4408.56982421875,1.5299999713897705,653.5947834637234,143.0,109.19999694824219,75.0,,,22.0
1586.0,2026-09-22T08:42:51+00:00,4414.169921875,1.5490000247955322,645.5777817899001,140.0,109.19999694824219,76.0,,,22.0
1589.0,2026-09-22T08:42:54+00:00,4419.56982421875,1.6050000190734863,623.0529520973258,137.0,109.19999694824219,76.0,,,22.0
1593.0,2026-09-22T08:42:58+00:00,4429.5498046875,1.6419999599456787,609.0134131508032,140.0,109.19999694824219,77.0,,,22.0
1596.0,2026-09-22T08:43:01+00:00,4436.60009765625,1.7730000019073486,564.0157918354345,141.0,108.80000305175781,78.0,,,22.0
1602.0,2026-09-22T08:43:07+00:00,4447.419921875,1.8380000591278076,544.0696234115103,138.0,109.5999984741211,78.0,,,22.0
1608.0,2026-09-22T08:43:13+00:00,4457.4501953125,1.809999942779541,552.4862053113338,136.0,109.5999984741211,78.0,,,22.0
1609.0,2026-09-22T08:43:14+00:00,4458.919921875,1.809999942779541,552.4862053113338,136.0,109.5999984741211,78.0,,,22.0
1614.0,2026-09-22T08:43:19+00:00,4471.60986328125,1.875,533.3333333333334,134.0,109.5999984741211,79.0,,,22.0
1620.0,2026-09-22T08:43:25+00:00,4485.240234375,2.0899999141693115,478.46891917096497,132.0,109.5999984741211,79.0,,,23.0
1625.0,2026-09-22T08:43:30+00:00,4496.0,2.1740000247955322,459.9815954896557,132.0,109.4000015258789,80.0,,,23.0
1630.0,2026-09-22T08:43:35+00:00,4507.39013671875,2.313999891281128,432.1521378492191,133.0,109.80000305175781,79.0,,,23.0
1636.0,2026-09-22T08:43:41+00:00,4523.56982421875,2.444999933242798,408.9979661773251,133.0,110.5999984741211,79.0,,,23.0
1637.0,2026-09-22T08:43:42+00:00,4526.52001953125,2.4539999961853027,407.49796314363545,132.0,110.5999984741211,79.0,,,23.0
1640.0,2026-09-22T08:43:45+00:00,4535.8701171875,2.5290000438690186,395.41319994211585,132.0,109.4000015258789,80.0,,,23.0
1644.0,2026-09-22T08:43:49+00:00,4546.06982421875,2.6029999256134033,384.1721200834639,132.0,109.5999984741211,80.0,,,23.0
1650.0,2026-09-22T08:43:55+00:00,4562.3798828125,2.6689999103546143,374.67217444272444,132.0,109.5999984741211,80.0,,,23.0
1652.0,2026-09-22T08:43:57+00:00,4567.85986328125,2.6689999103546143,374.67217444272444,133.0,109.4000015258789,80.0,,,23.0
1658.0,2026-09-22T08:44:03+00:00,4585.91015625,2.7249999046325684,366.9724899072381,133.0,109.4000015258789,81.0,,,23.0
1660.0,2026-09-22T08:44:05+00:00,4592.16015625,2.76200008392334,362.05646980992464,133.0,109.80000305175781,81.0,,,23.0
1665.0,2026-09-22T08:44:10+00:00,4604.77001953125,2.7709999084472656,360.8805604617835,133.0,109.4000015258789,81.0,,,23.0
1671.0,2026-09-22T08:44:16+00:00,4618.81982421875,2.677999973297119,373.41299849559476,132.0,109.4000015258789,81.0,,,23.0
1677.0,2026-09-22T08:44:22+00:00,4640.169921875,2.687000036239624,372.1622577271975,133.0,109.5999984741211,81.0,,,23.0
1682.0,2026-09-22T08:44:27+00:00,4665.14990234375,2.7339999675750732,365.76445203360845,134.0,109.5999984741211,81.0,,,23.0
1683.0,2026-09-22T08:44:28+00:00,4667.33984375,2.7339999675750732,365.76445203360845,134.0,109.5999984741211,81.0,,,23.0
1689.0,2026-09-22T08:44:34+00:00,4681.77978515625,2.6689999103546143,374.67217444272444,135.0,110.0,81.0,,,23.0
1690.0,2026-09-22T08:44:35+00:00,4683.93994140625,2.6589999198913574,376.08124487678,135.0,110.0,80.0,,,23.0
1696.0,2026-09-22T08:44:41+00:00,4699.009765625,2.697000026702881,370.7823470890038,135.0,109.80000305175781,81.0,,,23.0
1702.0,2026-09-22T08:44:47+00:00,4716.9599609375,2.9210000038146973,342.348510336886,136.0,109.5999984741211,82.0,,,23.0
1708.0,2026-09-22T08:44:53+00:00,4735.2099609375,2.9670000076293945,337.0407810679417,137.0,109.5999984741211,81.0,,,23.0
1710.0,2026-09-22T08:44:55+00:00,4741.31982421875,2.9760000705718994,336.0214974080392,136.0,109.5999984741211,81.0,,,23.0
1716.0,2026-09-22T08:45:01+00:00,4758.08984375,2.9860000610351562,334.89617533809763,138.0,109.80000305175781,81.0,,,23.0
1717.0,2026-09-22T08:45:02+00:00,4760.97021484375,2.9860000610351562,334.89617533809763,137.0,109.80000305175781,81.0,,,23.0
1720.0,2026-09-22T08:45:05+00:00,4769.89013671875,3.003999948501587,332.8894863992278,137.0,109.4000015258789,81.0,,,23.0
1724.0,2026-09-22T08:45:09+00:00,4782.9501953125,3.0320000648498535,329.8152963758332,139.0,109.0,80.0,,,23.0
1727.0,2026-09-22T08:45:12+00:00,4796.509765625,4.310999870300293,231.9647483381489,142.0,109.19999694824219,83.0,,,23.0
1729.0,2026-09-22T08:45:14+00:00,4805.52978515625,4.310999870300293,231.9647483381489,143.0,109.5999984741211,83.0,,,23.0
1730.0,2026-09-22T08:45:15+00:00,4809.14013671875,4.310999870300293,231.9647483381489,145.0,109.5999984741211,84.0,,,23.0
1734.0,2026-09-22T08:45:19+00:00,4823.169921875,3.8440001010894775,260.1456747403771,147.0,109.19999694824219,84.0,,,23.0
1737.0,2026-09-22T08:45:22+00:00,4834.14013671875,3.9100000858306885,255.7544700891094,150.0,109.19999694824219,84.0,,,23.0
1739.0,2026-09-22T08:45:24+00:00,4842.18017578125,3.937999963760376,253.93601046280995,151.0,108.80000305175781,85.0,,,23.0
1744.0,2026-09-22T08:45:29+00:00,4862.3701171875,4.01200008392334,249.252238056311,153.0,109.5999984741211,85.0,,,23.0
1749.0,2026-09-22T08:45:34+00:00,4880.27978515625,3.937999963760376,253.93601046280995,156.0,109.5999984741211,85.0,,,23.0
1750.0,2026-09-22T08:45:35+00:00,4884.56005859375,3.927999973297119,254.58248645572448,156.0,109.5999984741211,85.0,,,23.0
1755.0,2026-09-22T08:45:40+00:00,4906.72998046875,3.99399995803833,250.37556597550747,157.0,109.19999694824219,85.0,,,23.0
1760.0,2026-09-22T08:45:45+00:00,4927.6201171875,4.031000137329102,248.07739169728472,158.0,109.80000305175781,85.0,,,23.0
1761.0,2026-09-22T08:45:46+00:00,4931.5498046875,4.031000137329102,248.07739169728472,157.0,110.5999984741211,85.0,,,23.0
1764.0,2026-09-22T08:45:49+00:00,4944.259765625,4.039999961853027,247.52475481245546,157.0,109.4000015258789,85.0,,,23.0
1767.0,2026-09-22T08:45:52+00:00,4957.22998046875,4.067999839782715,245.82105196282734,158.0,109.5999984741211,85.0,,,23.0
1773.0,2026-09-22T08:45:58+00:00,4980.56005859375,4.067999839782715,245.82105196282734,159.0,109.4000015258789,85.0,,,23.0
1775.0,2026-09-22T08:46:00+00:00,4988.72021484375,4.067999839782715,245.82105196282734,160.0,109.4000015258789,85.0,,,23.0
1781.0,2026-09-22T08:46:06+00:00,5010.419921875,4.039999961853027,247.52475481245546,160.0,109.4000015258789,85.0,,,23.0
1786.0,2026-09-22T08:46:11+00:00,5023.33984375,3.9100000858306885,255.7544700891094,161.0,109.4000015258789,85.0,,,23.0
1789.0,2026-09-22T08:46:14+00:00,5032.85009765625,3.86299991607666,258.8661718159238,160.0,109.19999694824219,85.0,,,23.0
1790.0,2026-09-22T08:46:15+00:00,5035.22998046875,3.8540000915527344,259.47067364939033,160.0,109.19999694824219,85.0,,,23.0
1793.0,2026-09-22T08:46:18+00:00,5055.93017578125,3.815999984741211,262.0545083853864,161.0,109.80000305175781,84.0,,,23.0
1794.0,2026-09-22T08:46:19+00:00,5060.4599609375,4.236000061035156,236.0717624153265,161.0,109.5999984741211,84.0,,,23.0
1798.0,2026-09-22T08:46:23+00:00,5077.39013671875,4.2270002365112305,236.57438941270405,160.0,110.0,84.0,,,23.0
1803.0,2026-09-22T08:46:28+00:00,5094.2998046875,3.806999921798706,262.67402693497473,160.0,110.0,84.0,,,23.0
1809.0,2026-09-22T08:46:34+00:00,5116.47998046875,3.8350000381469727,260.7561903658255,160.0,109.5999984741211,84.0,,,23.0
1815.0,2026-09-22T08:46:40+00:00,5138.5498046875,3.8440001010894775,260.1456747403771,161.0,109.5999984741211,84.0,,,23.0
1821.0,2026-09-22T08:46:46+00:00,5161.419921875,3.8440001010894775,260.1456747403771,162.0,109.80000305175781,84.0,,,23.0
1826.0,2026-09-22T08:46:51+00:00,5179.8798828125,3.8440001010894775,260.1456747403771,162.0,110.19999694824219,85.0,,,23.0
1832.0,2026-09-22T08:46:57+00:00,5200.56005859375,3.806999921798706,262.67402693497473,163.0,109.5999984741211,85.0,,,23.0
1836.0,2026-09-22T08:47:01+00:00,5213.759765625,3.7880001068115234,263.99154482646804,163.0,109.5999984741211,85.0,,,23.0
1841.0,2026-09-22T08:47:06+00:00,5227.91015625,3.694999933242798,270.6359994768341,164.0,109.19999694824219,86.0,,,23.0
1846.0,2026-09-22T08:47:11+00:00,5247.72021484375,3.6670000553131104,272.7024774791322,165.0,108.80000305175781,86.0,,,23.0
1851.0,2026-09-22T08:47:16+00:00,5268.490234375,3.7230000495910645,268.6005873434894,165.0,109.5999984741211,86.0,,,23.0
1856.0,2026-09-22T08:47:21+00:00,5288.43017578125,3.759999990463257,265.9574474830766,165.0,108.5999984741211,85.0,,,23.0
1859.0,2026-09-22T08:47:24+00:00,5299.89013671875,3.7039999961853027,269.9784020059087,166.0,108.4000015258789,85.0,,,23.0
1860.0,2026-09-22T08:47:25+00:00,5304.009765625,3.7039999961853027,269.9784020059087,166.0,109.80000305175781,85.0,,,23.0
1863.0,2026-09-22T08:47:28+00:00,5316.5498046875,3.750999927520752,266.5955796647953,166.0,109.80000305175781,85.0,,,23.0
1868.0,2026-09-22T08:47:33+00:00,5337.33984375,3.806999921798706,262.67402693497473,166.0,109.4000015258789,85.0,,,23.0
1869.0,2026-09-22T08:47:34+00:00,5341.240234375,3.806999921798706,262.67402693497473,166.0,109.4000015258789,85.0,,,23.0
1875.0,2026-09-22T08:47:40+00:00,5365.2900390625,3.8350000381469727,260.7561903658255,166.0,109.5999984741211,85.0,,,23.0
1876.0,2026-09-22T08:47:41+00:00,5369.4599609375,3.8440001010894775,260.1456747403771,166.0,109.5999984741211,86.0,,,23.0
1881.0,2026-09-22T08:47:46+00:00,5390.8798828125,3.9000000953674316,256.41025014020846,166.0,109.80000305175781,87.0,,,23.0
1883.0,2026-09-22T08:47:48+00:00,5398.8701171875,3.937999963760376,253.93601046280995,164.0,109.80000305175781,86.0,,,23.0
1888.0,2026-09-22T08:47:53+00:00,5416.97021484375,3.9100000858306885,255.7544700891094,165.0,109.4000015258789,85.0,,,23.0
1892.0,2026-09-22T08:47:57+00:00,5429.16015625,3.86299991607666,258.8661718159238,165.0,109.19999694824219,85.0,,,23.0
1897.0,2026-09-22T08:48:02+00:00,5445.43017578125,3.806999921798706,262.67402693497473,164.0,109.5999984741211,86.0,,,23.0
1902.0,2026-09-22T08:48:07+00:00,5460.740234375,3.742000102996826,267.23676442422806,163.0,109.5999984741211,86.0,,,23.0
1907.0,2026-09-22T08:48:12+00:00,5482.580078125,3.8540000915527344,259.47067364939033,164.0,110.0,87.0,,,23.0
1912.0,2026-09-22T08:48:17+00:00,5506.27001953125,4.1519999504089355,240.84778707704675,165.0,109.80000305175781,87.0,,,23.0
1917.0,2026-09-22T08:48:22+00:00,5525.97021484375,4.0960001945495605,244.1406134039431,166.0,109.5999984741211,86.0,,,23.0
1923.0,2026-09-22T08:48:28+00:00,5549.60986328125,4.002999782562256,249.81265408910815,167.0,109.5999984741211,87.0,,,23.0
1924.0,2026-09-22T08:48:29+00:00,5553.83984375,4.031000137329102,248.07739169728472,166.0,109.80000305175781,87.0,,,23.0
1928.0,2026-09-22T08:48:33+00:00,5570.10009765625,4.050000190734863,246.91356861851216,166.0,109.80000305175781,86.0,,,23.0
1930.0,2026-09-22T08:48:35+00:00,5576.5400390625,3.871999979019165,258.26446420935025,166.0,109.80000305175781,85.0,,,23.0
1935.0,2026-09-22T08:48:40+00:00,5586.5498046875,1.7259999513626099,579.3742921084898,165.0,109.5999984741211,76.0,,,23.0
1939.0,2026-09-22T08:48:44+00:00,5591.990234375,1.4839999675750732,673.8544621628582,165.0,109.5999984741211,74.0,,,23.0
1942.0,2026-09-22T08:48:47+00:00,5595.93017578125,1.409000039100647,709.7231882536296,162.0,109.5999984741211,74.0,,,23.0
1944.0,2026-09-22T08:48:49+00:00,5598.5498046875,1.4179999828338623,705.2186263088012,160.0,109.5999984741211,73.0,,,23.0
1947.0,2026-09-22T08:48:52+00:00,5602.2900390625,1.371999979019165,728.8629849068178,157.0,109.5999984741211,73.0,,,23.0
1951.0,2026-09-22T08:48:56+00:00,5607.3798828125,1.371999979019165,728.8629849068178,154.0,108.80000305175781,74.0,,,23.0
1953.0,2026-09-22T08:48:58+00:00,5609.9599609375,1.3619999885559082,734.2143967712312,152.0,108.80000305175781,74.0,,,23.0
1957.0,2026-09-22T08:49:02+00:00,5615.990234375,1.371999979019165,728.8629849068178,149.0,109.19999694824219,75.0,,,23.0
1958.0,2026-09-22T08:49:03+00:00,5617.2998046875,1.38100004196167,724.1129396198493,149.0,109.19999694824219,75.0,,,23.0
1961.0,2026-09-22T08:49:06+00:00,5621.5400390625,1.38100004196167,724.1129396198493,147.0,109.19999694824219,75.0,,,23.0
1962.0,2026-09-22T08:49:07+00:00,5622.77978515625,1.38100004196167,724.1129396198493,147.0,109.19999694824219,75.0,,,23.0
1965.0,2026-09-22T08:49:10+00:00,5628.18994140625,1.399999976158142,714.2857264499277,144.0,109.19999694824219,76.0,,,23.0
1969.0,2026-09-22T08:49:14+00:00,5636.990234375,1.465000033378601,682.5938411030529,141.0,108.80000305175781,76.0,,,23.0
1972.0,2026-09-22T08:49:17+00:00,5647.66015625,1.5119999647140503,661.375676810363,138.0,108.80000305175781,77.0,,,23.0
1974.0,2026-09-22T08:49:19+00:00,5652.10009765625,1.6050000190734863,623.0529520973258,138.0,108.80000305175781,77.0,,,23.0
1978.0,2026-09-22T08:49:23+00:00,5658.669921875,1.6419999599456787,609.0134131508032,135.0,108.80000305175781,77.0,,,23.0
1981.0,2026-09-22T08:49:26+00:00,5662.68017578125,1.6330000162124634,612.3698653227042,135.0,109.5999984741211,78.0,,,23.0
1987.0,2026-09-22T08:49:32+00:00,5671.52001953125,1.6330000162124634,612.3698653227042,135.0,109.5999984741211,79.0,,,23.0
1991.0,2026-09-22T08:49:36+00:00,5680.7900390625,1.7730000019073486,564.0157918354345,133.0,109.80000305175781,79.0,,,23.0
1994.0,2026-09-22T08:49:39+00:00,5687.39990234375,1.8569999933242798,538.5029637021514,132.0,109.80000305175781,79.0,,,23.0
1996.0,2026-09-22T08:49:41+00:00,5692.52978515625,1.902999997138977,525.4860754090529,131.0,109.80000305175781,80.0,,,23.0
2001.0,2026-09-22T08:49:46+00:00,5704.52001953125,2.13700008392334,467.94569991971645,131.0,110.0,79.0,,,23.0
2006.0,2026-09-22T08:49:51+00:00,5716.39990234375,2.2109999656677246,452.2840413966261,131.0,110.0,80.0,,,24.0
2012.0,2026-09-22T08:49:57+00:00,5731.85009765625,2.3889999389648438,418.58519277874115,129.0,110.5999984741211,80.0,,,24.0
2014.0,2026-09-22T08:49:59+00:00,5737.18017578125,2.4260001182556152,412.20113407044573,129.0,109.4000015258789,81.0,,,24.0
2020.0,2026-09-22T08:50:05+00:00,5752.919921875,2.509999990463257,398.4063760157368,128.0,109.5999984741211,80.0,,,24.0
2021.0,2026-09-22T08:50:06+00:00,5755.47021484375,2.509999990463257,398.4063760157368,127.0,109.5999984741211,80.0,,,24.0
2027.0,2026-09-22T08:50:12+00:00,5770.990234375,2.5290000438690186,395.41319994211585,128.0,109.4000015258789,80.0,,,24.0
2029.0,2026-09-22T08:50:14+00:00,5775.91015625,2.5380001068115234,394.01101572698315,129.0,109.4000015258789,80.0,,,24.0
2035.0,2026-09-22T08:50:20+00:00,5791.2998046875,2.556999921798706,391.08331270364533,130.0,109.5999984741211,80.0,,,24.0
2037.0,2026-09-22T08:50:22+00:00,5796.14990234375,2.556999921798706,391.08331270364533,130.0,109.5999984741211,80.0,,,24.0
2043.0,2026-09-22T08:50:28+00:00,5813.56005859375,2.5850000381469727,386.8471896491106,130.0,109.4000015258789,80.0,,,24.0
2044.0,2026-09-22T08:50:29+00:00,5816.1201171875,2.5850000381469727,386.8471896491106,130.0,109.4000015258789,80.0,,,24.0
2050.0,2026-09-22T08:50:35+00:00,5830.7099609375,2.575000047683716,388.3495073716709,130.0,108.80000305175781,79.0,,,24.0
2051.0,2026-09-22T08:50:36+00:00,5833.1298828125,2.575000047683716,388.3495073716709,130.0,109.19999694824219,79.0,,,24.0
2057.0,2026-09-22T08:50:42+00:00,5848.0498046875,2.556999921798706,391.08331270364533,130.0,108.80000305175781,80.0,,,24.0
2063.0,2026-09-22T08:50:48+00:00,5867.4599609375,2.6029999256134033,384.1721200834639,129.0,109.5999984741211,80.0,,,24.0
2066.0,2026-09-22T08:50:51+00:00,5875.97021484375,2.6410000324249268,378.64444820995135,129.0,110.0,80.0,,,24.0
2069.0,2026-09-22T08:50:54+00:00,5885.990234375,2.7339999675750732,365.76445203360845,129.0,110.0,79.0,,,24.0
2075.0,2026-09-22T08:51:00+00:00,5906.68994140625,2.753000020980835,363.2400989389464,132.0,109.80000305175781,79.0,,,24.0
2081.0,2026-09-22T08:51:06+00:00,5920.18994140625,2.575000047683716,388.3495073716709,129.0,109.4000015258789,80.0,,,24.0
2082.0,2026-09-22T08:51:07+00:00,5922.75,2.565999984741211,389.71161572351025,128.0,109.4000015258789,80.0,,,24.0
2085.0,2026-09-22T08:51:10+00:00,5930.18994140625,2.63100004196167,380.0836123341151,125.0,109.5999984741211,80.0,,,24.0
2089.0,2026-09-22T08:51:14+00:00,5940.18017578125,2.6689999103546143,374.67217444272444,128.0,109.5999984741211,80.0,,,24.0
2094.0,2026-09-22T08:51:19+00:00,5953.64990234375,2.7339999675750732,365.76445203360845,131.0,109.5999984741211,80.0,,,24.0
2095.0,2026-09-22T08:51:20+00:00,5956.5,2.743000030517578,364.564341550995,131.0,109.5999984741211,80.0,,,24.0
2099.0,2026-09-22T08:51:24+00:00,5968.6201171875,2.7990000247955322,357.2704505685206,134.0,109.5999984741211,79.0,,,24.0
2100.0,2026-09-22T08:51:25+00:00,5972.10986328125,2.818000078201294,354.8615941268148,134.0,109.80000305175781,79.0,,,24.0
2102.0,2026-09-22T08:51:27+00:00,5979.16015625,2.865000009536743,349.04013845420377,135.0,109.80000305175781,80.0,,,24.0
2105.0,2026-09-22T08:51:30+00:00,5990.85009765625,2.9579999446868896,338.06626730882243,138.0,110.0,82.0,,,24.0
2107.0,2026-09-22T08:51:32+00:00,5998.97021484375,3.7039999961853027,269.9784020059087,140.0,110.19999694824219,83.0,,,24.0
2110.0,2026-09-22T08:51:35+00:00,6010.31005859375,3.815999984741211,262.0545083853864,143.0,109.5999984741211,84.0,,,24.0
2112.0,2026-09-22T08:51:37+00:00,6017.77001953125,3.9189999103546143,255.16714030991497,145.0,109.5999984741211,84.0,,,24.0
2113.0,2026-09-22T08:51:38+00:00,6021.43994140625,3.9000000953674316,256.41025014020846,145.0,108.80000305175781,84.0,,,24.0
2116.0,2026-09-22T08:51:41+00:00,6032.1201171875,3.9000000953674316,256.41025014020846,148.0,109.5999984741211,85.0,,,24.0
2117.0,2026-09-22T08:51:42+00:00,6035.85986328125,3.86299991607666,258.8661718159238,149.0,109.19999694824219,85.0,,,24.0
2122.0,2026-09-22T08:51:47+00:00,6052.85986328125,3.7980000972747803,263.2964650837004,152.0,108.80000305175781,85.0,,,24.0
2126.0,2026-09-22T08:51:51+00:00,6068.759765625,3.8259999752044678,261.3695782751693,153.0,108.80000305175781,85.0,,,24.0
2131.0,2026-09-22T08:51:56+00:00,6087.68017578125,3.8350000381469727,260.7561903658255,153.0,109.5999984741211,85.0,,,24.0
2133.0,2026-09-22T08:51:58+00:00,6096.35986328125,3.8540000915527344,259.47067364939033,154.0,110.0,85.0,,,24.0
2136.0,2026-09-22T08:52:01+00:00,6110.10986328125,3.881999969482422,257.599177707703,155.0,110.19999694824219,85.0,,,24.0
2141.0,2026-09-22T08:52:06+00:00,6130.97998046875,3.9560000896453857,252.7805807227976,156.0,110.4000015258789,86.0,,,24.0
2146.0,2026-09-22T08:52:11+00:00,6150.7900390625,3.99399995803833,250.37556597550747,158.0,109.4000015258789,86.0,,,24.0
2151.0,2026-09-22T08:52:16+00:00,6172.68017578125,4.105999946594238,243.54603336745285,159.0,109.5999984741211,86.0,,,24.0
2153.0,2026-09-22T08:52:18+00:00,6180.58984375,4.105999946594238,243.54603336745285,160.0,109.5999984741211,86.0,,,24.0
2159.0,2026-09-22T08:52:24+00:00,6203.7099609375,4.059000015258789,246.36609909848525,159.0,109.80000305175781,86.0,,,24.0
2160.0,2026-09-22T08:52:25+00:00,6207.6298828125,4.059000015258789,246.36609909848525,159.0,110.0,86.0,,,24.0
2165.0,2026-09-22T08:52:30+00:00,6226.0,4.031000137329102,248.07739169728472,160.0,109.4000015258789,85.0,,,24.0
2169.0,2026-09-22T08:52:34+00:00,6239.41015625,3.947000026702881,253.3569782707471,161.0,109.4000015258789,85.0,,,24.0
2173.0,2026-09-22T08:52:38+00:00,6253.68994140625,3.8440001010894775,260.1456747403771,161.0,109.19999694824219,85.0,,,24.0
2177.0,2026-09-22T08:52:42+00:00,6273.83984375,3.9189999103546143,255.16714030991497,162.0,109.5999984741211,86.0,,,24.0
2181.0,2026-09-22T08:52:46+00:00,6290.31005859375,3.871999979019165,258.26446420935025,162.0,110.0,85.0,,,24.0
2186.0,2026-09-22T08:52:51+00:00,6311.16015625,3.881999969482422,257.599177707703,163.0,111.0,85.0,,,24.0
2187.0,2026-09-22T08:52:52+00:00,6319.06005859375,3.9660000801086426,252.14321225445022,163.0,109.80000305175781,85.0,,,24.0
2192.0,2026-09-22T08:52:57+00:00,6341.89013671875,4.1519999504089355,240.84778707704675,164.0,109.5999984741211,85.0,,,24.0
2193.0,2026-09-22T08:52:58+00:00,6346.169921875,4.1519999504089355,240.84778707704675,164.0,109.5999984741211,85.0,,,24.0
2199.0,2026-09-22T08:53:04+00:00,6367.81005859375,4.086999893188477,244.67825449827677,165.0,109.5999984741211,86.0,,,24.0
2200.0,2026-09-22T08:53:05+00:00,6371.47998046875,4.067999839782715,245.82105196282734,164.0,109.5999984741211,86.0,,,24.0
2206.0,2026-09-22T08:53:11+00:00,6391.06982421875,3.881999969482422,257.599177707703,165.0,109.5999984741211,86.0,,,24.0
2207.0,2026-09-22T08:53:12+00:00,6394.3701171875,3.815999984741211,262.0545083853864,165.0,109.5999984741211,86.0,,,24.0
2211.0,2026-09-22T08:53:16+00:00,6408.43017578125,3.806999921798706,262.67402693497473,165.0,109.5999984741211,86.0,,,24.0
2215.0,2026-09-22T08:53:20+00:00,6423.41015625,3.7980000972747803,263.2964650837004,166.0,109.5999984741211,86.0,,,24.0
2220.0,2026-09-22T08:53:25+00:00,6441.4501953125,3.7790000438690186,264.62026684079615,166.0,109.5999984741211,86.0,,,24.0
2224.0,2026-09-22T08:53:29+00:00,6456.85986328125,3.7230000495910645,268.6005873434894,166.0,108.80000305175781,86.0,,,24.0
2229.0,2026-09-22T08:53:34+00:00,6477.0400390625,3.7980000972747803,263.2964650837004,165.0,108.80000305175781,87.0,,,24.0
2231.0,2026-09-22T08:53:36+00:00,6484.8798828125,3.7980000972747803,263.2964650837004,166.0,109.5999984741211,87.0,,,24.0
2233.0,2026-09-22T08:53:38+00:00,6493.56982421875,3.7980000972747803,263.2964650837004,167.0,109.5999984741211,87.0,,,24.0
2238.0,2026-09-22T08:53:43+00:00,6515.85009765625,3.8440001010894775,260.1456747403771,167.0,109.5999984741211,87.0,,,24.0
2243.0,2026-09-22T08:53:48+00:00,6537.9599609375,3.947000026702881,253.3569782707471,167.0,110.0,86.0,,,24.0
2249.0,2026-09-22T08:53:54+00:00,6561.85009765625,3.947000026702881,253.3569782707471,167.0,109.4000015258789,85.0,,,24.0
2254.0,2026-09-22T08:53:59+00:00,6582.31005859375,3.99399995803833,250.37556597550747,166.0,109.5999984741211,85.0,,,24.0
2259.0,2026-09-22T08:54:04+00:00,6603.52978515625,4.059000015258789,246.36609909848525,166.0,109.5999984741211,85.0,,,24.0
2260.0,2026-09-22T08:54:05+00:00,6607.6201171875,4.059000015258789,246.36609909848525,166.0,109.5999984741211,85.0,,,24.0
2265.0,2026-09-22T08:54:10+00:00,6626.91015625,4.039999961853027,247.52475481245546,165.0,109.4000015258789,86.0,,,24.0
2270.0,2026-09-22T08:54:15+00:00,6643.89990234375,3.9749999046325684,251.57233307969994,165.0,109.4000015258789,86.0,,,24.0
2274.0,2026-09-22T08:54:19+00:00,6661.27001953125,3.9560000896453857,252.7805807227976,165.0,109.80000305175781,86.0,,,24.0
2279.0,2026-09-22T08:54:24+00:00,6682.64013671875,3.9749999046325684,251.57233307969994,166.0,110.0,86.0,,,24.0
2284.0,2026-09-22T08:54:29+00:00,6702.6298828125,3.9839999675750732,251.00401810712523,166.0,110.0,87.0,,,24.0
2289.0,2026-09-22T08:54:34+00:00,6724.43017578125,4.031000137329102,248.07739169728472,166.0,109.80000305175781,88.0,,,24.0
2294.0,2026-09-22T08:54:39+00:00,6745.259765625,4.039999961853027,247.52475481245546,166.0,109.5999984741211,87.0,,,24.0
2299.0,2026-09-22T08:54:44+00:00,6767.25,4.0960001945495605,244.1406134039431,168.0,109.5999984741211,87.0,,,24.0
2300.0,2026-09-22T08:54:45+00:00,6771.509765625,4.0960001945495605,244.1406134039431,168.0,109.5999984741211,87.0,,,24.0
2305.0,2026-09-22T08:54:50+00:00,6787.85009765625,3.937999963760376,253.93601046280995,167.0,109.19999694824219,81.0,,,24.0
2311.0,2026-09-22T08:54:56+00:00,6797.4501953125,1.6050000190734863,623.0529520973258,166.0,108.80000305175781,75.0,,,23.0
2313.0,2026-09-22T08:54:58+00:00,6800.7900390625,1.6610000133514404,602.0469548234834,164.0,108.5999984741211,75.0,,,23.0
2317.0,2026-09-22T08:55:02+00:00,6807.47021484375,1.7259999513626099,579.3742921084898,161.0,108.5999984741211,75.0,,,23.0
2321.0,2026-09-22T08:55:06+00:00,6814.009765625,1.6979999542236328,588.9281666425159,158.0,109.5999984741211,76.0,,,23.0
2326.0,2026-09-22T08:55:11+00:00,6822.89990234375,1.7730000019073486,564.0157918354345,155.0,109.19999694824219,77.0,,,24.0
2328.0,2026-09-22T08:55:13+00:00,6826.080078125,1.781999945640564,561.167244952152,154.0,109.5999984741211,78.0,,,24.0
2332.0,2026-09-22T08:55:17+00:00,6833.5400390625,1.819000005722046,549.7526095955417,151.0,109.5999984741211,78.0,,,24.0
2334.0,2026-09-22T08:55:19+00:00,6837.580078125,1.8940000534057617,527.9830896529361,150.0,109.4000015258789,78.0,,,24.0
2339.0,2026-09-22T08:55:24+00:00,6848.6298828125,2.015000104904175,496.27788979572085,147.0,109.19999694824219,79.0,,,24.0
2340.0,2026-09-22T08:55:25+00:00,6850.27001953125,2.015000104904175,496.27788979572085,147.0,109.19999694824219,80.0,,,24.0
2346.0,2026-09-22T08:55:31+00:00,6865.52001953125,2.1089999675750732,474.1583761851828,145.0,108.80000305175781,80.0,,,24.0
2351.0,2026-09-22T08:55:36+00:00,6878.47998046875,2.7149999141693115,368.3241368742226,144.0,108.80000305175781,80.0,,,24.0
2357.0,2026-09-22T08:55:42+00:00,6892.6298828125,2.556999921798706,391.08331270364533,143.0,109.4000015258789,80.0,,,24.0
2362.0,2026-09-22T08:55:47+00:00,6906.830078125,2.621999979019165,381.38825629360946,143.0,109.5999984741211,80.0,,,24.0
2365.0,2026-09-22T08:55:50+00:00,6917.18017578125,2.7249999046325684,366.9724899072381,141.0,109.80000305175781,80.0,,,24.0
2367.0,2026-09-22T08:55:52+00:00,6923.39013671875,2.7709999084472656,360.8805604617835,141.0,110.19999694824219,80.0,,,24.0
2370.0,2026-09-22T08:55:55+00:00,6931.41015625,2.7709999084472656,360.8805604617835,137.0,110.4000015258789,80.0,,,24.0
2373.0,2026-09-22T08:55:58+00:00,6942.740234375,2.809000015258789,355.9985740718736,135.0,110.0,81.0,,,24.0
2379.0,2026-09-22T08:56:04+00:00,6960.68994140625,2.865000009536743,349.04013845420377,133.0,109.80000305175781,80.0,,,24.0
2380.0,2026-09-22T08:56:05+00:00,6963.31005859375,2.874000072479248,347.9471032641112,135.0,110.5999984741211,81.0,,,24.0
2384.0,2026-09-22T08:56:09+00:00,6973.93017578125,2.882999897003174,346.86092116738604,138.0,109.4000015258789,81.0,,,24.0
2386.0,2026-09-22T08:56:11+00:00,6979.08984375,2.8369998931884766,352.4850326575479,138.0,109.4000015258789,80.0,,,24.0
2392.0,2026-09-22T08:56:17+00:00,6996.10986328125,2.865000009536743,349.04013845420377,139.0,109.5999984741211,80.0,,,24.0
2395.0,2026-09-22T08:56:20+00:00,7004.68994140625,2.865000009536743,349.04013845420377,139.0,109.4000015258789,81.0,,,24.0
2401.0,2026-09-22T08:56:26+00:00,7020.169921875,2.7899999618530273,358.4229439687277,139.0,109.5999984741211,81.0,,,24.0
2403.0,2026-09-22T08:56:28+00:00,7025.0400390625,2.7990000247955322,357.2704505685206,138.0,109.5999984741211,82.0,,,24.0
2408.0,2026-09-22T08:56:33+00:00,7038.56982421875,2.7809998989105225,359.5828969255833,138.0,109.0,81.0,,,24.0
2414.0,2026-09-22T08:56:39+00:00,7054.5400390625,2.753000020980835,363.2400989389464,137.0,109.4000015258789,81.0,,,24.0
2415.0,2026-09-22T08:56:40+00:00,7056.9599609375,2.743000030517578,364.564341550995,137.0,109.4000015258789,81.0,,,24.0
2421.0,2026-09-22T08:56:46+00:00,7072.7001953125,2.7149999141693115,368.3241368742226,138.0,109.19999694824219,81.0,,,24.0
2427.0,2026-09-22T08:56:52+00:00,7088.02978515625,2.697000026702881,370.7823470890038,137.0,109.4000015258789,80.0,,,24.0
2433.0,2026-09-22T08:56:58+00:00,7109.58984375,2.697000026702881,370.7823470890038,137.0,109.80000305175781,81.0,,,24.0
2434.0,2026-09-22T08:56:59+00:00,7112.06005859375,2.697000026702881,370.7823470890038,138.0,109.80000305175781,80.0,,,24.0
2440.0,2026-09-22T08:57:05+00:00,7125.740234375,2.6410000324249268,378.64444820995135,138.0,110.0,81.0,,,24.0
2445.0,2026-09-22T08:57:10+00:00,7137.77001953125,2.6500000953674316,377.35847698577027,137.0,109.80000305175781,81.0,,,24.0
2451.0,2026-09-22T08:57:16+00:00,7155.5400390625,2.743000030517578,364.564341550995,137.0,109.5999984741211,82.0,,,24.0
2456.0,2026-09-22T08:57:21+00:00,7170.56982421875,2.8550000190734863,350.2626946827563,137.0,109.5999984741211,80.0,,,24.0
2458.0,2026-09-22T08:57:23+00:00,7177.7998046875,2.882999897003174,346.86092116738604,139.0,109.5999984741211,80.0,,,24.0
2462.0,2026-09-22T08:57:27+00:00,7195.22021484375,4.078000068664551,245.21824010843542,142.0,109.5999984741211,82.0,,,24.0
2463.0,2026-09-22T08:57:28+00:00,7200.1201171875,4.198999881744385,238.15194764534533,142.0,109.5999984741211,83.0,,,24.0
2466.0,2026-09-22T08:57:31+00:00,7213.31982421875,4.208000183105469,237.64257521063328,145.0,109.4000015258789,83.0,,,24.0
2468.0,2026-09-22T08:57:33+00:00,7221.080078125,4.179999828338623,239.23445958548248,147.0,109.19999694824219,84.0,,,24.0
2472.0,2026-09-22T08:57:37+00:00,7237.06982421875,4.0960001945495605,244.1406134039431,150.0,109.4000015258789,84.0,,,24.0
2473.0,2026-09-22T08:57:38+00:00,7241.0400390625,4.0960001945495605,244.1406134039431,151.0,109.5999984741211,85.0,,,24.0
2477.0,2026-09-22T08:57:42+00:00,7254.9501953125,4.050000190734863,246.91356861851216,152.0,109.5999984741211,85.0,,,24.0
2482.0,2026-09-22T08:57:47+00:00,7271.14013671875,3.9189999103546143,255.16714030991497,154.0,109.4000015258789,85.0,,,24.0
2488.0,2026-09-22T08:57:53+00:00,7293.77001953125,3.9560000896453857,252.7805807227976,155.0,108.80000305175781,85.0,,,24.0
2493.0,2026-09-22T08:57:58+00:00,7310.43017578125,3.7880001068115234,263.99154482646804,156.0,109.5999984741211,85.0,,,24.0
2497.0,2026-09-22T08:58:02+00:00,7328.14990234375,3.8440001010894775,260.1456747403771,156.0,110.0,84.0,,,24.0
2502.0,2026-09-22T08:58:07+00:00,7349.85009765625,3.871999979019165,258.26446420935025,156.0,110.0,84.0,,,24.0
2503.0,2026-09-22T08:58:08+00:00,7353.9501953125,3.871999979019165,258.26446420935025,157.0,110.0,84.0,,,24.0
2509.0,2026-09-22T08:58:14+00:00,7376.81005859375,3.8910000324249268,257.0033389017439,157.0,109.4000015258789,85.0,,,24.0
2510.0,2026-09-22T08:58:15+00:00,7379.8798828125,3.881999969482422,257.599177707703,157.0,109.4000015258789,85.0,,,24.0
2516.0,2026-09-22T08:58:21+00:00,7399.6201171875,3.742000102996826,267.23676442422806,159.0,109.4000015258789,85.0,,,24.0
2522.0,2026-09-22T08:58:27+00:00,7422.1298828125,3.750999927520752,266.5955796647953,159.0,109.5999984741211,85.0,,,24.0
2528.0,2026-09-22T08:58:33+00:00,7443.18017578125,3.7230000495910645,268.6005873434894,159.0,109.5999984741211,85.0,,,24.0
2530.0,2026-09-22T08:58:35+00:00,7450.240234375,3.7139999866485596,269.2514818510757,160.0,109.4000015258789,85.0,,,24.0
2532.0,2026-09-22T08:58:37+00:00,7457.08984375,3.694999933242798,270.6359994768341,161.0,109.4000015258789,85.0,,,24.0
2537.0,2026-09-22T08:58:42+00:00,7476.0498046875,3.6579999923706055,273.3734286729562,161.0,109.19999694824219,84.0,,,24.0
2542.0,2026-09-22T08:58:47+00:00,7497.22998046875,3.694999933242798,270.6359994768341,161.0,109.5999984741211,85.0,,,24.0
2547.0,2026-09-22T08:58:52+00:00,7518.39990234375,3.7230000495910645,268.6005873434894,161.0,110.0,85.0,,,24.0
2552.0,2026-09-22T08:58:57+00:00,7537.02001953125,3.7699999809265137,265.2519907319046,162.0,109.80000305175781,85.0,,,24.0
2557.0,2026-09-22T08:59:02+00:00,7557.259765625,3.9000000953674316,256.41025014020846,162.0,109.5999984741211,85.0,,,24.0
2559.0,2026-09-22T08:59:04+00:00,7564.5400390625,3.8910000324249268,257.0033389017439,163.0,109.5999984741211,85.0,,,24.0
2565.0,2026-09-22T08:59:10+00:00,7587.27001953125,3.9100000858306885,255.7544700891094,163.0,109.5999984741211,85.0,,,24.0
2570.0,2026-09-22T08:59:15+00:00,7607.77978515625,3.947000026702881,253.3569782707471,164.0,110.4000015258789,85.0,,,24.0
2571.0,2026-09-22T08:59:16+00:00,7611.47998046875,3.947000026702881,253.3569782707471,164.0,110.4000015258789,85.0,,,24.0
2577.0,2026-09-22T08:59:22+00:00,7633.0498046875,3.927999973297119,254.58248645572448,164.0,109.4000015258789,86.0,,,24.0
2581.0,2026-09-22T08:59:26+00:00,7647.43994140625,3.9100000858306885,255.7544700891094,165.0,109.5999984741211,86.0,,,24.0
2586.0,2026-09-22T08:59:31+00:00,7664.66015625,3.881999969482422,257.599177707703,165.0,109.5999984741211,87.0,,,24.0
2590.0,2026-09-22T08:59:35+00:00,7681.5400390625,3.8910000324249268,257.0033389017439,165.0,108.80000305175781,88.0,,,24.0
2596.0,2026-09-22T08:59:41+00:00,7704.9599609375,3.9100000858306885,255.7544700891094,166.0,109.0,87.0,,,24.0
2600.0,2026-09-22T08:59:45+00:00,7721.8701171875,3.9100000858306885,255.7544700891094,167.0,109.5999984741211,88.0,,,24.0
2605.0,2026-09-22T08:59:50+00:00,7743.259765625,3.937999963760376,253.93601046280995,166.0,110.0,85.0,,,24.0
2611.0,2026-09-22T08:59:56+00:00,7765.7099609375,3.9100000858306885,255.7544700891094,165.0,110.4000015258789,85.0,,,24.0
2613.0,2026-09-22T08:59:58+00:00,7772.16015625,3.9000000953674316,256.41025014020846,165.0,110.5999984741211,85.0,,,24.0
2618.0,2026-09-22T09:00:03+00:00,7792.39013671875,3.8910000324249268,257.0033389017439,165.0,109.80000305175781,85.0,,,24.0
2620.0,2026-09-22T09:00:05+00:00,7800.5498046875,3.8910000324249268,257.0033389017439,165.0,109.4000015258789,86.0,,,24.0
2625.0,2026-09-22T09:00:10+00:00,7821.7001953125,3.9100000858306885,255.7544700891094,165.0,109.4000015258789,86.0,,,24.0
2627.0,2026-09-22T09:00:12+00:00,7828.91015625,3.9100000858306885,255.7544700891094,165.0,109.4000015258789,86.0,,,24.0
2632.0,2026-09-22T09:00:17+00:00,7845.72021484375,3.9000000953674316,256.41025014020846,165.0,109.4000015258789,87.0,,,24.0
2637.0,2026-09-22T09:00:22+00:00,7862.02978515625,3.86299991607666,258.8661718159238,166.0,109.4000015258789,87.0,,,24.0
2640.0,2026-09-22T09:00:25+00:00,7873.47021484375,3.8350000381469727,260.7561903658255,166.0,109.19999694824219,87.0,,,24.0
2641.0,2026-09-22T09:00:26+00:00,7878.669921875,3.8350000381469727,260.7561903658255,166.0,109.19999694824219,87.0,,,24.0
2645.0,2026-09-22T09:00:30+00:00,7898.3798828125,3.9560000896453857,252.7805807227976,165.0,109.5999984741211,88.0,,,23.0
2646.0,2026-09-22T09:00:31+00:00,7902.8798828125,3.99399995803833,250.37556597550747,166.0,109.5999984741211,88.0,,,23.0
2651.0,2026-09-22T09:00:36+00:00,7923.33984375,4.031000137329102,248.07739169728472,166.0,110.0,88.0,,,23.0
2656.0,2026-09-22T09:00:41+00:00,7944.4501953125,4.078000068664551,245.21824010843542,167.0,109.80000305175781,89.0,,,23.0
2661.0,2026-09-22T09:00:46+00:00,7966.72998046875,4.2170000076293945,237.1354038868391,168.0,109.5999984741211,89.0,,,23.0
2662.0,2026-09-22T09:00:47+00:00,7970.009765625,4.2170000076293945,237.1354038868391,168.0,109.5999984741211,88.0,,,23.0
2667.0,2026-09-22T09:00:52+00:00,7982.60986328125,2.071000099182129,482.85849932837573,167.0,109.5999984741211,76.0,,,23.0
2668.0,2026-09-22T09:00:53+00:00,7984.1298828125,1.6419999599456787,609.0134131508032,167.0,109.5999984741211,75.0,,,23.0
2672.0,2026-09-22T09:00:57+00:00,7990.60986328125,1.7730000019073486,564.0157918354345,165.0,110.0,75.0,,,23.0
2677.0,2026-09-22T09:01:02+00:00,7998.60986328125,1.7079999446868896,585.4801126374274,162.0,110.19999694824219,76.0,,,23.0
2682.0,2026-09-22T09:01:07+00:00,8006.75,1.7170000076293945,582.4111797067882,158.0,110.0,75.0,,,23.0
2684.0,2026-09-22T09:01:09+00:00,8010.27001953125,1.753999948501587,570.12544433327,156.0,110.0,76.0,,,23.0
2689.0,2026-09-22T09:01:14+00:00,8018.7001953125,1.781999945640564,561.167244952152,153.0,110.0,77.0,,,24.0
2691.0,2026-09-22T09:01:16+00:00,8022.43017578125,1.8009999990463257,555.2470852468211,152.0,109.80000305175781,77.0,,,24.0
2697.0,2026-09-22T09:01:22+00:00,8033.16015625,1.8289999961853027,546.7468573459124,149.0,109.4000015258789,77.0,,,24.0
2699.0,2026-09-22T09:01:24+00:00,8036.2001953125,1.819000005722046,549.7526095955417,147.0,109.4000015258789,77.0,,,24.0
2704.0,2026-09-22T09:01:29+00:00,8044.97021484375,1.8289999961853027,546.7468573459124,144.0,109.5999984741211,78.0,,,24.0
2707.0,2026-09-22T09:01:32+00:00,8050.2001953125,1.819000005722046,549.7526095955417,143.0,109.5999984741211,78.0,,,24.0
2712.0,2026-09-22T09:01:37+00:00,8059.81982421875,1.8289999961853027,546.7468573459124,140.0,109.5999984741211,78.0,,,24.0
2715.0,2026-09-22T09:01:40+00:00,8065.7998046875,1.819000005722046,549.7526095955417,139.0,109.19999694824219,78.0,,,24.0
2720.0,2026-09-22T09:01:45+00:00,8076.43017578125,1.8940000534057617,527.9830896529361,136.0,109.5999984741211,79.0,,,24.0
2722.0,2026-09-22T09:01:47+00:00,8081.06982421875,1.902999997138977,525.4860754090529,136.0,108.80000305175781,80.0,,,24.0
2728.0,2026-09-22T09:01:53+00:00,8093.60009765625,1.940999984741211,515.198355415406,136.0,108.80000305175781,80.0,,,24.0
2729.0,2026-09-22T09:01:54+00:00,8095.39013671875,1.9500000476837158,512.8205002804169,135.0,109.0,80.0,,,24.0
2735.0,2026-09-22T09:02:00+00:00,8105.81982421875,1.9589999914169312,510.4645249521961,134.0,109.5999984741211,80.0,,,24.0
2737.0,2026-09-22T09:02:02+00:00,8109.31005859375,1.9589999914169312,510.4645249521961,133.0,109.5999984741211,80.0,,,24.0
2743.0,2026-09-22T09:02:08+00:00,8121.2001953125,1.9589999914169312,510.4645249521961,134.0,109.5999984741211,80.0,,,24.0
2749.0,2026-09-22T09:02:14+00:00,8138.64013671875,2.015000104904175,496.27788979572085,133.0,109.19999694824219,80.0,,,24.0
2755.0,2026-09-22T09:02:20+00:00,8149.8798828125,2.00600004196167,498.504476112622,132.0,110.0,80.0,,,24.0
2756.0,2026-09-22T09:02:21+00:00,8151.31982421875,1.996999979019165,500.75113195101494,132.0,110.0,80.0,,,24.0
2762.0,2026-09-22T09:02:27+00:00,8168.56982421875,2.127000093460083,470.14572452286865,131.0,109.5999984741211,80.0,,,24.0
2763.0,2026-09-22T09:02:28+00:00,8171.47998046875,2.1459999084472656,465.9832444837093,131.0,109.4000015258789,80.0,,,24.0
2769.0,2026-09-22T09:02:34+00:00,8188.22021484375,2.2769999504089355,439.1743617826632,130.0,109.4000015258789,80.0,,,24.0
2770.0,2026-09-22T09:02:35+00:00,8191.02001953125,2.2769999504089355,439.1743617826632,131.0,109.4000015258789,80.0,,,24.0
2776.0,2026-09-22T09:02:41+00:00,8206.919921875,2.3510000705718994,425.35090173635854,130.0,109.4000015258789,80.0,,,24.0
2781.0,2026-09-22T09:02:46+00:00,8218.9296875,2.378999948501587,420.3446917390015,125.0,109.4000015258789,81.0,,,24.0
2783.0,2026-09-22T09:02:48+00:00,8224.400390625,2.434999942779541,410.6776277203952,126.0,109.4000015258789,81.0,,,24.0
2788.0,2026-09-22T09:02:53+00:00,8245.26953125,2.4070000648498535,415.4549119475737,126.0,109.4000015258789,80.0,,,24.0
2789.0,2026-09-22T09:02:54+00:00,8250.7802734375,2.4070000648498535,415.4549119475737,128.0,109.5999984741211,80.0,,,24.0
2790.0,2026-09-22T09:02:55+00:00,8254.08984375,2.9210000038146973,342.348510336886,129.0,109.4000015258789,80.0,,,24.0
2793.0,2026-09-22T09:02:58+00:00,8261.099609375,2.5850000381469727,386.8471896491106,132.0,109.4000015258789,80.0,,,24.0
2797.0,2026-09-22T09:03:02+00:00,8275.2197265625,2.7809998989105225,359.5828969255833,134.0,109.0,80.0,,,24.0
2799.0,2026-09-22T09:03:04+00:00,8280.2802734375,2.76200008392334,362.05646980992464,135.0,109.19999694824219,80.0,,,24.0
2801.0,2026-09-22T09:03:06+00:00,8281.8896484375,2.7809998989105225,359.5828969255833,135.0,109.19999694824219,80.0,,,24.0
2806.0,2026-09-22T09:03:11+00:00,8289.6396484375,2.6589999198913574,376.08124487678,135.0,110.0,81.0,,,24.0
2812.0,2026-09-22T09:03:17+00:00,8307.099609375,2.7149999141693115,368.3241368742226,133.0,109.5999984741211,81.0,,,24.0
2816.0,2026-09-22T09:03:21+00:00,8319.490234375,2.818000078201294,354.8615941268148,133.0,109.5999984741211,81.0,,,24.0
2817.0,2026-09-22T09:03:22+00:00,8322.330078125,2.8369998931884766,352.4850326575479,133.0,109.5999984741211,81.0,,,24.0
2820.0,2026-09-22T09:03:25+00:00,8331.16015625,2.8550000190734863,350.2626946827563,133.0,110.0,81.0,,,24.0
2826.0,2026-09-22T09:03:31+00:00,8347.7099609375,2.865000009536743,349.04013845420377,134.0,110.0,81.0,,,24.0
2827.0,2026-09-22T09:03:32+00:00,8350.8203125,2.865000009536743,349.04013845420377,135.0,110.0,81.0,,,24.0
2833.0,2026-09-22T09:03:38+00:00,8369.7197265625,2.947999954223633,339.21303104746954,136.0,109.80000305175781,81.0,,,24.0
2839.0,2026-09-22T09:03:44+00:00,8383.1904296875,1.5959999561309814,626.5664332624401,134.0,109.5999984741211,53.0,,,25.0
2840.0,2026-09-22T09:03:45+00:00,8384.6396484375,1.5959999561309814,626.5664332624401,133.0,109.5999984741211,54.0,,,25.0
2846.0,2026-09-22T09:03:51+00:00,8393.8798828125,1.5399999618530273,649.3506654355598,131.0,109.5999984741211,53.0,,,25.0
2849.0,2026-09-22T09:03:54+00:00,8398.0498046875,1.4839999675750732,673.8544621628582,128.0,109.5999984741211,54.0,,,25.0
2855.0,2026-09-22T09:04:00+00:00,8406.73046875,1.5859999656677246,630.5170376085023,125.0,110.0,53.0,,,25.0
2856.0,2026-09-22T09:04:01+00:00,8408.0400390625,1.5770000219345093,634.1154001845211,126.0,110.0,54.0,,,25.0
2858.0,2026-09-22T09:04:03+00:00,8410.650390625,1.5399999618530273,649.3506654355598,123.0,109.80000305175781,54.0,,,25.0
2864.0,2026-09-22T09:04:09+00:00,8417.9697265625,1.4739999771118164,678.4260620949391,121.0,109.80000305175781,53.0,,,25.0
2865.0,2026-09-22T09:04:10+00:00,8419.1796875,1.465000033378601,682.5938411030529,121.0,109.80000305175781,53.0,,,25.0
2870.0,2026-09-22T09:04:15+00:00,8426.419921875,1.4839999675750732,673.8544621628582,118.0,109.5999984741211,53.0,,,25.0
2873.0,2026-09-22T09:04:18+00:00,8430.6796875,1.4739999771118164,678.4260620949391,117.0,109.5999984741211,53.0,,,25.0
2878.0,2026-09-22T09:04:23+00:00,8437.4296875,1.4739999771118164,678.4260620949391,114.0,109.80000305175781,53.0,,,25.0
2882.0,2026-09-22T09:04:27+00:00,8442.73046875,1.465000033378601,682.5938411030529,113.0,109.5999984741211,53.0,,,25.0
2888.0,2026-09-22T09:04:33+00:00,8450.5703125,1.4279999732971191,700.2801251397036,111.0,109.4000015258789,54.0,,,25.0
2892.0,2026-09-22T09:04:37+00:00,8455.2998046875,1.437000036239624,695.8942065282224,110.0,109.5999984741211,54.0,,,25.0
2898.0,2026-09-22T09:04:43+00:00,8463.0703125,1.409000039100647,709.7231882536296,112.0,109.19999694824219,54.0,,,25.0
2900.0,2026-09-22T09:04:45+00:00,8466.01953125,1.409000039100647,709.7231882536296,113.0,109.19999694824219,55.0,,,25.0
2903.0,2026-09-22T09:04:48+00:00,8470.400390625,1.4279999732971191,700.2801251397036,113.0,109.0,60.0,,,25.0
2909.0,2026-09-22T09:04:54+00:00,8478.41015625,1.437000036239624,695.8942065282224,114.0,109.5999984741211,73.0,,,25.0
2911.0,2026-09-22T09:04:56+00:00,8481.01953125,1.5490000247955322,645.5777817899001,114.0,109.19999694824219,73.0,,,25.0
2916.0,2026-09-22T09:05:01+00:00,8487.0302734375,1.38100004196167,724.1129396198493,111.0,109.5999984741211,73.0,,,25.0
2918.0,2026-09-22T09:05:03+00:00,8487.9296875,0.7839999794960022,1275.5102374401265,109.0,109.5999984741211,73.0,,,25.0
2923.0,2026-09-22T09:05:08+00:00,8492.7001953125,1.0360000133514404,965.2509528113026,108.0,109.4000015258789,72.0,,,25.0
2924.0,2026-09-22T09:05:09+00:00,8493.9404296875,1.0360000133514404,965.2509528113026,112.0,109.19999694824219,72.0,,,25.0
2929.0,2026-09-22T09:05:14+00:00,8500.1796875,1.277999997138977,782.4726152102286,108.0,108.80000305175781,72.0,,,25.0
2930.0,2026-09-22T09:05:15+00:00,8501.8203125,1.315999984741211,759.8784282635446,110.0,108.80000305175781,73.0,,,25.0
2936.0,2026-09-22T09:05:21+00:00,8510.3896484375,1.5119999647140503,661.375676810363,109.0,108.80000305175781,74.0,,,26.0
2942.0,2026-09-22T09:05:27+00:00,8518.259765625,1.4739999771118164,678.4260620949391,109.0,108.80000305175781,73.0,,,26.0
2944.0,2026-09-22T09:05:29+00:00,8521.0595703125,1.465000033378601,682.5938411030529,109.0,108.80000305175781,73.0,,,26.0
2947.0,2026-09-22T09:05:32+00:00,8525.4697265625,1.4559999704360962,686.8132007588457,107.0,108.80000305175781,74.0,,,26.0
2951.0,2026-09-22T09:05:36+00:00,8531.9404296875,1.465000033378601,682.5938411030529,107.0,109.5999984741211,74.0,,,26.0
2957.0,2026-09-22T09:05:42+00:00,8540.0595703125,1.4559999704360962,686.8132007588457,108.0,109.5999984741211,74.0,,,26.0
2958.0,2026-09-22T09:05:43+00:00,8542.259765625,1.4559999704360962,686.8132007588457,109.0,109.5999984741211,74.0,,,26.0
2960.0,2026-09-22T09:05:45+00:00,8545.509765625,1.465000033378601,682.5938411030529,109.0,109.5999984741211,74.0,,,26.0
2965.0,2026-09-22T09:05:50+00:00,8552.150390625,1.4559999704360962,686.8132007588457,109.0,109.5999984741211,75.0,,,26.0
2971.0,2026-09-22T09:05:56+00:00,8560.169921875,1.4459999799728394,691.5629418050083,110.0,109.80000305175781,75.0,,,26.0
2972.0,2026-09-22T09:05:57+00:00,8560.5302734375,1.437000036239624,695.8942065282224,110.0,109.80000305175781,75.0,,,26.0
2978.0,2026-09-22T09:06:03+00:00,8564.099609375,1.371999979019165,728.8629849068178,108.0,110.0,74.0,,,26.0
2979.0,2026-09-22T09:06:04+00:00,8565.419921875,1.3619999885559082,734.2143967712312,108.0,110.0,74.0,,,26.0
2985.0,2026-09-22T09:06:10+00:00,8573.0498046875,1.2970000505447388,771.0099930836556,108.0,110.0,73.0,,,26.0
2986.0,2026-09-22T09:06:11+00:00,8574.3603515625,1.2879999876022339,776.3975230012383,108.0,110.0,73.0,,,26.0
2992.0,2026-09-22T09:06:17+00:00,8586.1103515625,1.25,800.0,109.0,110.0,73.0,,,26.0
2994.0,2026-09-22T09:06:19+00:00,8590.51953125,1.3250000476837158,754.7169539715405,109.0,110.5999984741211,73.0,,,26.0
2996.0,2026-09-22T09:06:21+00:00,8595.1298828125,1.5119999647140503,661.375676810363,110.0,110.5999984741211,74.0,,,26.0
3001.0,2026-09-22T09:06:26+00:00,8603.0498046875,1.5859999656677246,630.5170376085023,111.0,109.4000015258789,74.0,,,26.0
3002.0,2026-09-22T09:06:27+00:00,8604.26953125,1.5579999685287476,641.8485367135927,111.0,109.5999984741211,74.0,,,26.0
3003.0,2026-09-22T09:06:28+00:00,8605.990234375,1.5490000247955322,645.5777817899001,111.0,109.80000305175781,74.0,,,26.0
3009.0,2026-09-22T09:06:34+00:00,8614.830078125,1.4839999675750732,673.8544621628582,112.0,109.5999984741211,75.0,,,27.0
3010.0,2026-09-22T09:06:35+00:00,8616.0400390625,1.4739999771118164,678.4260620949391,111.0,109.5999984741211,76.0,,,27.0
3016.0,2026-09-22T09:06:41+00:00,8625.0302734375,1.4559999704360962,686.8132007588457,112.0,109.4000015258789,76.0,,,27.0
3018.0,2026-09-22T09:06:43+00:00,8628.419921875,1.4739999771118164,678.4260620949391,112.0,109.4000015258789,76.0,,,27.0
3024.0,2026-09-22T09:06:49+00:00,8638.7197265625,1.4839999675750732,673.8544621628582,111.0,109.5999984741211,76.0,,,27.0
3025.0,2026-09-22T09:06:50+00:00,8640.2900390625,1.4839999675750732,673.8544621628582,111.0,109.5999984741211,76.0,,,27.0
3026.0,2026-09-22T09:06:51+00:00,8641.8701171875,1.4839999675750732,673.8544621628582,111.0,109.5999984741211,76.0,,,27.0
3031.0,2026-09-22T09:06:56+00:00,8650.150390625,1.5119999647140503,661.375676810363,112.0,109.4000015258789,76.0,,,27.0
3037.0,2026-09-22T09:07:02+00:00,8660.080078125,1.5579999685287476,641.8485367135927,112.0,109.5999984741211,76.0,,,27.0
3038.0,2026-09-22T09:07:03+00:00,8661.7001953125,1.5679999589920044,637.7551187200633,113.0,109.5999984741211,76.0,,,27.0
3039.0,2026-09-22T09:07:04+00:00,8663.400390625,1.5770000219345093,634.1154001845211,113.0,109.5999984741211,77.0,,,27.0
3042.0,2026-09-22T09:07:07+00:00,8668.08984375,1.5770000219345093,634.1154001845211,113.0,109.4000015258789,77.0,,,27.0
3048.0,2026-09-22T09:07:13+00:00,8677.5703125,1.6139999628067017,619.5787007708645,114.0,109.4000015258789,77.0,,,27.0
3054.0,2026-09-22T09:07:19+00:00,8687.2197265625,1.6330000162124634,612.3698653227042,113.0,109.80000305175781,77.0,,,27.0
3060.0,2026-09-22T09:07:25+00:00,8697.669921875,1.7259999513626099,579.3742921084898,113.0,109.19999694824219,77.0,,,26.0
3061.0,2026-09-22T09:07:26+00:00,8699.4697265625,1.7359999418258667,576.0368856626997,113.0,109.19999694824219,77.0,,,26.0
3067.0,2026-09-22T09:07:32+00:00,8710.6904296875,1.7359999418258667,576.0368856626997,111.0,109.19999694824219,77.0,,,26.0
3073.0,2026-09-22T09:07:38+00:00,8722.3603515625,1.7640000581741333,566.893405340968,111.0,109.5999984741211,77.0,,,26.0
3074.0,2026-09-22T09:07:39+00:00,8724.33984375,1.7640000581741333,566.893405340968,111.0,109.5999984741211,77.0,,,26.0
3080.0,2026-09-22T09:07:45+00:00,8733.3701171875,1.7359999418258667,576.0368856626997,111.0,110.0,77.0,,,26.0
3081.0,2026-09-22T09:07:46+00:00,8735.009765625,1.7259999513626099,579.3742921084898,112.0,110.0,77.0,,,26.0
3087.0,2026-09-22T09:07:52+00:00,8744.8798828125,1.7259999513626099,579.3742921084898,113.0,109.80000305175781,78.0,,,26.0
3088.0,2026-09-22T09:07:53+00:00,8747.849609375,1.7259999513626099,579.3742921084898,113.0,109.80000305175781,78.0,,,26.0
3094.0,2026-09-22T09:07:59+00:00,8759.3896484375,1.7730000019073486,564.0157918354345,113.0,110.0,77.0,,,26.0
3095.0,2026-09-22T09:08:00+00:00,8761.3603515625,1.7730000019073486,564.0157918354345,112.0,110.0,77.0,,,26.0
3101.0,2026-09-22T09:08:06+00:00,8772.0,1.781999945640564,561.167244952152,111.0,109.80000305175781,77.0,,,26.0
3102.0,2026-09-22T09:08:07+00:00,8773.830078125,1.781999945640564,561.167244952152,111.0,109.80000305175781,78.0,,,26.0
3108.0,2026-09-22T09:08:13+00:00,8784.3701171875,1.7910000085830688,558.3472893398474,112.0,109.5999984741211,78.0,,,26.0
3110.0,2026-09-22T09:08:15+00:00,8787.73046875,1.781999945640564,561.167244952152,112.0,109.5999984741211,78.0,,,26.0
3116.0,2026-09-22T09:08:21+00:00,8798.3798828125,1.781999945640564,561.167244952152,113.0,109.5999984741211,77.0,,,26.0
3118.0,2026-09-22T09:08:23+00:00,8802.2197265625,1.7910000085830688,558.3472893398474,113.0,109.5999984741211,77.0,,,26.0
3124.0,2026-09-22T09:08:29+00:00,8811.490234375,1.7640000581741333,566.893405340968,113.0,109.5999984741211,78.0,,,26.0
3125.0,2026-09-22T09:08:30+00:00,8812.83984375,1.753999948501587,570.12544433327,113.0,109.5999984741211,77.0,,,26.0
3131.0,2026-09-22T09:08:36+00:00,8823.2001953125,1.7450000047683716,573.0659010128418,114.0,109.5999984741211,78.0,,,26.0
3133.0,2026-09-22T09:08:38+00:00,8827.0302734375,1.753999948501587,570.12544433327,114.0,109.4000015258789,79.0,,,26.0
3139.0,2026-09-22T09:08:44+00:00,8837.7802734375,1.7640000581741333,566.893405340968,114.0,109.4000015258789,79.0,,,26.0
3142.0,2026-09-22T09:08:47+00:00,8843.6103515625,1.7730000019073486,564.0157918354345,114.0,109.4000015258789,78.0,,,26.0
3148.0,2026-09-22T09:08:53+00:00,8854.3701171875,1.781999945640564,561.167244952152,114.0,109.19999694824219,78.0,,,27.0
3151.0,2026-09-22T09:08:56+00:00,8860.1904296875,1.7910000085830688,558.3472893398474,116.0,109.5999984741211,78.0,,,27.0
3157.0,2026-09-22T09:09:02+00:00,8870.6298828125,1.781999945640564,561.167244952152,114.0,109.4000015258789,78.0,,,27.0
3160.0,2026-09-22T09:09:05+00:00,8875.7001953125,1.7450000047683716,573.0659010128418,114.0,109.5999984741211,77.0,,,27.0
3166.0,2026-09-22T09:09:11+00:00,8885.669921875,1.7359999418258667,576.0368856626997,113.0,108.80000305175781,78.0,,,27.0
3167.0,2026-09-22T09:09:12+00:00,8887.25,1.7359999418258667,576.0368856626997,113.0,108.80000305175781,77.0,,,27.0
3173.0,2026-09-22T09:09:18+00:00,8896.7001953125,1.7170000076293945,582.4111797067882,113.0,109.19999694824219,77.0,,,27.0
3175.0,2026-09-22T09:09:20+00:00,8899.6904296875,1.7079999446868896,585.4801126374274,112.0,109.5999984741211,77.0,,,27.0
3181.0,2026-09-22T09:09:26+00:00,8910.4599609375,1.6979999542236328,588.9281666425159,112.0,109.5999984741211,77.0,,,27.0
3185.0,2026-09-22T09:09:30+00:00,8915.48046875,1.6979999542236328,588.9281666425159,112.0,108.80000305175781,78.0,,,27.0
3191.0,2026-09-22T09:09:36+00:00,8925.0595703125,1.6699999570846558,598.802410597492,114.0,108.80000305175781,78.0,,,27.0
3192.0,2026-09-22T09:09:37+00:00,8926.9501953125,1.6699999570846558,598.802410597492,114.0,109.0,78.0,,,27.0
3198.0,2026-09-22T09:09:43+00:00,8936.990234375,1.6699999570846558,598.802410597492,112.0,109.19999694824219,78.0,,,27.0
3204.0,2026-09-22T09:09:49+00:00,8947.4697265625,1.6699999570846558,598.802410597492,114.0,109.4000015258789,78.0,,,27.0
3205.0,2026-09-22T09:09:50+00:00,8949.1201171875,1.6699999570846558,598.802410597492,115.0,109.5999984741211,78.0,,,27.0
3210.0,2026-09-22T09:09:55+00:00,8960.48046875,1.6799999475479126,595.2381138223104,116.0,109.5999984741211,78.0,,,27.0
3216.0,2026-09-22T09:10:01+00:00,8976.4404296875,1.7910000085830688,558.3472893398474,116.0,109.5999984741211,78.0,,,27.0
3217.0,2026-09-22T09:10:02+00:00,8978.16015625,1.8009999990463257,555.2470852468211,116.0,109.5999984741211,78.0,,,27.0
3223.0,2026-09-22T09:10:08+00:00,8991.9296875,1.875,533.3333333333334,114.0,110.0,78.0,,,27.0
3229.0,2026-09-22T09:10:14+00:00,9001.150390625,1.8380000591278076,544.0696234115103,114.0,110.5999984741211,78.0,,,27.0
3231.0,2026-09-22T09:10:16+00:00,9005.1396484375,1.8660000562667847,535.9056644406813,117.0,110.5999984741211,78.0,,,27.0
3234.0,2026-09-22T09:10:19+00:00,9009.849609375,1.847000002861023,541.4185156746016,113.0,110.5999984741211,77.0,,,27.0
3235.0,2026-09-22T09:10:20+00:00,9012.2802734375,1.8289999961853027,546.7468573459124,113.0,110.5999984741211,77.0,,,27.0
3240.0,2026-09-22T09:10:25+00:00,9023.01953125,1.875,533.3333333333334,113.0,109.4000015258789,78.0,,,27.0
3246.0,2026-09-22T09:10:31+00:00,9034.150390625,1.8660000562667847,535.9056644406813,114.0,109.5999984741211,78.0,,,27.0
3247.0,2026-09-22T09:10:32+00:00,9035.58984375,1.8660000562667847,535.9056644406813,114.0,109.5999984741211,78.0,,,27.0
3253.0,2026-09-22T09:10:38+00:00,9046.01953125,1.8289999961853027,546.7468573459124,114.0,109.5999984741211,78.0,,,27.0
3254.0,2026-09-22T09:10:39+00:00,9047.4501953125,1.819000005722046,549.7526095955417,114.0,109.5999984741211,78.0,,,27.0
3260.0,2026-09-22T09:10:45+00:00,9057.58984375,1.781999945640564,561.167244952152,115.0,109.4000015258789,78.0,,,27.0
3261.0,2026-09-22T09:10:46+00:00,9058.98046875,1.781999945640564,561.167244952152,114.0,109.4000015258789,78.0,,,27.0
3267.0,2026-09-22T09:10:52+00:00,9067.240234375,1.7079999446868896,585.4801126374274,113.0,109.5999984741211,78.0,,,27.0
3270.0,2026-09-22T09:10:55+00:00,9073.400390625,1.7170000076293945,582.4111797067882,112.0,109.19999694824219,77.0,,,27.0
3276.0,2026-09-22T09:11:01+00:00,9086.01953125,1.7450000047683716,573.0659010128418,113.0,109.5999984741211,77.0,,,27.0
3278.0,2026-09-22T09:11:03+00:00,9088.23046875,1.7450000047683716,573.0659010128418,113.0,109.4000015258789,77.0,,,27.0
3283.0,2026-09-22T09:11:08+00:00,9095.7001953125,1.7170000076293945,582.4111797067882,113.0,109.4000015258789,77.0,,,27.0
3285.0,2026-09-22T09:11:10+00:00,9098.75,1.7170000076293945,582.4111797067882,113.0,109.19999694824219,77.0,,,27.0
3288.0,2026-09-22T09:11:13+00:00,9102.83984375,1.6979999542236328,588.9281666425159,113.0,109.5999984741211,77.0,,,27.0
3293.0,2026-09-22T09:11:18+00:00,9108.5498046875,1.6050000190734863,623.0529520973258,113.0,109.4000015258789,78.0,,,27.0
3295.0,2026-09-22T09:11:20+00:00,9111.7099609375,1.5859999656677246,630.5170376085023,112.0,109.4000015258789,77.0,,,27.0
3301.0,2026-09-22T09:11:26+00:00,9118.919921875,1.465000033378601,682.5938411030529,112.0,109.4000015258789,77.0,,,27.0
3302.0,2026-09-22T09:11:27+00:00,9120.3798828125,1.4559999704360962,686.8132007588457,112.0,109.19999694824219,77.0,,,27.0
3303.0,2026-09-22T09:11:28+00:00,9121.490234375,1.437000036239624,695.8942065282224,111.0,109.19999694824219,77.0,,,27.0
3308.0,2026-09-22T09:11:33+00:00,9128.4501953125,1.3619999885559082,734.2143967712312,111.0,109.4000015258789,77.0,,,27.0
3310.0,2026-09-22T09:11:35+00:00,9144.8203125,1.3339999914169312,749.6251922294488,111.0,109.4000015258789,78.0,,,27.0
3314.0,2026-09-22T09:11:39+00:00,9154.1103515625,1.7259999513626099,579.3742921084898,114.0,109.5999984741211,78.0,,,27.0
3318.0,2026-09-22T09:11:43+00:00,9162.0498046875,1.7640000581741333,566.893405340968,114.0,109.5999984741211,78.0,,,27.0
3324.0,2026-09-22T09:11:49+00:00,9173.73046875,1.6519999504089355,605.3268946845067,114.0,110.0,78.0,,,27.0
3330.0,2026-09-22T09:11:55+00:00,9184.5703125,1.7450000047683716,573.0659010128418,114.0,109.5999984741211,77.0,,,27.0
3331.0,2026-09-22T09:11:56+00:00,9186.4296875,1.7450000047683716,573.0659010128418,114.0,109.80000305175781,78.0,,,27.0
3337.0,2026-09-22T09:12:02+00:00,9198.2998046875,1.8289999961853027,546.7468573459124,115.0,109.80000305175781,78.0,,,27.0
3338.0,2026-09-22T09:12:03+00:00,9200.4296875,1.8380000591278076,544.0696234115103,115.0,110.0,79.0,,,27.0
3344.0,2026-09-22T09:12:09+00:00,9212.150390625,1.8849999904632568,530.5039814638092,115.0,109.5999984741211,79.0,,,27.0
3345.0,2026-09-22T09:12:10+00:00,9214.0400390625,1.8940000534057617,527.9830896529361,115.0,109.5999984741211,79.0,,,27.0
3346.0,2026-09-22T09:12:11+00:00,9215.9697265625,1.8940000534057617,527.9830896529361,118.0,109.5999984741211,79.0,,,27.0
3352.0,2026-09-22T09:12:17+00:00,9227.9501953125,1.9129999876022339,522.7391565503386,117.0,109.5999984741211,79.0,,,27.0
3354.0,2026-09-22T09:12:19+00:00,9231.7197265625,1.9129999876022339,522.7391565503386,117.0,109.5999984741211,79.0,,,27.0
3358.0,2026-09-22T09:12:23+00:00,9239.8701171875,1.9220000505447388,520.2913494807542,120.0,109.5999984741211,80.0,,,27.0
3362.0,2026-09-22T09:12:27+00:00,9248.0,1.930999994277954,517.8663920058287,119.0,108.80000305175781,80.0,,,27.0
3368.0,2026-09-22T09:12:33+00:00,9260.0,1.940999984741211,515.198355415406,118.0,108.5999984741211,80.0,,,27.0
3370.0,2026-09-22T09:12:35+00:00,9263.7197265625,1.930999994277954,517.8663920058287,118.0,108.80000305175781,79.0,,,27.0
3376.0,2026-09-22T09:12:41+00:00,9274.9697265625,1.930999994277954,517.8663920058287,118.0,108.4000015258789,79.0,,,27.0
3377.0,2026-09-22T09:12:42+00:00,9276.3701171875,1.9220000505447388,520.2913494807542,118.0,109.5999984741211,79.0,,,27.0
3383.0,2026-09-22T09:12:48+00:00,9286.73046875,1.8849999904632568,530.5039814638092,116.0,109.4000015258789,79.0,,,27.0
3385.0,2026-09-22T09:12:50+00:00,9290.9296875,1.8849999904632568,530.5039814638092,116.0,109.4000015258789,79.0,,,27.0
3391.0,2026-09-22T09:12:56+00:00,9302.650390625,1.8940000534057617,527.9830896529361,116.0,108.80000305175781,78.0,,,27.0
3392.0,2026-09-22T09:12:57+00:00,9304.7900390625,1.902999997138977,525.4860754090529,116.0,108.80000305175781,78.0,,,27.0
3398.0,2026-09-22T09:13:03+00:00,9317.6396484375,1.968999981880188,507.8720209256199,117.0,109.5999984741211,79.0,,,27.0
3399.0,2026-09-22T09:13:04+00:00,9319.490234375,1.968999981880188,507.8720209256199,118.0,109.5999984741211,79.0,,,27.0
3405.0,2026-09-22T09:13:10+00:00,9331.83984375,1.9869999885559082,503.2712661094527,118.0,108.80000305175781,79.0,,,28.0
3406.0,2026-09-22T09:13:11+00:00,9333.7900390625,1.9869999885559082,503.2712661094527,118.0,108.80000305175781,79.0,,,28.0
3411.0,2026-09-22T09:13:16+00:00,9343.3095703125,1.996999979019165,500.75113195101494,120.0,108.80000305175781,80.0,,,28.0
3417.0,2026-09-22T09:13:22+00:00,9353.3203125,1.9869999885559082,503.2712661094527,120.0,109.19999694824219,80.0,,,28.0
3423.0,2026-09-22T09:13:28+00:00,9364.4599609375,1.9780000448226929,505.5611614455952,120.0,109.5999984741211,79.0,,,28.0
3424.0,2026-09-22T09:13:29+00:00,9366.8603515625,1.9780000448226929,505.5611614455952,120.0,109.5999984741211,79.0,,,28.0
3425.0,2026-09-22T09:13:30+00:00,9369.4296875,1.9780000448226929,505.5611614455952,120.0,109.5999984741211,79.0,,,28.0
3430.0,2026-09-22T09:13:35+00:00,9382.9404296875,2.00600004196167,498.504476112622,121.0,109.80000305175781,79.0,,,28.0
3433.0,2026-09-22T09:13:38+00:00,9390.3701171875,2.0339999198913574,491.6421039256547,121.0,110.19999694824219,79.0,,,28.0
3436.0,2026-09-22T09:13:41+00:00,9395.5400390625,1.6419999599456787,609.0134131508032,120.0,110.80000305175781,55.0,,,28.0
3442.0,2026-09-22T09:13:47+00:00,9403.8701171875,1.2690000534057617,788.0220314539663,117.0,109.5999984741211,52.0,,,28.0
3444.0,2026-09-22T09:13:49+00:00,9406.6201171875,1.6050000190734863,623.0529520973258,115.0,110.0,52.0,,,28.0
3447.0,2026-09-22T09:13:52+00:00,9410.490234375,1.5959999561309814,626.5664332624401,112.0,110.4000015258789,52.0,,,28.0
3451.0,2026-09-22T09:13:56+00:00,9416.16015625,1.5299999713897705,653.5947834637234,110.0,110.5999984741211,51.0,,,28.0
