t_s,timestamp,distance_m,speed_m_s,pace_s_per_km,hr,elev_m,cadence_spm,power_w,gap_speed_m_s,temp_c
0.0,2026-09-20T13:07:22+00:00,0.0,,,69.0,137.1999969482422,10.0,,,29.0
1.0,2026-09-20T13:07:23+00:00,0.0,,,69.0,137.1999969482422,10.0,,,29.0
3.0,2026-09-20T13:07:25+00:00,0.0,,,73.0,137.1999969482422,10.0,,,29.0
5.0,2026-09-20T13:07:27+00:00,0.0,,,76.0,137.1999969482422,,,,29.0
7.0,2026-09-20T13:07:29+00:00,0.0,,,81.0,137.1999969482422,,,,29.0
13.0,2026-09-20T13:07:35+00:00,0.0,,,81.0,137.0,,,,29.0
19.0,2026-09-20T13:07:41+00:00,0.0,,,83.0,137.8000030517578,,,,29.0
25.0,2026-09-20T13:07:47+00:00,0.0,,,81.0,137.1999969482422,,,,29.0
27.0,2026-09-20T13:07:49+00:00,0.0,,,76.0,137.0,,,,29.0
29.0,2026-09-20T13:07:51+00:00,0.0,,,73.0,137.0,,,,29.0
33.0,2026-09-20T13:07:55+00:00,0.0,,,78.0,137.0,,,,29.0
35.0,2026-09-20T13:07:57+00:00,0.0,,,83.0,137.0,,,,29.0
37.0,2026-09-20T13:07:59+00:00,0.0,,,86.0,137.1999969482422,,,,29.0
39.0,2026-09-20T13:08:01+00:00,0.0,,,91.0,137.1999969482422,,,,29.0
40.0,2026-09-20T13:08:02+00:00,0.0,,,91.0,137.1999969482422,,,,29.0
43.0,2026-09-20T13:08:05+00:00,2.2699999809265137,0.05299999937415123,,94.0,137.0,15.0,,,29.0
49.0,2026-09-20T13:08:11+00:00,2.2699999809265137,,,92.0,136.8000030517578,,,,29.0
50.0,2026-09-20T13:08:12+00:00,2.2699999809265137,,,89.0,136.8000030517578,,,,29.0
56.0,2026-09-20T13:08:18+00:00,2.2699999809265137,,,92.0,136.8000030517578,,,,29.0
62.0,2026-09-20T13:08:24+00:00,2.2699999809265137,,,94.0,137.1999969482422,,,,29.0
64.0,2026-09-20T13:08:26+00:00,2.2699999809265137,,,91.0,137.39999389648438,,,,29.0
70.0,2026-09-20T13:08:32+00:00,2.2699999809265137,,,93.0,137.1999969482422,,,,29.0
73.0,2026-09-20T13:08:35+00:00,6.639999866485596,0.1459999978542328,,96.0,137.1999969482422,0.0,,,29.0
76.0,2026-09-20T13:08:38+00:00,6.639999866485596,,,99.0,137.39999389648438,0.0,,,29.0
79.0,2026-09-20T13:08:41+00:00,6.639999866485596,,,103.0,137.39999389648438,,,,29.0
83.0,2026-09-20T13:08:45+00:00,6.639999866485596,,,106.0,137.39999389648438,,,,29.0
89.0,2026-09-20T13:08:51+00:00,6.639999866485596,,,107.0,137.39999389648438,,,,29.0
95.0,2026-09-20T13:08:57+00:00,6.639999866485596,,,105.0,137.0,,,,29.0
101.0,2026-09-20T13:09:03+00:00,6.639999866485596,,,105.0,137.1999969482422,,,,29.0
104.0,2026-09-20T13:09:06+00:00,7.28000020980835,0.020999999716877937,,101.0,137.39999389648438,13.0,,,29.0
107.0,2026-09-20T13:09:09+00:00,7.28000020980835,,,98.0,137.39999389648438,13.0,,,29.0
112.0,2026-09-20T13:09:14+00:00,7.28000020980835,,,95.0,137.1999969482422,,,,29.0
114.0,2026-09-20T13:09:16+00:00,7.28000020980835,,,91.0,137.0,,,,29.0
116.0,2026-09-20T13:09:18+00:00,7.28000020980835,,,88.0,137.0,,,,29.0
119.0,2026-09-20T13:09:21+00:00,8.079999923706055,0.05299999937415123,,91.0,137.0,13.0,,,29.0
120.0,2026-09-20T13:09:22+00:00,8.890000343322754,0.8100000023841858,1234.5678976006923,95.0,137.1999969482422,13.0,,,29.0
121.0,2026-09-20T13:09:23+00:00,9.84000015258789,0.949999988079071,1052.631592156154,99.0,137.39999389648438,13.0,,,29.0
122.0,2026-09-20T13:09:24+00:00,10.760000228881836,0.9200000166893005,1086.956502021148,99.0,137.39999389648438,36.0,,,29.0
124.0,2026-09-20T13:09:26+00:00,12.579999923706055,0.9100000262260437,1098.901067230959,95.0,137.60000610351562,35.0,,,29.0
126.0,2026-09-20T13:09:28+00:00,14.229999542236328,0.824999988079071,1212.1212296358922,92.0,137.60000610351562,31.0,,,29.0
132.0,2026-09-20T13:09:34+00:00,15.039999961853027,0.13500000536441803,,92.0,137.60000610351562,0.0,,,29.0
135.0,2026-09-20T13:09:37+00:00,15.039999961853027,,,95.0,137.39999389648438,,,,29.0
138.0,2026-09-20T13:09:40+00:00,15.039999961853027,,,98.0,137.39999389648438,,,,29.0
141.0,2026-09-20T13:09:43+00:00,15.039999961853027,,,102.0,137.60000610351562,,,,29.0
146.0,2026-09-20T13:09:48+00:00,16.81999969482422,0.12700000405311584,,105.0,137.60000610351562,12.0,,,29.0
151.0,2026-09-20T13:09:53+00:00,18.59000015258789,0.3540000021457672,2824.858739939296,108.0,137.60000610351562,12.0,,,29.0
157.0,2026-09-20T13:09:59+00:00,18.59000015258789,,,107.0,137.60000610351562,,,,29.0
163.0,2026-09-20T13:10:05+00:00,18.59000015258789,,,107.0,137.39999389648438,,,,29.0
169.0,2026-09-20T13:10:11+00:00,18.59000015258789,,,105.0,137.39999389648438,,,,29.0
175.0,2026-09-20T13:10:17+00:00,18.59000015258789,,,106.0,137.39999389648438,,,,29.0
181.0,2026-09-20T13:10:23+00:00,18.59000015258789,,,108.0,137.39999389648438,,,,29.0
187.0,2026-09-20T13:10:29+00:00,18.59000015258789,,,108.0,137.60000610351562,,,,29.0
193.0,2026-09-20T13:10:35+00:00,18.59000015258789,,,106.0,137.60000610351562,,,,29.0
199.0,2026-09-20T13:10:41+00:00,18.59000015258789,,,105.0,137.8000030517578,,,,29.0
205.0,2026-09-20T13:10:47+00:00,18.59000015258789,,,106.0,137.60000610351562,,,,29.0
208.0,2026-09-20T13:10:50+00:00,18.59000015258789,,,110.0,137.60000610351562,,,,29.0
214.0,2026-09-20T13:10:56+00:00,18.59000015258789,,,109.0,137.8000030517578,,,,29.0
220.0,2026-09-20T13:11:02+00:00,18.59000015258789,,,111.0,137.60000610351562,,,,29.0
226.0,2026-09-20T13:11:08+00:00,18.59000015258789,,,114.0,138.0,,,,29.0
232.0,2026-09-20T13:11:14+00:00,18.59000015258789,,,112.0,137.8000030517578,,,,29.0
238.0,2026-09-20T13:11:20+00:00,18.59000015258789,,,111.0,137.60000610351562,,,,29.0
244.0,2026-09-20T13:11:26+00:00,18.59000015258789,,,109.0,137.8000030517578,,,,29.0
250.0,2026-09-20T13:11:32+00:00,18.59000015258789,,,112.0,137.60000610351562,,,,29.0
254.0,2026-09-20T13:11:36+00:00,18.59000015258789,,,115.0,137.60000610351562,,,,29.0
259.0,2026-09-20T13:11:41+00:00,18.59000015258789,,,118.0,137.60000610351562,,,,29.0
265.0,2026-09-20T13:11:47+00:00,18.59000015258789,,,117.0,138.0,,,,29.0
271.0,2026-09-20T13:11:53+00:00,18.59000015258789,,,115.0,138.1999969482422,,,,29.0
277.0,2026-09-20T13:11:59+00:00,18.59000015258789,,,115.0,138.1999969482422,,,,29.0
283.0,2026-09-20T13:12:05+00:00,18.59000015258789,,,116.0,138.0,,,,29.0
289.0,2026-09-20T13:12:11+00:00,18.59000015258789,,,118.0,138.1999969482422,,,,29.0
295.0,2026-09-20T13:12:17+00:00,18.59000015258789,,,117.0,138.1999969482422,,,,29.0
299.0,2026-09-20T13:12:21+00:00,18.59000015258789,,,117.0,138.1999969482422,,,,29.0
305.0,2026-09-20T13:12:27+00:00,18.59000015258789,,,118.0,138.39999389648438,,,,29.0
308.0,2026-09-20T13:12:30+00:00,18.59000015258789,,,115.0,138.39999389648438,,,,29.0
314.0,2026-09-20T13:12:36+00:00,18.59000015258789,,,116.0,138.39999389648438,,,,29.0
320.0,2026-09-20T13:12:42+00:00,18.59000015258789,,,117.0,138.39999389648438,,,,29.0
326.0,2026-09-20T13:12:48+00:00,18.59000015258789,,,119.0,138.1999969482422,,,,29.0
332.0,2026-09-20T13:12:54+00:00,18.59000015258789,,,120.0,138.0,,,,29.0
338.0,2026-09-20T13:13:00+00:00,18.59000015258789,,,118.0,138.0,,,,29.0
344.0,2026-09-20T13:13:06+00:00,18.59000015258789,,,120.0,138.0,,,,29.0
350.0,2026-09-20T13:13:12+00:00,18.59000015258789,,,118.0,138.1999969482422,,,,29.0
356.0,2026-09-20T13:13:18+00:00,18.59000015258789,,,117.0,137.8000030517578,,,,29.0
362.0,2026-09-20T13:13:24+00:00,18.59000015258789,,,118.0,138.0,,,,29.0
368.0,2026-09-20T13:13:30+00:00,18.59000015258789,,,121.0,137.60000610351562,,,,29.0
374.0,2026-09-20T13:13:36+00:00,18.59000015258789,,,122.0,137.8000030517578,,,,29.0
380.0,2026-09-20T13:13:42+00:00,18.59000015258789,,,123.0,137.60000610351562,,,,29.0
386.0,2026-09-20T13:13:48+00:00,18.59000015258789,,,122.0,137.60000610351562,,,,29.0
391.0,2026-09-20T13:13:53+00:00,18.59000015258789,,,122.0,137.1999969482422,,,,29.0
397.0,2026-09-20T13:13:59+00:00,18.59000015258789,,,121.0,137.1999969482422,,,,29.0
403.0,2026-09-20T13:14:05+00:00,18.59000015258789,,,121.0,137.0,,,,29.0
409.0,2026-09-20T13:14:11+00:00,19.139999389648438,0.0020000000949949026,,122.0,137.0,21.0,,,29.0
415.0,2026-09-20T13:14:17+00:00,19.690000534057617,0.09200000017881393,,123.0,137.1999969482422,0.0,,,29.0
421.0,2026-09-20T13:14:23+00:00,19.690000534057617,,,122.0,137.1999969482422,,,,29.0
427.0,2026-09-20T13:14:29+00:00,19.690000534057617,,,123.0,137.1999969482422,,,,29.0
433.0,2026-09-20T13:14:35+00:00,24.059999465942383,0.24300000071525574,,124.0,137.1999969482422,0.0,,,29.0
439.0,2026-09-20T13:14:41+00:00,24.059999465942383,,,125.0,137.1999969482422,,,,29.0
445.0,2026-09-20T13:14:47+00:00,24.059999465942383,,,124.0,137.1999969482422,,,,29.0
451.0,2026-09-20T13:14:53+00:00,24.059999465942383,,,125.0,137.1999969482422,,,,28.0
457.0,2026-09-20T13:14:59+00:00,24.059999465942383,,,125.0,137.1999969482422,,,,28.0
463.0,2026-09-20T13:15:05+00:00,24.059999465942383,,,126.0,137.39999389648438,,,,28.0
469.0,2026-09-20T13:15:11+00:00,24.059999465942383,,,127.0,137.1999969482422,,,,28.0
475.0,2026-09-20T13:15:17+00:00,24.059999465942383,,,127.0,137.0,,,,28.0
481.0,2026-09-20T13:15:23+00:00,28.3700008392334,0.09000000357627869,,126.0,137.1999969482422,22.0,,,28.0
487.0,2026-09-20T13:15:29+00:00,28.3700008392334,,,127.0,136.8000030517578,,,,28.0
493.0,2026-09-20T13:15:35+00:00,28.3700008392334,,,126.0,136.39999389648438,,,,28.0
496.0,2026-09-20T13:15:38+00:00,28.3700008392334,,,126.0,136.1999969482422,,,,28.0
502.0,2026-09-20T13:15:44+00:00,30.149999618530273,0.08500000089406967,,129.0,136.1999969482422,21.0,,,28.0
508.0,2026-09-20T13:15:50+00:00,30.690000534057617,0.09000000357627869,,129.0,136.0,0.0,,,28.0
514.0,2026-09-20T13:15:56+00:00,30.690000534057617,,,129.0,136.0,,,,28.0
520.0,2026-09-20T13:16:02+00:00,30.690000534057617,,,129.0,135.8000030517578,,,,28.0
526.0,2026-09-20T13:16:08+00:00,30.690000534057617,,,129.0,135.60000610351562,,,,28.0
532.0,2026-09-20T13:16:14+00:00,30.690000534057617,,,129.0,135.8000030517578,,,,28.0
538.0,2026-09-20T13:16:20+00:00,34.0,0.10999999940395355,,130.0,136.0,30.0,,,28.0
544.0,2026-09-20T13:16:26+00:00,34.0,,,129.0,136.0,0.0,,,28.0
550.0,2026-09-20T13:16:32+00:00,34.0,,,130.0,136.0,,,,28.0
556.0,2026-09-20T13:16:38+00:00,34.0,,,129.0,135.8000030517578,,,,28.0
562.0,2026-09-20T13:16:44+00:00,34.0,,,128.0,135.8000030517578,,,,28.0
568.0,2026-09-20T13:16:50+00:00,34.0,,,126.0,136.0,,,,28.0
574.0,2026-09-20T13:16:56+00:00,38.63999938964844,0.1289999932050705,,125.0,135.60000610351562,14.0,,,28.0
580.0,2026-09-20T13:17:02+00:00,38.63999938964844,,,127.0,135.8000030517578,0.0,,,28.0
586.0,2026-09-20T13:17:08+00:00,42.380001068115234,0.31200000643730164,3205.128138998793,129.0,135.60000610351562,28.0,,,28.0
592.0,2026-09-20T13:17:14+00:00,44.849998474121094,0.41200000047683716,2427.184463210263,128.0,135.8000030517578,0.0,,,28.0
598.0,2026-09-20T13:17:20+00:00,47.33000183105469,0.4129999876022339,2421.3075787380267,127.0,135.60000610351562,31.0,,,28.0
601.0,2026-09-20T13:17:23+00:00,50.5099983215332,1.059999942779541,943.3962773411018,130.0,135.60000610351562,43.0,,,28.0
607.0,2026-09-20T13:17:29+00:00,50.5099983215332,,,129.0,135.39999389648438,0.0,,,28.0
609.0,2026-09-20T13:17:31+00:00,51.459999084472656,0.11900000274181366,,129.0,135.1999969482422,26.0,,,28.0
615.0,2026-09-20T13:17:37+00:00,54.599998474121094,0.5230000019073486,1912.0458821282255,128.0,134.8000030517578,30.0,,,28.0
619.0,2026-09-20T13:17:41+00:00,56.97999954223633,0.5950000286102295,1680.6721880934167,125.0,134.8000030517578,40.0,,,28.0
624.0,2026-09-20T13:17:46+00:00,58.0099983215332,0.20600000023841858,,128.0,135.0,18.0,,,28.0
627.0,2026-09-20T13:17:49+00:00,58.0099983215332,,,130.0,134.8000030517578,18.0,,,28.0
633.0,2026-09-20T13:17:55+00:00,59.099998474121094,0.12099999934434891,,128.0,134.39999389648438,15.0,,,28.0
639.0,2026-09-20T13:18:01+00:00,59.099998474121094,,,128.0,134.39999389648438,,,,28.0
645.0,2026-09-20T13:18:07+00:00,59.099998474121094,,,129.0,134.60000610351562,,,,28.0
649.0,2026-09-20T13:18:11+00:00,59.099998474121094,,,126.0,134.39999389648438,,,,28.0
655.0,2026-09-20T13:18:17+00:00,59.099998474121094,,,125.0,134.39999389648438,,,,28.0
661.0,2026-09-20T13:18:23+00:00,59.099998474121094,,,125.0,134.39999389648438,,,,28.0
664.0,2026-09-20T13:18:26+00:00,59.099998474121094,,,122.0,134.39999389648438,,,,28.0
668.0,2026-09-20T13:18:30+00:00,59.099998474121094,,,125.0,134.39999389648438,,,,28.0
670.0,2026-09-20T13:18:32+00:00,59.099998474121094,,,128.0,134.39999389648438,,,,28.0
676.0,2026-09-20T13:18:38+00:00,59.099998474121094,,,130.0,134.1999969482422,,,,28.0
678.0,2026-09-20T13:18:40+00:00,59.099998474121094,,,129.0,134.1999969482422,,,,28.0
684.0,2026-09-20T13:18:46+00:00,59.099998474121094,,,130.0,133.8000030517578,,,,28.0
690.0,2026-09-20T13:18:52+00:00,59.099998474121094,,,131.0,133.8000030517578,,,,28.0
696.0,2026-09-20T13:18:58+00:00,59.099998474121094,,,129.0,134.0,,,,28.0
702.0,2026-09-20T13:19:04+00:00,59.099998474121094,,,129.0,133.8000030517578,,,,28.0
708.0,2026-09-20T13:19:10+00:00,59.099998474121094,,,128.0,134.0,,,,28.0
714.0,2026-09-20T13:19:16+00:00,59.099998474121094,,,129.0,134.0,,,,28.0
720.0,2026-09-20T13:19:22+00:00,59.099998474121094,,,128.0,133.8000030517578,,,,28.0
726.0,2026-09-20T13:19:28+00:00,59.099998474121094,,,128.0,133.8000030517578,,,,28.0
732.0,2026-09-20T13:19:34+00:00,59.099998474121094,,,129.0,133.8000030517578,,,,28.0
738.0,2026-09-20T13:19:40+00:00,59.099998474121094,,,129.0,133.8000030517578,,,,28.0
744.0,2026-09-20T13:19:46+00:00,59.099998474121094,,,129.0,134.0,,,,28.0
750.0,2026-09-20T13:19:52+00:00,59.099998474121094,,,129.0,134.1999969482422,,,,28.0
753.0,2026-09-20T13:19:55+00:00,59.099998474121094,,,126.0,133.8000030517578,,,,28.0
759.0,2026-09-20T13:20:01+00:00,59.099998474121094,,,126.0,133.8000030517578,,,,28.0
765.0,2026-09-20T13:20:07+00:00,59.099998474121094,,,126.0,134.0,,,,28.0
771.0,2026-09-20T13:20:13+00:00,59.099998474121094,,,124.0,133.8000030517578,,,,28.0
774.0,2026-09-20T13:20:16+00:00,59.099998474121094,,,127.0,134.1999969482422,,,,28.0
776.0,2026-09-20T13:20:18+00:00,59.099998474121094,,,130.0,134.39999389648438,,,,28.0
782.0,2026-09-20T13:20:24+00:00,59.099998474121094,,,129.0,134.0,,,,28.0
788.0,2026-09-20T13:20:30+00:00,59.099998474121094,,,126.0,134.0,,,,28.0
794.0,2026-09-20T13:20:36+00:00,59.099998474121094,,,128.0,133.8000030517578,,,,28.0
800.0,2026-09-20T13:20:42+00:00,59.099998474121094,,,128.0,133.8000030517578,,,,28.0
806.0,2026-09-20T13:20:48+00:00,59.099998474121094,,,128.0,133.8000030517578,,,,28.0
812.0,2026-09-20T13:20:54+00:00,59.099998474121094,,,127.0,133.8000030517578,,,,28.0
818.0,2026-09-20T13:21:00+00:00,59.099998474121094,,,128.0,133.8000030517578,,,,28.0
824.0,2026-09-20T13:21:06+00:00,59.099998474121094,,,127.0,133.8000030517578,,,,27.0
830.0,2026-09-20T13:21:12+00:00,59.099998474121094,,,128.0,133.39999389648438,,,,27.0
836.0,2026-09-20T13:21:18+00:00,59.099998474121094,,,131.0,133.1999969482422,,,,27.0
837.0,2026-09-20T13:21:19+00:00,59.099998474121094,,,131.0,133.1999969482422,,,,27.0
843.0,2026-09-20T13:21:25+00:00,59.099998474121094,,,131.0,132.8000030517578,,,,27.0
849.0,2026-09-20T13:21:31+00:00,59.099998474121094,,,129.0,133.1999969482422,,,,27.0
851.0,2026-09-20T13:21:33+00:00,59.099998474121094,,,132.0,133.1999969482422,,,,27.0
857.0,2026-09-20T13:21:39+00:00,59.099998474121094,,,130.0,133.1999969482422,,,,27.0
863.0,2026-09-20T13:21:45+00:00,59.099998474121094,,,128.0,133.1999969482422,,,,27.0
869.0,2026-09-20T13:21:51+00:00,59.099998474121094,,,129.0,133.0,,,,27.0
875.0,2026-09-20T13:21:57+00:00,59.099998474121094,,,130.0,133.0,,,,27.0
879.0,2026-09-20T13:22:01+00:00,59.099998474121094,,,133.0,133.0,,,,27.0
883.0,2026-09-20T13:22:05+00:00,59.099998474121094,,,136.0,133.39999389648438,,,,27.0
889.0,2026-09-20T13:22:11+00:00,59.099998474121094,,,138.0,133.60000610351562,,,,27.0
892.0,2026-09-20T13:22:14+00:00,59.099998474121094,,,135.0,133.60000610351562,,,,27.0
894.0,2026-09-20T13:22:16+00:00,59.099998474121094,,,132.0,133.60000610351562,,,,27.0
900.0,2026-09-20T13:22:22+00:00,59.099998474121094,,,131.0,133.8000030517578,,,,27.0
906.0,2026-09-20T13:22:28+00:00,59.099998474121094,,,129.0,133.60000610351562,,,,27.0
912.0,2026-09-20T13:22:34+00:00,62.02000045776367,0.009999999776482582,,130.0,133.39999389648438,14.0,,,27.0
917.0,2026-09-20T13:22:39+00:00,62.02000045776367,,,127.0,133.1999969482422,14.0,,,27.0
923.0,2026-09-20T13:22:45+00:00,62.02000045776367,,,127.0,133.1999969482422,,,,27.0
929.0,2026-09-20T13:22:51+00:00,62.02000045776367,,,126.0,133.39999389648438,,,,27.0
935.0,2026-09-20T13:22:57+00:00,62.02000045776367,,,126.0,133.1999969482422,,,,27.0
941.0,2026-09-20T13:23:03+00:00,62.02000045776367,,,126.0,133.0,,,,27.0
947.0,2026-09-20T13:23:09+00:00,62.02000045776367,,,127.0,132.8000030517578,,,,27.0
950.0,2026-09-20T13:23:12+00:00,62.02000045776367,,,130.0,133.0,,,,27.0
956.0,2026-09-20T13:23:18+00:00,62.02000045776367,,,132.0,132.8000030517578,,,,27.0
962.0,2026-09-20T13:23:24+00:00,66.94000244140625,0.09799999743700027,,132.0,132.8000030517578,13.0,,,27.0
968.0,2026-09-20T13:23:30+00:00,70.48999786376953,0.5920000076293945,1689.1891674197793,131.0,133.1999969482422,0.0,,,27.0
974.0,2026-09-20T13:23:36+00:00,70.48999786376953,,,130.0,133.0,,,,27.0
980.0,2026-09-20T13:23:42+00:00,70.48999786376953,,,130.0,132.60000610351562,,,,27.0
986.0,2026-09-20T13:23:48+00:00,70.48999786376953,,,132.0,132.39999389648438,,,,27.0
992.0,2026-09-20T13:23:54+00:00,70.48999786376953,,,132.0,132.60000610351562,,,,27.0
998.0,2026-09-20T13:24:00+00:00,70.48999786376953,,,133.0,132.8000030517578,,,,27.0
1004.0,2026-09-20T13:24:06+00:00,70.48999786376953,,,131.0,132.39999389648438,,,,27.0
1010.0,2026-09-20T13:24:12+00:00,70.48999786376953,,,132.0,132.39999389648438,,,,27.0
1016.0,2026-09-20T13:24:18+00:00,70.48999786376953,,,133.0,132.60000610351562,,,,27.0
1022.0,2026-09-20T13:24:24+00:00,70.48999786376953,,,134.0,132.60000610351562,,,,27.0
1028.0,2026-09-20T13:24:30+00:00,70.48999786376953,,,133.0,132.39999389648438,,,,27.0
1034.0,2026-09-20T13:24:36+00:00,70.48999786376953,,,131.0,132.39999389648438,,,,27.0
1040.0,2026-09-20T13:24:42+00:00,70.48999786376953,,,131.0,132.1999969482422,,,,27.0
1046.0,2026-09-20T13:24:48+00:00,70.48999786376953,,,129.0,132.1999969482422,,,,27.0
1052.0,2026-09-20T13:24:54+00:00,70.48999786376953,,,128.0,132.1999969482422,,,,27.0
1058.0,2026-09-20T13:25:00+00:00,70.48999786376953,,,131.0,132.39999389648438,,,,27.0
1064.0,2026-09-20T13:25:06+00:00,70.48999786376953,,,130.0,132.60000610351562,,,,27.0
1070.0,2026-09-20T13:25:12+00:00,70.48999786376953,,,131.0,132.8000030517578,,,,27.0
1076.0,2026-09-20T13:25:18+00:00,70.48999786376953,,,131.0,132.60000610351562,,,,27.0
1082.0,2026-09-20T13:25:24+00:00,70.48999786376953,,,132.0,132.60000610351562,,,,27.0
1088.0,2026-09-20T13:25:30+00:00,70.48999786376953,,,131.0,132.60000610351562,,,,27.0
1094.0,2026-09-20T13:25:36+00:00,70.48999786376953,,,130.0,132.39999389648438,,,,27.0
1098.0,2026-09-20T13:25:40+00:00,70.48999786376953,,,129.0,132.0,,,,27.0
1104.0,2026-09-20T13:25:46+00:00,70.48999786376953,,,131.0,132.39999389648438,,,,27.0
1106.0,2026-09-20T13:25:48+00:00,70.48999786376953,,,134.0,132.60000610351562,,,,27.0
1112.0,2026-09-20T13:25:54+00:00,70.48999786376953,,,131.0,132.8000030517578,,,,27.0
1118.0,2026-09-20T13:26:00+00:00,70.48999786376953,,,130.0,132.8000030517578,,,,27.0
1124.0,2026-09-20T13:26:06+00:00,70.48999786376953,,,129.0,133.0,,,,27.0
1130.0,2026-09-20T13:26:12+00:00,70.48999786376953,,,128.0,132.8000030517578,,,,27.0
1136.0,2026-09-20T13:26:18+00:00,70.48999786376953,,,127.0,132.60000610351562,,,,27.0
1142.0,2026-09-20T13:26:24+00:00,70.48999786376953,,,127.0,132.1999969482422,,,,27.0
1147.0,2026-09-20T13:26:29+00:00,70.48999786376953,,,131.0,132.0,,,,27.0
1153.0,2026-09-20T13:26:35+00:00,70.48999786376953,,,129.0,132.1999969482422,,,,27.0
1159.0,2026-09-20T13:26:41+00:00,70.48999786376953,,,130.0,132.39999389648438,,,,27.0
1165.0,2026-09-20T13:26:47+00:00,70.48999786376953,,,129.0,132.1999969482422,,,,27.0
1171.0,2026-09-20T13:26:53+00:00,70.48999786376953,,,128.0,131.8000030517578,,,,27.0
1177.0,2026-09-20T13:26:59+00:00,70.48999786376953,,,128.0,131.8000030517578,,,,27.0
1183.0,2026-09-20T13:27:05+00:00,70.48999786376953,,,127.0,131.8000030517578,,,,27.0
1189.0,2026-09-20T13:27:11+00:00,70.48999786376953,,,129.0,131.8000030517578,,,,27.0
1195.0,2026-09-20T13:27:17+00:00,70.48999786376953,,,131.0,131.60000610351562,,,,27.0
1201.0,2026-09-20T13:27:23+00:00,70.48999786376953,,,133.0,131.39999389648438,,,,27.0
1207.0,2026-09-20T13:27:29+00:00,70.48999786376953,,,133.0,131.60000610351562,,,,27.0
1213.0,2026-09-20T13:27:35+00:00,70.48999786376953,,,134.0,131.1999969482422,,,,27.0
1219.0,2026-09-20T13:27:41+00:00,70.48999786376953,,,132.0,131.39999389648438,,,,27.0
1225.0,2026-09-20T13:27:47+00:00,70.48999786376953,,,131.0,131.39999389648438,,,,27.0
1231.0,2026-09-20T13:27:53+00:00,70.48999786376953,,,130.0,131.1999969482422,,,,27.0
1237.0,2026-09-20T13:27:59+00:00,70.48999786376953,,,128.0,131.1999969482422,,,,27.0
1243.0,2026-09-20T13:28:05+00:00,70.48999786376953,,,128.0,131.1999969482422,,,,27.0
1249.0,2026-09-20T13:28:11+00:00,70.48999786376953,,,129.0,131.39999389648438,,,,27.0
1255.0,2026-09-20T13:28:17+00:00,70.48999786376953,,,130.0,131.0,,,,27.0
1256.0,2026-09-20T13:28:18+00:00,70.48999786376953,,,130.0,131.0,,,,27.0
1262.0,2026-09-20T13:28:24+00:00,70.48999786376953,,,130.0,131.0,,,,27.0
1268.0,2026-09-20T13:28:30+00:00,70.48999786376953,,,131.0,131.1999969482422,,,,27.0
1274.0,2026-09-20T13:28:36+00:00,70.48999786376953,,,132.0,131.1999969482422,,,,27.0
1280.0,2026-09-20T13:28:42+00:00,70.48999786376953,,,133.0,131.1999969482422,,,,27.0
1286.0,2026-09-20T13:28:48+00:00,70.48999786376953,,,133.0,131.1999969482422,,,,27.0
1292.0,2026-09-20T13:28:54+00:00,70.48999786376953,,,132.0,131.39999389648438,,,,27.0
1298.0,2026-09-20T13:29:00+00:00,70.48999786376953,,,132.0,131.1999969482422,,,,27.0
1304.0,2026-09-20T13:29:06+00:00,73.55999755859375,0.008999999612569809,,129.0,131.0,0.0,,,27.0
1307.0,2026-09-20T13:29:09+00:00,73.55999755859375,,,126.0,131.0,0.0,,,27.0
1313.0,2026-09-20T13:29:15+00:00,73.55999755859375,,,126.0,130.8000030517578,,,,27.0
1319.0,2026-09-20T13:29:21+00:00,73.55999755859375,,,125.0,130.8000030517578,,,,27.0
1324.0,2026-09-20T13:29:26+00:00,73.55999755859375,,,122.0,131.0,,,,27.0
1330.0,2026-09-20T13:29:32+00:00,73.55999755859375,,,121.0,131.60000610351562,,,,27.0
1333.0,2026-09-20T13:29:35+00:00,79.97000122070312,0.22100000083446503,,123.0,131.8000030517578,34.0,,,27.0
1339.0,2026-09-20T13:29:41+00:00,84.54000091552734,0.7620000243186951,1312.3359161229698,127.0,131.39999389648438,5.0,,,27.0
1342.0,2026-09-20T13:29:44+00:00,84.54000091552734,,,130.0,131.1999969482422,0.0,,,27.0
1348.0,2026-09-20T13:29:50+00:00,88.54000091552734,0.4440000057220459,2252.2522232263727,129.0,131.8000030517578,16.0,,,26.0
1351.0,2026-09-20T13:29:53+00:00,90.54000091552734,0.6669999957084656,1499.2503844588975,134.0,131.8000030517578,16.0,,,26.0
1355.0,2026-09-20T13:29:57+00:00,90.54000091552734,,,133.0,132.1999969482422,16.0,,,26.0
1361.0,2026-09-20T13:30:03+00:00,94.36000061035156,0.38199999928474426,2617.8010520219823,134.0,133.0,24.0,,,26.0
1363.0,2026-09-20T13:30:05+00:00,95.2699966430664,0.45500001311302185,2197.802134461918,136.0,133.1999969482422,0.0,,,26.0
1367.0,2026-09-20T13:30:09+00:00,95.2699966430664,,,133.0,132.60000610351562,0.0,,,26.0
1373.0,2026-09-20T13:30:15+00:00,95.2699966430664,,,133.0,132.8000030517578,,,,26.0
1375.0,2026-09-20T13:30:17+00:00,95.2699966430664,,,136.0,132.8000030517578,,,,26.0
1381.0,2026-09-20T13:30:23+00:00,95.2699966430664,,,139.0,133.1999969482422,,,,26.0
1387.0,2026-09-20T13:30:29+00:00,95.2699966430664,,,141.0,133.39999389648438,,,,26.0
1393.0,2026-09-20T13:30:35+00:00,95.2699966430664,,,144.0,133.60000610351562,,,,26.0
1399.0,2026-09-20T13:30:41+00:00,95.2699966430664,,,145.0,133.60000610351562,,,,26.0
1405.0,2026-09-20T13:30:47+00:00,95.2699966430664,,,145.0,133.8000030517578,,,,26.0
1411.0,2026-09-20T13:30:53+00:00,95.2699966430664,,,146.0,133.8000030517578,,,,26.0
1417.0,2026-09-20T13:30:59+00:00,95.2699966430664,,,146.0,134.1999969482422,,,,26.0
1423.0,2026-09-20T13:31:05+00:00,95.2699966430664,,,147.0,134.1999969482422,,,,26.0
1429.0,2026-09-20T13:31:11+00:00,95.2699966430664,,,148.0,134.1999969482422,,,,26.0
1435.0,2026-09-20T13:31:17+00:00,95.2699966430664,,,148.0,134.1999969482422,,,,26.0
1441.0,2026-09-20T13:31:23+00:00,95.2699966430664,,,150.0,134.39999389648438,,,,26.0
1442.0,2026-09-20T13:31:24+00:00,95.2699966430664,,,154.0,134.1999969482422,,,,26.0
1443.0,2026-09-20T13:31:25+00:00,95.2699966430664,,,154.0,134.1999969482422,,,,26.0
1446.0,2026-09-20T13:31:28+00:00,95.2699966430664,,,150.0,134.1999969482422,,,,26.0
1452.0,2026-09-20T13:31:34+00:00,95.2699966430664,,,150.0,134.39999389648438,,,,26.0
1458.0,2026-09-20T13:31:40+00:00,95.2699966430664,,,151.0,134.0,,,,26.0
1464.0,2026-09-20T13:31:46+00:00,95.2699966430664,,,151.0,133.8000030517578,,,,26.0
1470.0,2026-09-20T13:31:52+00:00,95.2699966430664,,,150.0,134.1999969482422,,,,26.0
1476.0,2026-09-20T13:31:58+00:00,95.2699966430664,,,151.0,134.0,,,,26.0
1482.0,2026-09-20T13:32:04+00:00,95.2699966430664,,,151.0,134.0,,,,26.0
1488.0,2026-09-20T13:32:10+00:00,95.2699966430664,,,154.0,134.1999969482422,,,,26.0
1494.0,2026-09-20T13:32:16+00:00,95.2699966430664,,,152.0,134.0,,,,26.0
1500.0,2026-09-20T13:32:22+00:00,95.2699966430664,,,151.0,133.8000030517578,,,,25.0
1506.0,2026-09-20T13:32:28+00:00,95.2699966430664,,,151.0,134.0,,,,25.0
1512.0,2026-09-20T13:32:34+00:00,95.2699966430664,,,153.0,133.60000610351562,,,,25.0
1518.0,2026-09-20T13:32:40+00:00,95.2699966430664,,,154.0,133.39999389648438,,,,25.0
1524.0,2026-09-20T13:32:46+00:00,95.2699966430664,,,153.0,133.8000030517578,,,,25.0
1530.0,2026-09-20T13:32:52+00:00,95.2699966430664,,,155.0,133.8000030517578,,,,25.0
1536.0,2026-09-20T13:32:58+00:00,95.2699966430664,,,154.0,133.8000030517578,,,,25.0
1542.0,2026-09-20T13:33:04+00:00,95.2699966430664,,,154.0,134.0,,,,25.0
1548.0,2026-09-20T13:33:10+00:00,95.2699966430664,,,154.0,133.8000030517578,,,,25.0
1554.0,2026-09-20T13:33:16+00:00,95.2699966430664,,,154.0,133.60000610351562,,,,25.0
1560.0,2026-09-20T13:33:22+00:00,95.2699966430664,,,154.0,133.60000610351562,,,,25.0
1566.0,2026-09-20T13:33:28+00:00,95.2699966430664,,,155.0,133.39999389648438,,,,25.0
1572.0,2026-09-20T13:33:34+00:00,95.2699966430664,,,155.0,133.1999969482422,,,,25.0
1578.0,2026-09-20T13:33:40+00:00,95.2699966430664,,,154.0,133.60000610351562,,,,25.0
1582.0,2026-09-20T13:33:44+00:00,95.2699966430664,,,151.0,133.39999389648438,,,,25.0
1587.0,2026-09-20T13:33:49+00:00,95.2699966430664,,,148.0,133.39999389648438,,,,25.0
1592.0,2026-09-20T13:33:54+00:00,95.2699966430664,,,151.0,133.39999389648438,,,,25.0
1595.0,2026-09-20T13:33:57+00:00,99.30000305175781,0.017000000923871994,,149.0,133.0,18.0,,,25.0
1601.0,2026-09-20T13:34:03+00:00,101.94000244140625,0.4399999976158142,2272.727285042282,147.0,132.39999389648438,21.0,,,25.0
1606.0,2026-09-20T13:34:08+00:00,101.94000244140625,,,144.0,132.60000610351562,,,,25.0
1608.0,2026-09-20T13:34:10+00:00,101.94000244140625,,,141.0,132.8000030517578,,,,25.0
1610.0,2026-09-20T13:34:12+00:00,101.94000244140625,,,138.0,132.8000030517578,,,,25.0
1616.0,2026-09-20T13:34:18+00:00,101.94000244140625,,,137.0,132.60000610351562,,,,25.0
1617.0,2026-09-20T13:34:19+00:00,101.94000244140625,,,134.0,132.60000610351562,,,,25.0
1619.0,2026-09-20T13:34:21+00:00,101.94000244140625,,,130.0,132.39999389648438,,,,25.0
1624.0,2026-09-20T13:34:26+00:00,101.94000244140625,,,126.0,132.39999389648438,,,,25.0
1630.0,2026-09-20T13:34:32+00:00,104.29000091552734,0.08100000023841858,,125.0,132.1999969482422,80.0,,,25.0
1633.0,2026-09-20T13:34:35+00:00,109.5,1.7369999885559082,575.7052427106642,128.0,132.1999969482422,90.0,,,25.0
1634.0,2026-09-20T13:34:36+00:00,109.5,,,129.0,132.0,90.0,,,25.0
1638.0,2026-09-20T13:34:40+00:00,109.5,,,127.0,131.8000030517578,90.0,,,25.0
1639.0,2026-09-20T13:34:41+00:00,109.5,,,124.0,131.8000030517578,90.0,,,25.0
1641.0,2026-09-20T13:34:43+00:00,109.5,,,121.0,131.8000030517578,,,,25.0
1644.0,2026-09-20T13:34:46+00:00,112.80999755859375,0.3009999990463257,3322.259146738715,125.0,131.8000030517578,11.0,,,25.0
1646.0,2026-09-20T13:34:48+00:00,115.86000061035156,1.524999976158142,655.7377151698396,128.0,131.8000030517578,16.0,,,25.0
1648.0,2026-09-20T13:34:50+00:00,118.75,1.4450000524520874,692.0414973709196,131.0,132.0,16.0,,,25.0
1653.0,2026-09-20T13:34:55+00:00,125.36000061035156,1.3220000267028809,756.4296367633506,134.0,132.0,16.0,,,25.0
1659.0,2026-09-20T13:35:01+00:00,132.5500030517578,1.1979999542236328,834.7245727968769,136.0,131.8000030517578,16.0,,,25.0
1665.0,2026-09-20T13:35:07+00:00,139.38999938964844,1.1399999856948853,877.1929934634618,138.0,132.1999969482422,16.0,,,25.0
1669.0,2026-09-20T13:35:11+00:00,143.8699951171875,1.1200000047683716,892.8571390558262,138.0,132.39999389648438,16.0,,,25.0
1675.0,2026-09-20T13:35:17+00:00,150.52000427246094,1.1080000400543213,902.527043185823,139.0,132.60000610351562,16.0,,,25.0
1681.0,2026-09-20T13:35:23+00:00,157.1300048828125,1.1019999980926514,907.441017904543,140.0,132.8000030517578,16.0,,,25.0
1687.0,2026-09-20T13:35:29+00:00,163.72999572753906,1.100000023841858,909.0908893868947,142.0,132.60000610351562,16.0,,,25.0
1693.0,2026-09-20T13:35:35+00:00,170.30999755859375,1.097000002861023,911.5770258814559,142.0,132.8000030517578,16.0,,,25.0
1697.0,2026-09-20T13:35:39+00:00,173.60000610351562,0.8230000138282776,1215.0668082596828,145.0,132.8000030517578,16.0,,,25.0
1700.0,2026-09-20T13:35:42+00:00,173.60000610351562,,,142.0,132.39999389648438,16.0,,,25.0
1703.0,2026-09-20T13:35:45+00:00,173.60000610351562,,,139.0,132.39999389648438,16.0,,,25.0
1709.0,2026-09-20T13:35:51+00:00,180.11000061035156,0.5419999957084656,1845.0184647932847,140.0,132.0,13.0,,,25.0
1714.0,2026-09-20T13:35:56+00:00,186.75999450683594,1.3300000429153442,751.8796749870864,143.0,132.39999389648438,15.0,,,25.0
1720.0,2026-09-20T13:36:02+00:00,193.9199981689453,1.1929999589920044,838.2229961222506,145.0,132.39999389648438,16.0,,,25.0
1726.0,2026-09-20T13:36:08+00:00,200.77999877929688,1.1430000066757202,874.8906335603455,147.0,131.8000030517578,16.0,,,25.0
1732.0,2026-09-20T13:36:14+00:00,207.5,1.1200000047683716,892.8571390558262,148.0,132.1999969482422,16.0,,,25.0
1738.0,2026-09-20T13:36:20+00:00,214.1699981689453,1.1119999885559082,899.2805847944691,148.0,132.1999969482422,16.0,,,25.0
1744.0,2026-09-20T13:36:26+00:00,220.8300018310547,1.1100000143051147,900.900889290549,149.0,132.1999969482422,16.0,,,25.0
1750.0,2026-09-20T13:36:32+00:00,227.4600067138672,1.1050000190734863,904.9773599447301,150.0,132.60000610351562,16.0,,,25.0
1756.0,2026-09-20T13:36:38+00:00,229.8800048828125,0.40299999713897705,2481.389595779932,151.0,132.0,4.0,,,25.0
1762.0,2026-09-20T13:36:44+00:00,233.00999450683594,0.5220000147819519,1915.7087580116577,151.0,132.0,11.0,,,25.0
1768.0,2026-09-20T13:36:50+00:00,239.8699951171875,1.1430000066757202,874.8906335603455,151.0,132.1999969482422,15.0,,,25.0
1774.0,2026-09-20T13:36:56+00:00,246.60000610351562,1.121999979019165,891.2656138141682,152.0,132.60000610351562,16.0,,,25.0
1780.0,2026-09-20T13:37:02+00:00,253.25999450683594,1.1100000143051147,900.900889290549,153.0,132.60000610351562,16.0,,,25.0
1786.0,2026-09-20T13:37:08+00:00,259.8800048828125,1.1030000448226929,906.6182768476224,154.0,132.39999389648438,16.0,,,25.0
1792.0,2026-09-20T13:37:14+00:00,266.489990234375,1.1019999980926514,907.441017904543,154.0,132.39999389648438,16.0,,,25.0
1798.0,2026-09-20T13:37:20+00:00,273.0899963378906,1.100000023841858,909.0908893868947,153.0,132.0,16.0,,,25.0
1804.0,2026-09-20T13:37:26+00:00,279.70001220703125,1.1019999980926514,907.441017904543,153.0,132.39999389648438,16.0,,,25.0
1810.0,2026-09-20T13:37:32+00:00,286.29998779296875,1.100000023841858,909.0908893868947,153.0,133.0,16.0,,,25.0
1816.0,2026-09-20T13:37:38+00:00,293.04998779296875,1.125,888.8888888888889,153.0,133.0,18.0,,,25.0
1822.0,2026-09-20T13:37:44+00:00,299.9599914550781,1.1519999504089355,868.0555929234382,153.0,132.60000610351562,17.0,,,25.0
1828.0,2026-09-20T13:37:50+00:00,306.7099914550781,1.125,888.8888888888889,153.0,132.1999969482422,17.0,,,25.0
1834.0,2026-09-20T13:37:56+00:00,313.3800048828125,1.1119999885559082,899.2805847944691,153.0,132.1999969482422,16.0,,,25.0
1840.0,2026-09-20T13:38:02+00:00,320.0,1.1030000448226929,906.6182768476224,154.0,132.1999969482422,16.0,,,25.0
1846.0,2026-09-20T13:38:08+00:00,326.6400146484375,1.1069999933242798,903.3423722045718,155.0,132.1999969482422,16.0,,,25.0
1852.0,2026-09-20T13:38:14+00:00,333.2799987792969,1.1069999933242798,903.3423722045718,156.0,132.1999969482422,16.0,,,25.0
1858.0,2026-09-20T13:38:20+00:00,339.9100036621094,1.1050000190734863,904.9773599447301,156.0,132.39999389648438,16.0,,,25.0
1864.0,2026-09-20T13:38:26+00:00,346.54998779296875,1.1069999933242798,903.3423722045718,156.0,132.39999389648438,16.0,,,25.0
1870.0,2026-09-20T13:38:32+00:00,349.8699951171875,0.5529999732971191,1808.3183513332901,154.0,132.39999389648438,16.0,,,25.0
1872.0,2026-09-20T13:38:34+00:00,349.8699951171875,,,153.0,132.1999969482422,16.0,,,25.0
1878.0,2026-09-20T13:38:40+00:00,359.0199890136719,1.1440000534057617,874.1258333187448,153.0,132.60000610351562,33.0,,,25.0
1884.0,2026-09-20T13:38:46+00:00,359.1400146484375,0.019999999552965164,,154.0,132.1999969482422,5.0,,,25.0
1890.0,2026-09-20T13:38:52+00:00,359.2699890136719,0.02199999988079071,,156.0,131.8000030517578,5.0,,,25.0
1896.0,2026-09-20T13:38:58+00:00,359.2699890136719,,,158.0,131.60000610351562,,,,25.0
1902.0,2026-09-20T13:39:04+00:00,359.2699890136719,,,159.0,131.8000030517578,,,,25.0
1908.0,2026-09-20T13:39:10+00:00,359.2699890136719,,,158.0,131.60000610351562,,,,25.0
1914.0,2026-09-20T13:39:16+00:00,359.2699890136719,,,157.0,131.39999389648438,,,,25.0
1920.0,2026-09-20T13:39:22+00:00,359.2699890136719,,,157.0,131.60000610351562,,,,25.0
1926.0,2026-09-20T13:39:28+00:00,359.2699890136719,,,158.0,131.60000610351562,,,,25.0
1932.0,2026-09-20T13:39:34+00:00,359.2699890136719,,,158.0,131.1999969482422,,,,25.0
1938.0,2026-09-20T13:39:40+00:00,359.2699890136719,,,158.0,131.39999389648438,,,,25.0
1944.0,2026-09-20T13:39:46+00:00,359.2699890136719,,,157.0,132.0,,,,25.0
1950.0,2026-09-20T13:39:52+00:00,359.2699890136719,,,157.0,131.8000030517578,,,,25.0
1956.0,2026-09-20T13:39:58+00:00,359.2699890136719,,,157.0,131.39999389648438,,,,25.0
1962.0,2026-09-20T13:40:04+00:00,359.2699890136719,,,158.0,131.1999969482422,,,,25.0
1966.0,2026-09-20T13:40:08+00:00,359.2699890136719,,,158.0,131.0,,,,25.0
1972.0,2026-09-20T13:40:14+00:00,359.2699890136719,,,158.0,130.8000030517578,,,,25.0
1978.0,2026-09-20T13:40:20+00:00,359.2699890136719,,,158.0,130.8000030517578,,,,25.0
1984.0,2026-09-20T13:40:26+00:00,359.2699890136719,,,159.0,131.0,,,,25.0
1989.0,2026-09-20T13:40:31+00:00,359.2699890136719,,,156.0,130.8000030517578,,,,25.0
1995.0,2026-09-20T13:40:37+00:00,359.2699890136719,,,157.0,130.60000610351562,,,,25.0
2001.0,2026-09-20T13:40:43+00:00,359.2699890136719,,,158.0,130.1999969482422,,,,25.0
2007.0,2026-09-20T13:40:49+00:00,359.2699890136719,,,157.0,130.39999389648438,,,,25.0
2013.0,2026-09-20T13:40:55+00:00,359.2699890136719,,,157.0,130.0,,,,25.0
2014.0,2026-09-20T13:40:56+00:00,359.3900146484375,0.0010000000474974513,,157.0,130.0,5.0,,,25.0
2020.0,2026-09-20T13:41:02+00:00,359.3900146484375,,,156.0,130.1999969482422,0.0,,,25.0
2026.0,2026-09-20T13:41:08+00:00,359.3900146484375,,,156.0,130.1999969482422,,,,25.0
2032.0,2026-09-20T13:41:14+00:00,359.3900146484375,,,158.0,129.60000610351562,,,,25.0
2038.0,2026-09-20T13:41:20+00:00,359.3900146484375,,,159.0,129.8000030517578,,,,25.0
2044.0,2026-09-20T13:41:26+00:00,359.3900146484375,,,157.0,130.1999969482422,,,,25.0
2050.0,2026-09-20T13:41:32+00:00,359.3900146484375,,,157.0,130.0,,,,25.0
2056.0,2026-09-20T13:41:38+00:00,359.3900146484375,,,157.0,130.0,,,,25.0
2062.0,2026-09-20T13:41:44+00:00,359.3900146484375,,,157.0,129.39999389648438,,,,25.0
2068.0,2026-09-20T13:41:50+00:00,359.3900146484375,,,158.0,129.60000610351562,,,,25.0
2074.0,2026-09-20T13:41:56+00:00,359.3900146484375,,,158.0,129.39999389648438,,,,25.0
2080.0,2026-09-20T13:42:02+00:00,359.3900146484375,,,158.0,129.39999389648438,,,,25.0
2086.0,2026-09-20T13:42:08+00:00,359.3900146484375,,,158.0,129.39999389648438,,,,25.0
2092.0,2026-09-20T13:42:14+00:00,359.6300048828125,0.003000000026077032,,159.0,129.39999389648438,0.0,,,25.0
2098.0,2026-09-20T13:42:20+00:00,359.6300048828125,,,158.0,129.8000030517578,,,,25.0
2104.0,2026-09-20T13:42:26+00:00,359.6300048828125,,,157.0,129.60000610351562,,,,25.0
2110.0,2026-09-20T13:42:32+00:00,359.6300048828125,,,157.0,129.60000610351562,,,,25.0
2116.0,2026-09-20T13:42:38+00:00,359.6300048828125,,,157.0,129.39999389648438,,,,25.0
2122.0,2026-09-20T13:42:44+00:00,359.6300048828125,,,157.0,129.39999389648438,,,,25.0
2128.0,2026-09-20T13:42:50+00:00,359.6300048828125,,,158.0,129.8000030517578,,,,25.0
2134.0,2026-09-20T13:42:56+00:00,362.739990234375,0.07400000095367432,,158.0,129.60000610351562,19.0,,,25.0
2135.0,2026-09-20T13:42:57+00:00,365.8299865722656,3.0899999141693115,323.624604458551,157.0,129.8000030517578,27.0,,,25.0
2141.0,2026-09-20T13:43:03+00:00,379.04998779296875,2.203000068664551,453.9264497645684,156.0,129.39999389648438,42.0,,,25.0
2145.0,2026-09-20T13:43:07+00:00,379.04998779296875,,,152.0,129.0,42.0,,,25.0
2146.0,2026-09-20T13:43:08+00:00,379.04998779296875,,,151.0,129.0,,,,25.0
2149.0,2026-09-20T13:43:11+00:00,379.04998779296875,,,148.0,128.60000610351562,,,,25.0
2152.0,2026-09-20T13:43:14+00:00,379.04998779296875,,,145.0,128.60000610351562,,,,25.0
2153.0,2026-09-20T13:43:15+00:00,379.04998779296875,,,142.0,128.60000610351562,,,,25.0
2159.0,2026-09-20T13:43:21+00:00,379.44000244140625,0.02199999988079071,,143.0,128.60000610351562,8.0,,,25.0
2165.0,2026-09-20T13:43:27+00:00,382.1199951171875,0.44699999690055847,2237.1364808364065,144.0,128.60000610351562,21.0,,,25.0
2171.0,2026-09-20T13:43:33+00:00,385.4100036621094,0.5479999780654907,1824.817591289194,143.0,128.8000030517578,21.0,,,25.0
2177.0,2026-09-20T13:43:39+00:00,388.2799987792969,0.4779999852180481,2092.050273900809,144.0,128.60000610351562,18.0,,,25.0
2183.0,2026-09-20T13:43:45+00:00,390.05999755859375,0.296999990940094,,145.0,128.8000030517578,17.0,,,25.0
2186.0,2026-09-20T13:43:48+00:00,390.05999755859375,,,141.0,128.8000030517578,17.0,,,25.0
2192.0,2026-09-20T13:43:54+00:00,390.2699890136719,0.023000000044703484,,143.0,129.0,4.0,,,25.0
2197.0,2026-09-20T13:43:59+00:00,391.4800109863281,0.24199999868869781,,146.0,129.1999969482422,11.0,,,25.0
2203.0,2026-09-20T13:44:05+00:00,393.5899963378906,0.35199999809265137,2840.9091063028527,148.0,129.60000610351562,15.0,,,25.0
2209.0,2026-09-20T13:44:11+00:00,395.9800109863281,0.39800000190734863,2512.5628020293134,150.0,129.8000030517578,16.0,,,25.0
2215.0,2026-09-20T13:44:17+00:00,398.4800109863281,0.4169999957084656,2398.081559451917,151.0,129.39999389648438,16.0,,,25.0
2221.0,2026-09-20T13:44:23+00:00,401.0,0.41999998688697815,2380.9524552892417,152.0,129.39999389648438,16.0,,,25.0
2227.0,2026-09-20T13:44:29+00:00,403.5199890136719,0.41999998688697815,2380.9524552892417,153.0,129.60000610351562,16.0,,,25.0
2233.0,2026-09-20T13:44:35+00:00,406.0400085449219,0.41999998688697815,2380.9524552892417,153.0,129.39999389648438,16.0,,,25.0
2239.0,2026-09-20T13:44:41+00:00,408.55999755859375,0.41999998688697815,2380.9524552892417,152.0,129.39999389648438,16.0,,,25.0
2245.0,2026-09-20T13:44:47+00:00,411.0799865722656,0.41999998688697815,2380.9524552892417,153.0,129.39999389648438,16.0,,,25.0
2251.0,2026-09-20T13:44:53+00:00,413.6000061035156,0.41999998688697815,2380.9524552892417,154.0,129.39999389648438,16.0,,,25.0
2257.0,2026-09-20T13:44:59+00:00,416.1000061035156,0.4169999957084656,2398.081559451917,155.0,129.8000030517578,16.0,,,25.0
2263.0,2026-09-20T13:45:05+00:00,418.5899963378906,0.41499999165534973,2409.638602668895,155.0,129.8000030517578,16.0,,,25.0
2269.0,2026-09-20T13:45:11+00:00,421.05999755859375,0.41200000047683716,2427.184463210263,156.0,129.60000610351562,16.0,,,25.0
2275.0,2026-09-20T13:45:17+00:00,423.5299987792969,0.41200000047683716,2427.184463210263,157.0,129.60000610351562,16.0,,,25.0
2281.0,2026-09-20T13:45:23+00:00,426.010009765625,0.4129999876022339,2421.3075787380267,157.0,129.39999389648438,16.0,,,25.0
2287.0,2026-09-20T13:45:29+00:00,428.4800109863281,0.41200000047683716,2427.184463210263,158.0,129.39999389648438,16.0,,,25.0
2293.0,2026-09-20T13:45:35+00:00,430.95001220703125,0.41200000047683716,2427.184463210263,159.0,129.39999389648438,16.0,,,25.0
2299.0,2026-09-20T13:45:41+00:00,433.45001220703125,0.4169999957084656,2398.081559451917,158.0,130.0,16.0,,,25.0
2305.0,2026-09-20T13:45:47+00:00,435.95001220703125,0.4169999957084656,2398.081559451917,157.0,129.8000030517578,16.0,,,25.0
2311.0,2026-09-20T13:45:53+00:00,438.44000244140625,0.41499999165534973,2409.638602668895,158.0,130.0,16.0,,,25.0
2317.0,2026-09-20T13:45:59+00:00,441.489990234375,0.5080000162124634,1968.5038741844548,155.0,130.1999969482422,24.0,,,25.0
2323.0,2026-09-20T13:46:05+00:00,445.0799865722656,0.5979999899864197,1672.2408306774546,152.0,129.8000030517578,22.0,,,25.0
2327.0,2026-09-20T13:46:09+00:00,447.1199951171875,0.5099999904632568,1960.7843503911702,155.0,129.60000610351562,19.0,,,25.0
2331.0,2026-09-20T13:46:13+00:00,448.9700012207031,0.46299999952316284,2159.8272160472698,158.0,129.60000610351562,18.0,,,26.0
2337.0,2026-09-20T13:46:19+00:00,451.6099853515625,0.4399999976158142,2272.727285042282,160.0,129.60000610351562,17.0,,,26.0
2343.0,2026-09-20T13:46:25+00:00,454.1700134277344,0.4269999861717224,2341.9204505497096,161.0,129.60000610351562,16.0,,,26.0
2349.0,2026-09-20T13:46:31+00:00,456.69000244140625,0.41999998688697815,2380.9524552892417,161.0,129.60000610351562,16.0,,,26.0
2355.0,2026-09-20T13:46:37+00:00,459.19000244140625,0.4169999957084656,2398.081559451917,160.0,129.8000030517578,16.0,,,26.0
2361.0,2026-09-20T13:46:43+00:00,461.67999267578125,0.41499999165534973,2409.638602668895,160.0,130.0,16.0,,,26.0
2367.0,2026-09-20T13:46:49+00:00,464.17999267578125,0.4169999957084656,2398.081559451917,160.0,129.60000610351562,16.0,,,26.0
2373.0,2026-09-20T13:46:55+00:00,466.6700134277344,0.41499999165534973,2409.638602668895,160.0,129.8000030517578,16.0,,,26.0
2379.0,2026-09-20T13:47:01+00:00,469.1700134277344,0.4169999957084656,2398.081559451917,161.0,129.8000030517578,16.0,,,26.0
2385.0,2026-09-20T13:47:07+00:00,471.6700134277344,0.4169999957084656,2398.081559451917,162.0,129.8000030517578,16.0,,,26.0
2391.0,2026-09-20T13:47:13+00:00,473.75,0.34700000286102295,2881.8443566425854,161.0,129.60000610351562,16.0,,,26.0
2397.0,2026-09-20T13:47:19+00:00,473.75,,,159.0,129.39999389648438,,,,26.0
2402.0,2026-09-20T13:47:24+00:00,473.75,,,156.0,129.39999389648438,,,,26.0
2408.0,2026-09-20T13:47:30+00:00,473.75,,,155.0,129.0,,,,26.0
2409.0,2026-09-20T13:47:31+00:00,473.75,,,154.0,129.0,,,,26.0
2415.0,2026-09-20T13:47:37+00:00,473.75,,,152.0,128.8000030517578,,,,26.0
2419.0,2026-09-20T13:47:41+00:00,473.75,,,149.0,128.60000610351562,,,,26.0
2424.0,2026-09-20T13:47:46+00:00,473.75,,,146.0,128.60000610351562,,,,26.0
2430.0,2026-09-20T13:47:52+00:00,474.32000732421875,0.014999999664723873,,146.0,128.8000030517578,11.0,,,26.0
2434.0,2026-09-20T13:47:56+00:00,474.6099853515625,0.07199999690055847,,144.0,129.0,11.0,,,26.0
2440.0,2026-09-20T13:48:02+00:00,475.44000244140625,0.1379999965429306,,147.0,128.8000030517578,16.0,,,26.0
2446.0,2026-09-20T13:48:08+00:00,475.44000244140625,,,149.0,129.1999969482422,,,,26.0
2452.0,2026-09-20T13:48:14+00:00,475.44000244140625,,,150.0,129.0,,,,26.0
2458.0,2026-09-20T13:48:20+00:00,475.44000244140625,,,150.0,129.0,,,,26.0
2464.0,2026-09-20T13:48:26+00:00,475.44000244140625,,,150.0,129.1999969482422,,,,26.0
2470.0,2026-09-20T13:48:32+00:00,475.44000244140625,,,152.0,129.1999969482422,,,,26.0
2476.0,2026-09-20T13:48:38+00:00,475.44000244140625,,,152.0,129.1999969482422,,,,26.0
2482.0,2026-09-20T13:48:44+00:00,475.44000244140625,,,153.0,129.39999389648438,,,,26.0
2488.0,2026-09-20T13:48:50+00:00,475.44000244140625,,,153.0,129.0,,,,26.0
2494.0,2026-09-20T13:48:56+00:00,475.44000244140625,,,154.0,129.1999969482422,,,,26.0
2500.0,2026-09-20T13:49:02+00:00,475.44000244140625,,,154.0,129.39999389648438,,,,26.0
2506.0,2026-09-20T13:49:08+00:00,475.44000244140625,,,154.0,129.1999969482422,,,,26.0
2512.0,2026-09-20T13:49:14+00:00,475.44000244140625,,,154.0,129.60000610351562,,,,26.0
2518.0,2026-09-20T13:49:20+00:00,475.44000244140625,,,153.0,129.39999389648438,,,,26.0
2524.0,2026-09-20T13:49:26+00:00,475.44000244140625,,,155.0,129.60000610351562,,,,26.0
2530.0,2026-09-20T13:49:32+00:00,475.44000244140625,,,154.0,129.1999969482422,,,,26.0
2536.0,2026-09-20T13:49:38+00:00,475.44000244140625,,,154.0,129.1999969482422,,,,26.0
2542.0,2026-09-20T13:49:44+00:00,475.44000244140625,,,155.0,129.1999969482422,,,,26.0
2548.0,2026-09-20T13:49:50+00:00,475.44000244140625,,,156.0,129.1999969482422,,,,26.0
2554.0,2026-09-20T13:49:56+00:00,475.44000244140625,,,155.0,129.39999389648438,,,,26.0
2560.0,2026-09-20T13:50:02+00:00,475.44000244140625,,,156.0,129.1999969482422,,,,26.0
2566.0,2026-09-20T13:50:08+00:00,475.44000244140625,,,157.0,129.60000610351562,,,,26.0
2572.0,2026-09-20T13:50:14+00:00,475.44000244140625,,,156.0,129.1999969482422,,,,26.0
2578.0,2026-09-20T13:50:20+00:00,475.44000244140625,,,157.0,129.39999389648438,,,,26.0
2584.0,2026-09-20T13:50:26+00:00,475.44000244140625,,,156.0,129.60000610351562,,,,26.0
2590.0,2026-09-20T13:50:32+00:00,475.44000244140625,,,156.0,129.8000030517578,,,,26.0
2596.0,2026-09-20T13:50:38+00:00,475.44000244140625,,,157.0,129.39999389648438,,,,26.0
2602.0,2026-09-20T13:50:44+00:00,475.44000244140625,,,156.0,129.60000610351562,,,,26.0
2608.0,2026-09-20T13:50:50+00:00,475.44000244140625,,,156.0,129.1999969482422,,,,26.0
2614.0,2026-09-20T13:50:56+00:00,475.44000244140625,,,157.0,129.39999389648438,,,,26.0
2620.0,2026-09-20T13:51:02+00:00,475.44000244140625,,,157.0,129.1999969482422,,,,26.0
2626.0,2026-09-20T13:51:08+00:00,475.44000244140625,,,157.0,129.39999389648438,,,,26.0
2632.0,2026-09-20T13:51:14+00:00,475.44000244140625,,,157.0,129.39999389648438,,,,26.0
2638.0,2026-09-20T13:51:20+00:00,475.44000244140625,,,158.0,129.1999969482422,,,,26.0
2644.0,2026-09-20T13:51:26+00:00,475.44000244140625,,,158.0,129.0,,,,26.0
2650.0,2026-09-20T13:51:32+00:00,475.44000244140625,,,158.0,129.0,,,,26.0
2656.0,2026-09-20T13:51:38+00:00,475.44000244140625,,,158.0,129.1999969482422,,,,26.0
2662.0,2026-09-20T13:51:44+00:00,475.44000244140625,,,159.0,129.1999969482422,,,,26.0
2668.0,2026-09-20T13:51:50+00:00,475.44000244140625,,,159.0,129.39999389648438,,,,26.0
2674.0,2026-09-20T13:51:56+00:00,475.44000244140625,,,159.0,129.1999969482422,,,,26.0
2680.0,2026-09-20T13:52:02+00:00,475.44000244140625,,,160.0,129.60000610351562,,,,26.0
2686.0,2026-09-20T13:52:08+00:00,475.44000244140625,,,159.0,129.1999969482422,,,,26.0
2692.0,2026-09-20T13:52:14+00:00,480.510009765625,0.019999999552965164,,159.0,129.0,15.0,,,26.0
2693.0,2026-09-20T13:52:15+00:00,482.3999938964844,1.8899999856948853,529.1005331052083,159.0,128.8000030517578,26.0,,,26.0
2699.0,2026-09-20T13:52:21+00:00,485.19000244140625,0.4650000035762787,2150.5376178689853,157.0,128.1999969482422,35.0,,,26.0
2702.0,2026-09-20T13:52:24+00:00,485.4100036621094,0.0729999989271164,,154.0,128.1999969482422,,,,26.0
2704.0,2026-09-20T13:52:26+00:00,487.4700012207031,1.0299999713897705,970.8738133756531,153.0,128.0,49.0,,,26.0
2710.0,2026-09-20T13:52:32+00:00,488.5899963378906,0.18700000643730164,,150.0,128.0,17.0,,,26.0
2716.0,2026-09-20T13:52:38+00:00,491.3599853515625,0.4620000123977661,2164.5021064177686,150.0,128.0,18.0,,,26.0
2722.0,2026-09-20T13:52:44+00:00,494.010009765625,0.44200000166893005,2262.443430371358,153.0,128.60000610351562,17.0,,,26.0
2728.0,2026-09-20T13:52:50+00:00,496.5799865722656,0.42800000309944153,2336.4485812110147,154.0,129.0,17.0,,,26.0
2734.0,2026-09-20T13:52:56+00:00,499.1199951171875,0.4230000078678131,2364.0661498817244,154.0,128.39999389648438,16.0,,,26.0
2740.0,2026-09-20T13:53:02+00:00,501.6499938964844,0.421999990940094,2369.668297319839,155.0,128.39999389648438,16.0,,,26.0
2746.0,2026-09-20T13:53:08+00:00,504.1700134277344,0.41999998688697815,2380.9524552892417,156.0,128.60000610351562,16.0,,,26.0
2751.0,2026-09-20T13:53:13+00:00,506.2699890136719,0.41999998688697815,2380.9524552892417,156.0,129.1999969482422,16.0,,,26.0
2757.0,2026-09-20T13:53:19+00:00,508.7699890136719,0.4169999957084656,2398.081559451917,156.0,129.0,16.0,,,26.0
2763.0,2026-09-20T13:53:25+00:00,511.260009765625,0.41499999165534973,2409.638602668895,156.0,128.8000030517578,16.0,,,26.0
2769.0,2026-09-20T13:53:31+00:00,513.760009765625,0.4169999957084656,2398.081559451917,157.0,128.8000030517578,16.0,,,26.0
2775.0,2026-09-20T13:53:37+00:00,516.25,0.41499999165534973,2409.638602668895,158.0,129.0,16.0,,,26.0
2781.0,2026-09-20T13:53:43+00:00,517.0900268554688,0.14000000059604645,,156.0,128.8000030517578,16.0,,,26.0
2787.0,2026-09-20T13:53:49+00:00,518.1900024414062,0.18299999833106995,,156.0,128.60000610351562,10.0,,,26.0
2793.0,2026-09-20T13:53:55+00:00,520.2000122070312,0.33500000834465027,2985.0745525092443,156.0,128.8000030517578,14.0,,,26.0
2799.0,2026-09-20T13:54:01+00:00,522.5399780273438,0.38999998569488525,2564.102658153289,157.0,128.8000030517578,16.0,,,26.0
2805.0,2026-09-20T13:54:07+00:00,525.02001953125,0.4129999876022339,2421.3075787380267,158.0,128.60000610351562,16.0,,,26.0
2811.0,2026-09-20T13:54:13+00:00,527.5499877929688,0.421999990940094,2369.668297319839,159.0,129.0,16.0,,,26.0
2817.0,2026-09-20T13:54:19+00:00,530.3800048828125,0.47200000286102295,2118.644054954472,159.0,129.0,22.0,,,26.0
2823.0,2026-09-20T13:54:25+00:00,537.77001953125,1.2319999933242798,811.6883160865293,160.0,129.0,36.0,,,26.0
2829.0,2026-09-20T13:54:31+00:00,553.2100219726562,2.572999954223633,388.65138662691356,159.0,128.8000030517578,26.0,,,26.0
2835.0,2026-09-20T13:54:37+00:00,570.8599853515625,2.941999912261963,339.9048367853784,160.0,129.1999969482422,20.0,,,26.0
2841.0,2026-09-20T13:54:43+00:00,589.219970703125,3.059999942779541,326.7973917318617,160.0,129.0,18.0,,,26.0
2847.0,2026-09-20T13:54:49+00:00,607.8699951171875,3.1080000400543213,321.7503176037675,160.0,128.8000030517578,17.0,,,26.0
2853.0,2026-09-20T13:54:55+00:00,626.6599731445312,3.131999969482422,319.28480515446967,159.0,128.8000030517578,16.0,,,26.0
2859.0,2026-09-20T13:55:01+00:00,645.510009765625,3.1419999599456787,318.2686227714938,161.0,128.8000030517578,16.0,,,26.0
2865.0,2026-09-20T13:55:07+00:00,664.4199829101562,3.1519999504089355,317.2588882402303,160.0,129.39999389648438,16.0,,,26.0
2871.0,2026-09-20T13:55:13+00:00,683.6699829101562,3.2079999446868896,311.7207036291277,161.0,129.1999969482422,18.0,,,26.0
2877.0,2026-09-20T13:55:19+00:00,702.77001953125,3.183000087738037,314.1690142744038,161.0,129.1999969482422,17.0,,,26.0
2883.0,2026-09-20T13:55:25+00:00,721.72998046875,3.1600000858306885,316.45568760708557,161.0,129.39999389648438,16.0,,,27.0
2889.0,2026-09-20T13:55:31+00:00,740.6599731445312,3.1549999713897705,316.9572136507824,163.0,129.39999389648438,16.0,,,27.0
2895.0,2026-09-20T13:55:37+00:00,759.5599975585938,3.1500000953674316,317.46030784908754,162.0,129.0,16.0,,,27.0
2901.0,2026-09-20T13:55:43+00:00,778.4500122070312,3.1480000019073486,317.6620074314192,163.0,129.60000610351562,16.0,,,27.0
2907.0,2026-09-20T13:55:49+00:00,797.3400268554688,3.1480000019073486,317.6620074314192,162.0,129.39999389648438,16.0,,,27.0
2913.0,2026-09-20T13:55:55+00:00,816.239990234375,3.1500000953674316,317.46030784908754,161.0,129.39999389648438,16.0,,,27.0
2919.0,2026-09-20T13:56:01+00:00,835.2000122070312,3.1600000858306885,316.45568760708557,161.0,129.39999389648438,16.0,,,27.0
2925.0,2026-09-20T13:56:07+00:00,854.030029296875,3.138000011444092,318.67431368803756,161.0,129.39999389648438,16.0,,,27.0
2931.0,2026-09-20T13:56:13+00:00,872.9199829101562,3.1480000019073486,317.6620074314192,162.0,129.39999389648438,16.0,,,27.0
2937.0,2026-09-20T13:56:19+00:00,891.8499755859375,3.1549999713897705,316.9572136507824,161.0,129.1999969482422,16.0,,,27.0
2943.0,2026-09-20T13:56:25+00:00,898.1799926757812,1.0549999475479126,947.867345703906,160.0,129.1999969482422,16.0,,,27.0
2949.0,2026-09-20T13:56:31+00:00,900.0999755859375,0.3199999928474426,3125.0000698491945,157.0,129.1999969482422,28.0,,,27.0
2954.0,2026-09-20T13:56:36+00:00,905.1599731445312,1.0119999647140503,988.1423269442099,154.0,129.1999969482422,41.0,,,27.0
2959.0,2026-09-20T13:56:41+00:00,905.1599731445312,,,151.0,129.1999969482422,0.0,,,27.0
2962.0,2026-09-20T13:56:44+00:00,905.1599731445312,,,149.0,129.0,,,,27.0
2965.0,2026-09-20T13:56:47+00:00,907.469970703125,0.20999999344348907,,153.0,128.8000030517578,0.0,,,27.0
2968.0,2026-09-20T13:56:50+00:00,907.469970703125,,,156.0,129.0,0.0,,,27.0
2974.0,2026-09-20T13:56:56+00:00,907.469970703125,,,158.0,129.60000610351562,,,,27.0
2980.0,2026-09-20T13:57:02+00:00,907.469970703125,,,159.0,129.1999969482422,,,,27.0
2986.0,2026-09-20T13:57:08+00:00,907.469970703125,,,158.0,128.8000030517578,,,,27.0
2992.0,2026-09-20T13:57:14+00:00,907.469970703125,,,159.0,129.1999969482422,,,,27.0
2998.0,2026-09-20T13:57:20+00:00,907.469970703125,,,159.0,129.39999389648438,,,,27.0
3004.0,2026-09-20T13:57:26+00:00,907.469970703125,,,159.0,129.1999969482422,,,,27.0
3010.0,2026-09-20T13:57:32+00:00,907.7000122070312,0.004999999888241291,,159.0,129.1999969482422,0.0,,,27.0
3016.0,2026-09-20T13:57:38+00:00,907.7000122070312,,,159.0,129.0,,,,27.0
3022.0,2026-09-20T13:57:44+00:00,907.7000122070312,,,159.0,129.1999969482422,,,,27.0
3028.0,2026-09-20T13:57:50+00:00,907.7000122070312,,,160.0,129.0,,,,27.0
3034.0,2026-09-20T13:57:56+00:00,907.7000122070312,,,160.0,129.0,,,,27.0
3040.0,2026-09-20T13:58:02+00:00,907.7000122070312,,,159.0,128.8000030517578,,,,27.0
3046.0,2026-09-20T13:58:08+00:00,907.7000122070312,,,159.0,128.8000030517578,,,,27.0
3052.0,2026-09-20T13:58:14+00:00,907.7000122070312,,,159.0,129.39999389648438,,,,27.0
3058.0,2026-09-20T13:58:20+00:00,907.7000122070312,,,160.0,129.0,,,,27.0
3064.0,2026-09-20T13:58:26+00:00,907.7000122070312,,,160.0,129.0,,,,27.0
3070.0,2026-09-20T13:58:32+00:00,907.7000122070312,,,160.0,129.0,,,,27.0
3076.0,2026-09-20T13:58:38+00:00,907.7000122070312,,,160.0,128.60000610351562,,,,27.0
3082.0,2026-09-20T13:58:44+00:00,907.7000122070312,,,161.0,128.60000610351562,,,,27.0
3088.0,2026-09-20T13:58:50+00:00,907.7000122070312,,,160.0,128.8000030517578,,,,27.0
3094.0,2026-09-20T13:58:56+00:00,907.7000122070312,,,161.0,128.8000030517578,,,,27.0
3100.0,2026-09-20T13:59:02+00:00,907.7000122070312,,,161.0,128.8000030517578,,,,27.0
3106.0,2026-09-20T13:59:08+00:00,907.7000122070312,,,160.0,129.0,,,,27.0
3112.0,2026-09-20T13:59:14+00:00,907.7000122070312,,,160.0,129.0,,,,27.0
3118.0,2026-09-20T13:59:20+00:00,907.7000122070312,,,160.0,128.8000030517578,,,,27.0
3124.0,2026-09-20T13:59:26+00:00,907.7000122070312,,,160.0,129.0,,,,27.0
3130.0,2026-09-20T13:59:32+00:00,907.7000122070312,,,160.0,129.0,,,,27.0
3136.0,2026-09-20T13:59:38+00:00,907.7000122070312,,,160.0,128.60000610351562,,,,27.0
3142.0,2026-09-20T13:59:44+00:00,907.7000122070312,,,159.0,129.1999969482422,,,,27.0
3148.0,2026-09-20T13:59:50+00:00,907.7000122070312,,,160.0,129.1999969482422,,,,27.0
3154.0,2026-09-20T13:59:56+00:00,907.7000122070312,,,161.0,128.8000030517578,,,,27.0
3160.0,2026-09-20T14:00:02+00:00,907.7000122070312,,,160.0,128.8000030517578,,,,27.0
3166.0,2026-09-20T14:00:08+00:00,907.7000122070312,,,160.0,129.0,,,,27.0
3172.0,2026-09-20T14:00:14+00:00,907.7000122070312,,,159.0,128.8000030517578,,,,27.0
3178.0,2026-09-20T14:00:20+00:00,907.7000122070312,,,159.0,128.60000610351562,,,,27.0
3184.0,2026-09-20T14:00:26+00:00,907.7000122070312,,,160.0,129.1999969482422,,,,27.0
3190.0,2026-09-20T14:00:32+00:00,907.7000122070312,,,160.0,129.0,,,,27.0
3196.0,2026-09-20T14:00:38+00:00,907.7000122070312,,,160.0,129.1999969482422,,,,27.0
3202.0,2026-09-20T14:00:44+00:00,907.7000122070312,,,160.0,128.8000030517578,,,,27.0
3208.0,2026-09-20T14:00:50+00:00,907.7000122070312,,,160.0,128.60000610351562,,,,27.0
3214.0,2026-09-20T14:00:56+00:00,907.7000122070312,,,160.0,128.39999389648438,,,,27.0
3220.0,2026-09-20T14:01:02+00:00,913.2100219726562,0.026000000536441803,,158.0,128.60000610351562,18.0,,,27.0
3226.0,2026-09-20T14:01:08+00:00,914.2100219726562,0.16699999570846558,,157.0,128.0,0.0,,,27.0
3229.0,2026-09-20T14:01:11+00:00,914.2100219726562,,,154.0,127.80000305175781,0.0,,,27.0
3231.0,2026-09-20T14:01:13+00:00,914.2100219726562,,,152.0,127.80000305175781,,,,27.0
3233.0,2026-09-20T14:01:15+00:00,914.2100219726562,,,149.0,127.80000305175781,,,,27.0
3239.0,2026-09-20T14:01:21+00:00,914.2100219726562,,,149.0,127.80000305175781,,,,27.0
3245.0,2026-09-20T14:01:27+00:00,915.3599853515625,0.061000000685453415,,151.0,127.80000305175781,10.0,,,27.0
3251.0,2026-09-20T14:01:33+00:00,918.1099853515625,0.4580000042915344,2183.406093078248,152.0,127.5999984741211,19.0,,,27.0
3257.0,2026-09-20T14:01:39+00:00,922.0,0.6480000019073486,1543.2098720008653,153.0,128.0,37.0,,,27.0
3263.0,2026-09-20T14:01:45+00:00,922.0,,,154.0,128.0,,,,27.0
3269.0,2026-09-20T14:01:51+00:00,922.4600219726562,0.03799999877810478,,155.0,128.0,7.0,,,27.0
3275.0,2026-09-20T14:01:57+00:00,930.510009765625,1.3420000076293945,745.1564786251172,155.0,128.1999969482422,12.0,,,27.0
3281.0,2026-09-20T14:02:03+00:00,943.3300170898438,2.13700008392334,467.94569991971645,154.0,127.80000305175781,16.0,,,27.0
3287.0,2026-09-20T14:02:09+00:00,957.4099731445312,2.3469998836517334,426.07586262172475,155.0,128.39999389648438,18.0,,,27.0
3293.0,2026-09-20T14:02:15+00:00,971.739990234375,2.388000011444092,418.7604670048856,155.0,128.39999389648438,19.0,,,27.0
3299.0,2026-09-20T14:02:21+00:00,986.2100219726562,2.4119999408721924,414.5937083391447,156.0,128.1999969482422,18.0,,,27.0
3305.0,2026-09-20T14:02:27+00:00,1000.4000244140625,2.365000009536743,422.8329792674632,156.0,128.39999389648438,17.0,,,27.0
3311.0,2026-09-20T14:02:33+00:00,1014.5,2.3499999046325684,425.5319321625053,157.0,128.0,17.0,,,27.0
3317.0,2026-09-20T14:02:39+00:00,1028.530029296875,2.3380000591278076,427.7159857613736,157.0,128.39999389648438,16.0,,,27.0
3323.0,2026-09-20T14:02:45+00:00,1042.530029296875,2.3329999446868896,428.6326719712843,157.0,128.1999969482422,16.0,,,27.0
3329.0,2026-09-20T14:02:51+00:00,1056.52001953125,2.3320000171661377,428.8164633957451,157.0,128.39999389648438,16.0,,,27.0
3335.0,2026-09-20T14:02:57+00:00,1070.510009765625,2.3320000171661377,428.8164633957451,158.0,128.39999389648438,16.0,,,27.0
3341.0,2026-09-20T14:03:03+00:00,1084.5,2.3320000171661377,428.8164633957451,159.0,128.39999389648438,16.0,,,27.0
3347.0,2026-09-20T14:03:09+00:00,1098.489990234375,2.3320000171661377,428.8164633957451,158.0,128.1999969482422,16.0,,,27.0
3353.0,2026-09-20T14:03:15+00:00,1112.510009765625,2.3369998931884766,427.89903538919464,158.0,128.39999389648438,16.0,,,27.0
3359.0,2026-09-20T14:03:21+00:00,1126.4100341796875,2.316999912261963,431.592592950836,159.0,128.39999389648438,16.0,,,27.0
3365.0,2026-09-20T14:03:27+00:00,1140.3499755859375,2.322999954223633,430.4778388746068,158.0,128.39999389648438,16.0,,,27.0
3371.0,2026-09-20T14:03:33+00:00,1154.2900390625,2.322999954223633,430.4778388746068,159.0,128.60000610351562,16.0,,,27.0
3377.0,2026-09-20T14:03:39+00:00,1168.219970703125,2.322000026702881,430.6632164082909,160.0,128.39999389648438,16.0,,,27.0
3383.0,2026-09-20T14:03:45+00:00,1182.1600341796875,2.322999954223633,430.4778388746068,160.0,128.39999389648438,16.0,,,27.0
3389.0,2026-09-20T14:03:51+00:00,1196.0999755859375,2.322999954223633,430.4778388746068,159.0,128.39999389648438,16.0,,,27.0
3395.0,2026-09-20T14:03:57+00:00,1210.0400390625,2.322999954223633,430.4778388746068,159.0,128.60000610351562,16.0,,,27.0
3401.0,2026-09-20T14:04:03+00:00,1219.3399658203125,1.5499999523162842,645.1613101701216,159.0,128.60000610351562,16.0,,,27.0
3407.0,2026-09-20T14:04:09+00:00,1220.3699951171875,0.1720000058412552,,160.0,128.8000030517578,9.0,,,27.0
3413.0,2026-09-20T14:04:15+00:00,1234.25,2.312999963760376,432.3389605135328,159.0,128.8000030517578,13.0,,,27.0
3419.0,2026-09-20T14:04:21+00:00,1248.1800537109375,2.322000026702881,430.6632164082909,159.0,128.60000610351562,15.0,,,27.0
3425.0,2026-09-20T14:04:27+00:00,1262.0999755859375,2.319999933242798,431.03449516149004,159.0,128.8000030517578,15.0,,,27.0
3431.0,2026-09-20T14:04:33+00:00,1276.010009765625,2.318000078201294,431.40637026033806,160.0,128.8000030517578,16.0,,,27.0
3433.0,2026-09-20T14:04:35+00:00,1280.6500244140625,2.319999933242798,431.03449516149004,160.0,129.0,16.0,,,27.0
3439.0,2026-09-20T14:04:41+00:00,1294.56005859375,2.318000078201294,431.40637026033806,161.0,129.1999969482422,16.0,,,27.0
3445.0,2026-09-20T14:04:47+00:00,1308.5400390625,2.3299999237060547,429.1845634095209,162.0,129.1999969482422,17.0,,,27.0
3451.0,2026-09-20T14:04:53+00:00,1322.8699951171875,2.388000011444092,418.7604670048856,162.0,129.39999389648438,19.0,,,27.0
3457.0,2026-09-20T14:04:59+00:00,1337.06005859375,2.365000009536743,422.8329792674632,163.0,129.1999969482422,17.0,,,27.0
3463.0,2026-09-20T14:05:05+00:00,1351.0999755859375,2.3399999141693115,427.3504430255482,162.0,129.0,16.0,,,28.0
3469.0,2026-09-20T14:05:11+00:00,1365.0999755859375,2.3329999446868896,428.6326719712843,162.0,129.0,16.0,,,28.0
3475.0,2026-09-20T14:05:17+00:00,1369.760009765625,0.7770000100135803,1287.00127041507,161.0,129.0,0.0,,,28.0
3481.0,2026-09-20T14:05:23+00:00,1371.3499755859375,0.26499998569488525,,160.0,129.0,25.0,,,28.0
3487.0,2026-09-20T14:05:29+00:00,1372.8399658203125,0.24799999594688416,,160.0,129.39999389648438,0.0,,,28.0
3493.0,2026-09-20T14:05:35+00:00,1372.8399658203125,,,161.0,129.60000610351562,,,,28.0
3499.0,2026-09-20T14:05:41+00:00,1372.8399658203125,,,163.0,129.39999389648438,,,,28.0
3505.0,2026-09-20T14:05:47+00:00,1372.8399658203125,,,162.0,129.8000030517578,,,,28.0
3511.0,2026-09-20T14:05:53+00:00,1372.8399658203125,,,163.0,129.39999389648438,,,,28.0
3517.0,2026-09-20T14:05:59+00:00,1372.8399658203125,,,162.0,129.60000610351562,,,,28.0
3523.0,2026-09-20T14:06:05+00:00,1372.8399658203125,,,163.0,129.60000610351562,,,,28.0
3526.0,2026-09-20T14:06:08+00:00,1372.8399658203125,,,162.0,130.1999969482422,,,,28.0
3532.0,2026-09-20T14:06:14+00:00,1372.8399658203125,,,162.0,129.8000030517578,,,,28.0
3538.0,2026-09-20T14:06:20+00:00,1372.8399658203125,,,161.0,129.8000030517578,,,,28.0
3544.0,2026-09-20T14:06:26+00:00,1372.8399658203125,,,162.0,130.1999969482422,,,,28.0
3550.0,2026-09-20T14:06:32+00:00,1372.8399658203125,,,161.0,129.39999389648438,,,,28.0
3554.0,2026-09-20T14:06:36+00:00,1372.8399658203125,,,160.0,129.1999969482422,,,,28.0
3560.0,2026-09-20T14:06:42+00:00,1372.8399658203125,,,160.0,129.0,,,,28.0
3566.0,2026-09-20T14:06:48+00:00,1372.8399658203125,,,160.0,129.1999969482422,,,,28.0
3572.0,2026-09-20T14:06:54+00:00,1372.8399658203125,,,158.0,129.1999969482422,,,,28.0
3578.0,2026-09-20T14:07:00+00:00,1372.8399658203125,,,156.0,129.39999389648438,,,,28.0
3584.0,2026-09-20T14:07:06+00:00,1372.8399658203125,,,156.0,129.8000030517578,,,,28.0
3590.0,2026-09-20T14:07:12+00:00,1372.8399658203125,,,158.0,129.8000030517578,,,,28.0
3596.0,2026-09-20T14:07:18+00:00,1372.8399658203125,,,157.0,129.39999389648438,,,,28.0
3602.0,2026-09-20T14:07:24+00:00,1372.8399658203125,,,159.0,129.60000610351562,,,,28.0
3608.0,2026-09-20T14:07:30+00:00,1372.8399658203125,,,159.0,129.1999969482422,,,,28.0
3614.0,2026-09-20T14:07:36+00:00,1372.8399658203125,,,159.0,129.1999969482422,,,,28.0
3620.0,2026-09-20T14:07:42+00:00,1372.8399658203125,,,158.0,130.0,,,,28.0
3623.0,2026-09-20T14:07:45+00:00,1372.8399658203125,,,157.0,130.1999969482422,,,,28.0
3629.0,2026-09-20T14:07:51+00:00,1372.8399658203125,,,157.0,130.1999969482422,,,,28.0
3635.0,2026-09-20T14:07:57+00:00,1372.8399658203125,,,158.0,130.1999969482422,,,,28.0
3641.0,2026-09-20T14:08:03+00:00,1372.8399658203125,,,158.0,129.8000030517578,,,,28.0
3647.0,2026-09-20T14:08:09+00:00,1372.8399658203125,,,158.0,129.8000030517578,,,,28.0
3653.0,2026-09-20T14:08:15+00:00,1372.8399658203125,,,158.0,130.60000610351562,,,,28.0
3659.0,2026-09-20T14:08:21+00:00,1372.8399658203125,,,159.0,130.1999969482422,,,,28.0
3665.0,2026-09-20T14:08:27+00:00,1372.8399658203125,,,159.0,129.8000030517578,,,,28.0
3671.0,2026-09-20T14:08:33+00:00,1372.8399658203125,,,160.0,130.1999969482422,,,,28.0
3677.0,2026-09-20T14:08:39+00:00,1372.8399658203125,,,160.0,130.1999969482422,,,,28.0
3683.0,2026-09-20T14:08:45+00:00,1372.8399658203125,,,159.0,130.1999969482422,,,,28.0
3689.0,2026-09-20T14:08:51+00:00,1372.8399658203125,,,159.0,130.8000030517578,,,,28.0
3695.0,2026-09-20T14:08:57+00:00,1372.8399658203125,,,159.0,129.8000030517578,,,,28.0
3701.0,2026-09-20T14:09:03+00:00,1372.8399658203125,,,159.0,129.8000030517578,,,,28.0
3707.0,2026-09-20T14:09:09+00:00,1372.8399658203125,,,158.0,130.0,,,,28.0
3713.0,2026-09-20T14:09:15+00:00,1372.8399658203125,,,159.0,130.1999969482422,,,,28.0
3719.0,2026-09-20T14:09:21+00:00,1372.8399658203125,,,159.0,130.0,,,,28.0
3725.0,2026-09-20T14:09:27+00:00,1372.8399658203125,,,158.0,130.0,,,,27.0
3731.0,2026-09-20T14:09:33+00:00,1372.8399658203125,,,159.0,130.0,,,,27.0
3737.0,2026-09-20T14:09:39+00:00,1372.8399658203125,,,158.0,130.0,,,,27.0
3743.0,2026-09-20T14:09:45+00:00,1372.8399658203125,,,159.0,130.39999389648438,,,,27.0
3749.0,2026-09-20T14:09:51+00:00,1372.8399658203125,,,158.0,130.39999389648438,,,,27.0
3755.0,2026-09-20T14:09:57+00:00,1374.1600341796875,0.004999999888241291,,158.0,130.1999969482422,18.0,,,27.0
3756.0,2026-09-20T14:09:58+00:00,1374.1600341796875,,,158.0,129.8000030517578,0.0,,,27.0
3760.0,2026-09-20T14:10:02+00:00,1374.1600341796875,,,155.0,129.1999969482422,0.0,,,27.0
3763.0,2026-09-20T14:10:05+00:00,1374.1600341796875,,,152.0,129.0,,,,27.0
3765.0,2026-09-20T14:10:07+00:00,1374.1600341796875,,,149.0,128.8000030517578,,,,27.0
3769.0,2026-09-20T14:10:11+00:00,1374.1600341796875,,,145.0,128.8000030517578,,,,27.0
3775.0,2026-09-20T14:10:17+00:00,1377.760009765625,0.18000000715255737,,143.0,128.60000610351562,57.0,,,27.0
3781.0,2026-09-20T14:10:23+00:00,1384.75,1.1649999618530273,858.3691268190418,145.0,128.60000610351562,34.0,,,27.0
3787.0,2026-09-20T14:10:29+00:00,1389.1099853515625,0.7269999980926514,1375.515822040699,146.0,128.8000030517578,24.0,,,27.0
3793.0,2026-09-20T14:10:35+00:00,1392.52001953125,0.5680000185966492,1760.5633226398268,145.0,128.8000030517578,22.0,,,27.0
3799.0,2026-09-20T14:10:41+00:00,1395.6600341796875,0.5230000019073486,1912.0458821282255,146.0,129.1999969482422,19.0,,,27.0
3804.0,2026-09-20T14:10:46+00:00,1397.97998046875,0.46399998664855957,2155.17247580745,149.0,129.0,18.0,,,27.0
3808.0,2026-09-20T14:10:50+00:00,1399.75,0.4429999887943268,2257.3364002143885,152.0,129.1999969482422,17.0,,,27.0
3814.0,2026-09-20T14:10:56+00:00,1402.3399658203125,0.4320000112056732,2314.8147547707,153.0,129.1999969482422,17.0,,,27.0
3820.0,2026-09-20T14:11:02+00:00,1404.9000244140625,0.4269999861717224,2341.9204505497096,154.0,129.39999389648438,16.0,,,27.0
3826.0,2026-09-20T14:11:08+00:00,1407.4200439453125,0.41999998688697815,2380.9524552892417,156.0,129.39999389648438,16.0,,,27.0
3832.0,2026-09-20T14:11:14+00:00,1409.9300537109375,0.4180000126361847,2392.3444252868276,156.0,129.8000030517578,16.0,,,27.0
3838.0,2026-09-20T14:11:20+00:00,1412.4300537109375,0.4169999957084656,2398.081559451917,156.0,129.8000030517578,16.0,,,27.0
3844.0,2026-09-20T14:11:26+00:00,1414.9300537109375,0.4169999957084656,2398.081559451917,157.0,129.39999389648438,16.0,,,27.0
3850.0,2026-09-20T14:11:32+00:00,1415.72998046875,0.13300000131130219,,156.0,129.0,7.0,,,27.0
3856.0,2026-09-20T14:11:38+00:00,1417.3699951171875,0.27300000190734863,,156.0,128.8000030517578,13.0,,,27.0
3862.0,2026-09-20T14:11:44+00:00,1419.52001953125,0.3580000102519989,2793.2960093942247,156.0,129.39999389648438,15.0,,,27.0
3868.0,2026-09-20T14:11:50+00:00,1421.8499755859375,0.3880000114440918,2577.319511610616,157.0,129.39999389648438,15.0,,,27.0
3874.0,2026-09-20T14:11:56+00:00,1424.260009765625,0.4020000100135803,2487.562127091037,158.0,129.60000610351562,16.0,,,27.0
3880.0,2026-09-20T14:12:02+00:00,1426.68994140625,0.4050000011920929,2469.1357952013846,158.0,129.60000610351562,16.0,,,27.0
3886.0,2026-09-20T14:12:08+00:00,1429.1300048828125,0.40700000524520874,2457.002425337861,159.0,129.1999969482422,16.0,,,27.0
3892.0,2026-09-20T14:12:14+00:00,1431.5699462890625,0.40700000524520874,2457.002425337861,159.0,129.39999389648438,16.0,,,27.0
3898.0,2026-09-20T14:12:20+00:00,1434.010009765625,0.40700000524520874,2457.002425337861,160.0,129.8000030517578,16.0,,,27.0
3904.0,2026-09-20T14:12:26+00:00,1436.449951171875,0.40700000524520874,2457.002425337861,159.0,129.39999389648438,16.0,,,27.0
3910.0,2026-09-20T14:12:32+00:00,1438.9000244140625,0.40799999237060547,2450.9804379889624,160.0,129.60000610351562,16.0,,,27.0
3916.0,2026-09-20T14:12:38+00:00,1441.3399658203125,0.40700000524520874,2457.002425337861,159.0,129.39999389648438,16.0,,,28.0
3922.0,2026-09-20T14:12:44+00:00,1443.780029296875,0.40700000524520874,2457.002425337861,159.0,129.1999969482422,16.0,,,28.0
3928.0,2026-09-20T14:12:50+00:00,1446.219970703125,0.40700000524520874,2457.002425337861,160.0,129.39999389648438,16.0,,,28.0
3934.0,2026-09-20T14:12:56+00:00,1448.6600341796875,0.40700000524520874,2457.002425337861,161.0,129.1999969482422,16.0,,,28.0
3940.0,2026-09-20T14:13:02+00:00,1451.0799560546875,0.40299999713897705,2481.389595779932,161.0,129.1999969482422,16.0,,,28.0
3946.0,2026-09-20T14:13:08+00:00,1453.5,0.40299999713897705,2481.389595779932,160.0,129.1999969482422,16.0,,,28.0
3952.0,2026-09-20T14:13:14+00:00,1455.9200439453125,0.40299999713897705,2481.389595779932,161.0,129.1999969482422,16.0,,,28.0
3958.0,2026-09-20T14:13:20+00:00,1458.3399658203125,0.40299999713897705,2481.389595779932,161.0,129.39999389648438,16.0,,,28.0
3964.0,2026-09-20T14:13:26+00:00,1460.75,0.4020000100135803,2487.562127091037,161.0,129.0,16.0,,,28.0
3970.0,2026-09-20T14:13:32+00:00,1463.18994140625,0.40700000524520874,2457.002425337861,161.0,129.0,16.0,,,28.0
3976.0,2026-09-20T14:13:38+00:00,1465.6800537109375,0.41499999165534973,2409.638602668895,162.0,129.1999969482422,18.0,,,28.0
3982.0,2026-09-20T14:13:44+00:00,1470.030029296875,0.7250000238418579,1379.310299468524,162.0,129.1999969482422,32.0,,,28.0
3988.0,2026-09-20T14:13:50+00:00,1479.6099853515625,1.597000002861023,626.1740752714475,162.0,129.1999969482422,28.0,,,28.0
3994.0,2026-09-20T14:13:56+00:00,1494.81005859375,2.5329999923706055,394.78878918752446,163.0,129.1999969482422,21.0,,,28.0
4000.0,2026-09-20T14:14:02+00:00,1512.3499755859375,2.9230000972747803,342.114254779648,163.0,129.1999969482422,18.0,,,28.0
4006.0,2026-09-20T14:14:08+00:00,1530.699951171875,3.058000087738037,327.01110899564657,163.0,129.0,17.0,,,28.0
4011.0,2026-09-20T14:14:13+00:00,1530.699951171875,,,162.0,128.8000030517578,0.0,,,28.0
4016.0,2026-09-20T14:14:18+00:00,1530.699951171875,,,159.0,128.60000610351562,,,,28.0
4019.0,2026-09-20T14:14:21+00:00,1530.699951171875,,,157.0,128.39999389648438,,,,28.0
4021.0,2026-09-20T14:14:23+00:00,1530.699951171875,,,155.0,128.39999389648438,,,,28.0
4027.0,2026-09-20T14:14:29+00:00,1530.699951171875,,,153.0,128.39999389648438,,,,28.0
4033.0,2026-09-20T14:14:35+00:00,1537.43994140625,0.25,,152.0,128.1999969482422,10.0,,,28.0
4034.0,2026-09-20T14:14:36+00:00,1537.43994140625,,,152.0,128.0,0.0,,,28.0
4037.0,2026-09-20T14:14:39+00:00,1540.93994140625,0.875,1142.857142857143,149.0,128.0,0.0,,,28.0
4043.0,2026-09-20T14:14:45+00:00,1544.5899658203125,0.6079999804496765,1644.736894992004,148.0,128.1999969482422,14.0,,,28.0
4049.0,2026-09-20T14:14:51+00:00,1551.699951171875,1.184999942779541,843.8818972888688,148.0,128.1999969482422,25.0,,,28.0
4054.0,2026-09-20T14:14:56+00:00,1551.699951171875,,,145.0,128.1999969482422,,,,28.0
4060.0,2026-09-20T14:15:02+00:00,1551.699951171875,,,144.0,128.1999969482422,,,,28.0
4064.0,2026-09-20T14:15:06+00:00,1551.699951171875,,,141.0,127.80000305175781,,,,29.0
4067.0,2026-09-20T14:15:09+00:00,1551.699951171875,,,137.0,127.80000305175781,,,,29.0
4069.0,2026-09-20T14:15:11+00:00,1551.699951171875,,,134.0,127.80000305175781,,,,29.0
4074.0,2026-09-20T14:15:16+00:00,1551.699951171875,,,130.0,128.0,,,,29.0
4080.0,2026-09-20T14:15:22+00:00,1551.699951171875,,,132.0,128.0,,,,29.0
4083.0,2026-09-20T14:15:25+00:00,1551.699951171875,,,129.0,127.80000305175781,,,,29.0
4086.0,2026-09-20T14:15:28+00:00,1551.699951171875,,,126.0,127.80000305175781,,,,29.0
4092.0,2026-09-20T14:15:34+00:00,1551.699951171875,,,128.0,127.5999984741211,,,,29.0
4098.0,2026-09-20T14:15:40+00:00,1551.699951171875,,,129.0,128.0,,,,29.0
4104.0,2026-09-20T14:15:46+00:00,1551.699951171875,,,127.0,128.1999969482422,,,,29.0
4110.0,2026-09-20T14:15:52+00:00,1551.699951171875,,,126.0,128.0,,,,29.0
4115.0,2026-09-20T14:15:57+00:00,1551.699951171875,,,125.0,127.4000015258789,,,,29.0
4117.0,2026-09-20T14:15:59+00:00,1551.699951171875,,,122.0,127.19999694824219,,,,29.0
4121.0,2026-09-20T14:16:03+00:00,1551.699951171875,,,125.0,127.4000015258789,,,,29.0
4123.0,2026-09-20T14:16:05+00:00,1551.699951171875,,,128.0,127.4000015258789,,,,29.0
4125.0,2026-09-20T14:16:07+00:00,1558.9100341796875,0.0949999988079071,,131.0,127.5999984741211,13.0,,,29.0
4127.0,2026-09-20T14:16:09+00:00,1558.9100341796875,,,134.0,127.5999984741211,13.0,,,29.0
4130.0,2026-09-20T14:16:12+00:00,1558.9100341796875,,,137.0,127.5999984741211,13.0,,,29.0
4136.0,2026-09-20T14:16:18+00:00,1566.1400146484375,0.6570000052452087,1522.0700030691403,140.0,127.5999984741211,14.0,,,29.0
4140.0,2026-09-20T14:16:22+00:00,1566.1400146484375,,,137.0,127.5999984741211,0.0,,,29.0
4146.0,2026-09-20T14:16:28+00:00,1573.3800048828125,0.7239999771118164,1381.2155132783346,138.0,127.80000305175781,0.0,,,29.0
4152.0,2026-09-20T14:16:34+00:00,1580.760009765625,1.2300000190734863,813.0081174740657,139.0,127.5999984741211,0.0,,,29.0
4158.0,2026-09-20T14:16:40+00:00,1580.760009765625,,,139.0,127.5999984741211,,,,29.0
4164.0,2026-09-20T14:16:46+00:00,1580.760009765625,,,139.0,127.5999984741211,,,,29.0
4170.0,2026-09-20T14:16:52+00:00,1580.760009765625,,,140.0,127.5999984741211,,,,29.0
4176.0,2026-09-20T14:16:58+00:00,1580.760009765625,,,140.0,127.19999694824219,,,,29.0
4182.0,2026-09-20T14:17:04+00:00,1587.9599609375,0.23999999463558197,,139.0,127.4000015258789,13.0,,,30.0
4186.0,2026-09-20T14:17:08+00:00,1594.3900146484375,1.6080000400543213,621.8905317727592,142.0,127.19999694824219,27.0,,,30.0
4192.0,2026-09-20T14:17:14+00:00,1594.3900146484375,,,144.0,127.4000015258789,,,,30.0
4198.0,2026-09-20T14:17:20+00:00,1594.3900146484375,,,143.0,127.5999984741211,,,,30.0
4204.0,2026-09-20T14:17:26+00:00,1594.3900146484375,,,143.0,127.5999984741211,,,,30.0
4210.0,2026-09-20T14:17:32+00:00,1594.3900146484375,,,143.0,127.4000015258789,,,,30.0
4216.0,2026-09-20T14:17:38+00:00,1594.3900146484375,,,144.0,127.19999694824219,,,,30.0
4222.0,2026-09-20T14:17:44+00:00,1594.3900146484375,,,142.0,127.19999694824219,,,,30.0
4228.0,2026-09-20T14:17:50+00:00,1594.3900146484375,,,141.0,127.0,,,,30.0
4233.0,2026-09-20T14:17:55+00:00,1594.3900146484375,,,144.0,126.5999984741211,,,,30.0
4239.0,2026-09-20T14:18:01+00:00,1594.3900146484375,,,144.0,126.80000305175781,,,,30.0
4245.0,2026-09-20T14:18:07+00:00,1594.3900146484375,,,144.0,126.80000305175781,,,,30.0
4251.0,2026-09-20T14:18:13+00:00,1594.3900146484375,,,144.0,127.19999694824219,,,,30.0
4257.0,2026-09-20T14:18:19+00:00,1594.3900146484375,,,147.0,127.4000015258789,,,,30.0
4263.0,2026-09-20T14:18:25+00:00,1594.3900146484375,,,148.0,127.4000015258789,,,,30.0
4269.0,2026-09-20T14:18:31+00:00,1594.3900146484375,,,148.0,127.5999984741211,,,,30.0
4275.0,2026-09-20T14:18:37+00:00,1594.3900146484375,,,147.0,127.4000015258789,,,,30.0
4281.0,2026-09-20T14:18:43+00:00,1594.3900146484375,,,148.0,127.4000015258789,,,,30.0
4287.0,2026-09-20T14:18:49+00:00,1594.3900146484375,,,147.0,127.4000015258789,,,,30.0
4293.0,2026-09-20T14:18:55+00:00,1594.3900146484375,,,147.0,127.4000015258789,,,,30.0
4299.0,2026-09-20T14:19:01+00:00,1594.3900146484375,,,147.0,127.80000305175781,,,,30.0
4305.0,2026-09-20T14:19:07+00:00,1594.3900146484375,,,148.0,127.5999984741211,,,,30.0
4311.0,2026-09-20T14:19:13+00:00,1594.3900146484375,,,150.0,127.5999984741211,,,,30.0
4317.0,2026-09-20T14:19:19+00:00,1594.3900146484375,,,149.0,127.4000015258789,,,,30.0
4323.0,2026-09-20T14:19:25+00:00,1594.3900146484375,,,148.0,127.19999694824219,,,,30.0
4329.0,2026-09-20T14:19:31+00:00,1594.3900146484375,,,148.0,127.4000015258789,,,,30.0
4335.0,2026-09-20T14:19:37+00:00,1594.3900146484375,,,149.0,127.4000015258789,,,,30.0
4341.0,2026-09-20T14:19:43+00:00,1594.3900146484375,,,150.0,127.19999694824219,,,,30.0
4347.0,2026-09-20T14:19:49+00:00,1594.3900146484375,,,149.0,127.0,,,,30.0
4350.0,2026-09-20T14:19:52+00:00,1594.3900146484375,,,149.0,127.19999694824219,,,,30.0
4356.0,2026-09-20T14:19:58+00:00,1594.3900146484375,,,149.0,127.4000015258789,,,,30.0
4362.0,2026-09-20T14:20:04+00:00,1594.3900146484375,,,149.0,127.0,,,,30.0
4368.0,2026-09-20T14:20:10+00:00,1594.3900146484375,,,148.0,127.0,,,,30.0
4374.0,2026-09-20T14:20:16+00:00,1594.3900146484375,,,148.0,127.0,,,,30.0
4380.0,2026-09-20T14:20:22+00:00,1594.3900146484375,,,149.0,127.0,,,,30.0
4386.0,2026-09-20T14:20:28+00:00,1594.3900146484375,,,150.0,126.5999984741211,,,,30.0
4392.0,2026-09-20T14:20:34+00:00,1594.3900146484375,,,150.0,126.80000305175781,,,,30.0
4398.0,2026-09-20T14:20:40+00:00,1599.6300048828125,0.02500000037252903,,150.0,126.5999984741211,14.0,,,30.0
4404.0,2026-09-20T14:20:46+00:00,1603.4000244140625,0.628000020980835,1592.3566346990895,151.0,126.5999984741211,34.0,,,30.0
4410.0,2026-09-20T14:20:52+00:00,1603.4000244140625,,,151.0,126.5999984741211,,,,30.0
4416.0,2026-09-20T14:20:58+00:00,1603.4000244140625,,,151.0,126.80000305175781,,,,30.0
4422.0,2026-09-20T14:21:04+00:00,1603.4000244140625,,,150.0,126.5999984741211,,,,30.0
4428.0,2026-09-20T14:21:10+00:00,1603.4000244140625,,,150.0,126.5999984741211,,,,30.0
4434.0,2026-09-20T14:21:16+00:00,1603.4000244140625,,,151.0,126.80000305175781,,,,30.0
4440.0,2026-09-20T14:21:22+00:00,1603.4000244140625,,,151.0,126.5999984741211,,,,30.0
4446.0,2026-09-20T14:21:28+00:00,1603.4000244140625,,,150.0,126.5999984741211,,,,30.0
4452.0,2026-09-20T14:21:34+00:00,1603.4000244140625,,,149.0,126.4000015258789,,,,30.0
4458.0,2026-09-20T14:21:40+00:00,1603.4000244140625,,,148.0,126.19999694824219,,,,30.0
4464.0,2026-09-20T14:21:46+00:00,1603.4000244140625,,,148.0,126.4000015258789,,,,30.0
4470.0,2026-09-20T14:21:52+00:00,1606.0400390625,0.03999999910593033,,148.0,126.80000305175781,15.0,,,30.0
4476.0,2026-09-20T14:21:58+00:00,1611.77001953125,0.9549999833106995,1047.120437147338,148.0,126.80000305175781,0.0,,,30.0
4482.0,2026-09-20T14:22:04+00:00,1611.77001953125,,,150.0,126.80000305175781,,,,30.0
4488.0,2026-09-20T14:22:10+00:00,1611.77001953125,,,150.0,127.4000015258789,,,,30.0
4494.0,2026-09-20T14:22:16+00:00,1611.77001953125,,,150.0,127.19999694824219,,,,30.0
4500.0,2026-09-20T14:22:22+00:00,1611.77001953125,,,149.0,127.0,,,,30.0
4506.0,2026-09-20T14:22:28+00:00,1611.77001953125,,,148.0,127.0,,,,30.0
4512.0,2026-09-20T14:22:34+00:00,1611.77001953125,,,148.0,126.80000305175781,,,,30.0
4518.0,2026-09-20T14:22:40+00:00,1611.77001953125,,,147.0,126.80000305175781,,,,30.0
4524.0,2026-09-20T14:22:46+00:00,1611.77001953125,,,148.0,126.80000305175781,,,,30.0
4530.0,2026-09-20T14:22:52+00:00,1611.77001953125,,,149.0,126.80000305175781,,,,30.0
4536.0,2026-09-20T14:22:58+00:00,1611.77001953125,,,149.0,126.5999984741211,,,,30.0
4542.0,2026-09-20T14:23:04+00:00,1611.77001953125,,,149.0,126.4000015258789,,,,30.0
4548.0,2026-09-20T14:23:10+00:00,1611.77001953125,,,148.0,126.4000015258789,,,,30.0
4554.0,2026-09-20T14:23:16+00:00,1611.77001953125,,,147.0,128.0,,,,30.0
4557.0,2026-09-20T14:23:19+00:00,1611.77001953125,,,147.0,124.19999694824219,,,,30.0
4558.0,2026-09-20T14:23:20+00:00,1611.77001953125,,,147.0,122.80000305175781,,,,30.0
4561.0,2026-09-20T14:23:23+00:00,1611.77001953125,,,147.0,126.19999694824219,,,,30.0
4562.0,2026-09-20T14:23:24+00:00,1611.77001953125,,,147.0,128.1999969482422,,,,30.0
4563.0,2026-09-20T14:23:25+00:00,1611.77001953125,,,146.0,129.39999389648438,,,,30.0
4567.0,2026-09-20T14:23:29+00:00,1611.77001953125,,,145.0,128.39999389648438,,,,30.0
4568.0,2026-09-20T14:23:30+00:00,1611.77001953125,,,145.0,127.19999694824219,,,,30.0
4570.0,2026-09-20T14:23:32+00:00,1611.77001953125,,,145.0,126.19999694824219,,,,30.0
4576.0,2026-09-20T14:23:38+00:00,1611.77001953125,,,145.0,126.0,,,,31.0
4580.0,2026-09-20T14:23:42+00:00,1611.77001953125,,,142.0,126.0,,,,31.0
4586.0,2026-09-20T14:23:48+00:00,1611.77001953125,,,141.0,125.80000305175781,,,,31.0
4592.0,2026-09-20T14:23:54+00:00,1611.77001953125,,,141.0,125.80000305175781,,,,31.0
4598.0,2026-09-20T14:24:00+00:00,1611.77001953125,,,141.0,125.80000305175781,,,,31.0
4603.0,2026-09-20T14:24:05+00:00,1611.77001953125,,,144.0,126.0,,,,31.0
4609.0,2026-09-20T14:24:11+00:00,1611.77001953125,,,145.0,126.0,,,,31.0
4615.0,2026-09-20T14:24:17+00:00,1611.77001953125,,,146.0,126.0,,,,31.0
4621.0,2026-09-20T14:24:23+00:00,1611.77001953125,,,144.0,126.0,,,,31.0
4627.0,2026-09-20T14:24:29+00:00,1614.6600341796875,0.01899999938905239,,143.0,125.80000305175781,11.0,,,30.0
4633.0,2026-09-20T14:24:35+00:00,1614.6600341796875,,,142.0,126.19999694824219,,,,30.0
4639.0,2026-09-20T14:24:41+00:00,1614.6600341796875,,,142.0,126.4000015258789,,,,30.0
4645.0,2026-09-20T14:24:47+00:00,1614.6600341796875,,,141.0,126.5999984741211,,,,30.0
4651.0,2026-09-20T14:24:53+00:00,1614.6600341796875,,,142.0,126.80000305175781,,,,30.0
4657.0,2026-09-20T14:24:59+00:00,1614.6600341796875,,,142.0,127.0,,,,30.0
4663.0,2026-09-20T14:25:05+00:00,1616.81005859375,0.05999999865889549,,142.0,126.80000305175781,0.0,,,30.0
4669.0,2026-09-20T14:25:11+00:00,1616.81005859375,,,143.0,126.5999984741211,,,,30.0
4675.0,2026-09-20T14:25:17+00:00,1616.81005859375,,,144.0,126.5999984741211,,,,30.0
4681.0,2026-09-20T14:25:23+00:00,1616.81005859375,,,143.0,126.80000305175781,,,,30.0
4687.0,2026-09-20T14:25:29+00:00,1616.81005859375,,,141.0,126.80000305175781,,,,30.0
4693.0,2026-09-20T14:25:35+00:00,1616.81005859375,,,142.0,126.80000305175781,,,,30.0
4699.0,2026-09-20T14:25:41+00:00,1616.81005859375,,,141.0,126.80000305175781,,,,30.0
4705.0,2026-09-20T14:25:47+00:00,1616.81005859375,,,140.0,126.80000305175781,,,,30.0
4711.0,2026-09-20T14:25:53+00:00,1616.81005859375,,,141.0,126.80000305175781,,,,30.0
4717.0,2026-09-20T14:25:59+00:00,1616.81005859375,,,141.0,126.80000305175781,,,,30.0
4723.0,2026-09-20T14:26:05+00:00,1616.81005859375,,,142.0,127.0,,,,30.0
4727.0,2026-09-20T14:26:09+00:00,1619.4000244140625,0.03999999910593033,,143.0,127.19999694824219,15.0,,,30.0
4733.0,2026-09-20T14:26:15+00:00,1623.3399658203125,0.6570000052452087,1522.0700030691403,145.0,127.5999984741211,46.0,,,30.0
4739.0,2026-09-20T14:26:21+00:00,1624.6400146484375,0.21699999272823334,,147.0,127.5999984741211,13.0,,,30.0
4745.0,2026-09-20T14:26:27+00:00,1632.4000244140625,1.2929999828338623,773.3952152174855,147.0,127.4000015258789,49.0,,,30.0
4751.0,2026-09-20T14:26:33+00:00,1640.510009765625,1.3519999980926514,739.6449714576634,148.0,127.4000015258789,55.0,,,30.0
4757.0,2026-09-20T14:26:39+00:00,1646.22998046875,0.953000009059906,1049.3179333612572,146.0,127.19999694824219,52.0,,,30.0
4763.0,2026-09-20T14:26:45+00:00,1652.1600341796875,0.9879999756813049,1012.1457739008749,146.0,127.0,42.0,,,30.0
4769.0,2026-09-20T14:26:51+00:00,1652.77001953125,0.10199999809265137,,145.0,127.0,11.0,,,30.0
4775.0,2026-09-20T14:26:57+00:00,1652.77001953125,,,145.0,127.0,0.0,,,30.0
4781.0,2026-09-20T14:27:03+00:00,1652.77001953125,,,144.0,126.4000015258789,,,,30.0
4787.0,2026-09-20T14:27:09+00:00,1652.77001953125,,,144.0,126.5999984741211,,,,30.0
4793.0,2026-09-20T14:27:15+00:00,1652.77001953125,,,145.0,126.5999984741211,,,,30.0
4799.0,2026-09-20T14:27:21+00:00,1652.77001953125,,,146.0,126.4000015258789,,,,30.0
4805.0,2026-09-20T14:27:27+00:00,1652.77001953125,,,145.0,126.5999984741211,,,,30.0
4811.0,2026-09-20T14:27:33+00:00,1652.77001953125,,,145.0,126.4000015258789,,,,30.0
4817.0,2026-09-20T14:27:39+00:00,1653.93994140625,0.024000000208616257,,144.0,126.4000015258789,11.0,,,30.0
4823.0,2026-09-20T14:27:45+00:00,1655.81005859375,0.31200000643730164,3205.128138998793,145.0,126.5999984741211,15.0,,,30.0
4829.0,2026-09-20T14:27:51+00:00,1656.1800537109375,0.06199999898672104,,145.0,126.5999984741211,15.0,,,30.0
4835.0,2026-09-20T14:27:57+00:00,1656.1800537109375,,,144.0,126.80000305175781,,,,31.0
4841.0,2026-09-20T14:28:03+00:00,1657.9300537109375,0.1459999978542328,,144.0,126.4000015258789,11.0,,,31.0
4847.0,2026-09-20T14:28:09+00:00,1659.6700439453125,0.28999999165534973,,144.0,126.5999984741211,0.0,,,31.0
4853.0,2026-09-20T14:28:15+00:00,1659.6700439453125,,,143.0,126.4000015258789,,,,31.0
4859.0,2026-09-20T14:28:21+00:00,1659.6700439453125,,,142.0,126.4000015258789,,,,31.0
4863.0,2026-09-20T14:28:25+00:00,1666.030029296875,0.3970000147819519,2518.891593868679,139.0,126.80000305175781,35.0,,,31.0
4869.0,2026-09-20T14:28:31+00:00,1666.030029296875,,,138.0,126.4000015258789,35.0,,,31.0
4871.0,2026-09-20T14:28:33+00:00,1666.030029296875,,,135.0,126.19999694824219,,,,31.0
4875.0,2026-09-20T14:28:37+00:00,1666.030029296875,,,138.0,126.19999694824219,,,,31.0
4878.0,2026-09-20T14:28:40+00:00,1666.030029296875,,,141.0,126.4000015258789,,,,31.0
4884.0,2026-09-20T14:28:46+00:00,1666.030029296875,,,144.0,126.4000015258789,,,,31.0
4890.0,2026-09-20T14:28:52+00:00,1666.9300537109375,0.032999999821186066,,146.0,126.4000015258789,11.0,,,31.0
4894.0,2026-09-20T14:28:56+00:00,1666.9300537109375,,,146.0,126.19999694824219,11.0,,,31.0
4900.0,2026-09-20T14:29:02+00:00,1666.9300537109375,,,146.0,126.19999694824219,,,,31.0
4906.0,2026-09-20T14:29:08+00:00,1666.9300537109375,,,146.0,126.4000015258789,,,,31.0
4912.0,2026-09-20T14:29:14+00:00,1669.280029296875,0.10700000077486038,,147.0,126.4000015258789,13.0,,,31.0
4918.0,2026-09-20T14:29:20+00:00,1671.6400146484375,0.3930000066757202,2544.5292188637018,146.0,126.80000305175781,0.0,,,31.0
4924.0,2026-09-20T14:29:26+00:00,1671.6400146484375,,,145.0,126.5999984741211,,,,31.0
4930.0,2026-09-20T14:29:32+00:00,1671.6400146484375,,,145.0,126.19999694824219,,,,31.0
4936.0,2026-09-20T14:29:38+00:00,1671.6400146484375,,,144.0,126.4000015258789,,,,31.0
4942.0,2026-09-20T14:29:44+00:00,1671.6400146484375,,,143.0,126.4000015258789,,,,31.0
4948.0,2026-09-20T14:29:50+00:00,1671.6400146484375,,,145.0,126.5999984741211,,,,31.0
4954.0,2026-09-20T14:29:56+00:00,1671.6400146484375,,,145.0,126.5999984741211,,,,31.0
4960.0,2026-09-20T14:30:02+00:00,1671.6400146484375,,,146.0,126.80000305175781,,,,31.0
4966.0,2026-09-20T14:30:08+00:00,1671.6400146484375,,,146.0,126.80000305175781,,,,31.0
4972.0,2026-09-20T14:30:14+00:00,1671.6400146484375,,,145.0,126.80000305175781,,,,31.0
4978.0,2026-09-20T14:30:20+00:00,1671.6400146484375,,,144.0,126.5999984741211,,,,31.0
4984.0,2026-09-20T14:30:26+00:00,1678.7099609375,0.10700000077486038,,145.0,126.4000015258789,18.0,,,31.0
4990.0,2026-09-20T14:30:32+00:00,1681.93994140625,0.5379999876022339,1858.7361023125939,147.0,126.5999984741211,21.0,,,31.0
4996.0,2026-09-20T14:30:38+00:00,1686.52001953125,0.7630000114440918,1310.6159698573927,147.0,126.4000015258789,32.0,,,31.0
5002.0,2026-09-20T14:30:44+00:00,1688.8900146484375,0.39500001072883606,2531.6455008566845,147.0,126.4000015258789,0.0,,,31.0
5008.0,2026-09-20T14:30:50+00:00,1690.0799560546875,0.1979999989271164,,146.0,126.4000015258789,30.0,,,31.0
5014.0,2026-09-20T14:30:56+00:00,1692.780029296875,0.44999998807907104,2222.222281091009,144.0,126.5999984741211,27.0,,,31.0
5020.0,2026-09-20T14:31:02+00:00,1697.22998046875,0.7419999837875366,1347.7089243257165,144.0,126.5999984741211,29.0,,,31.0
5026.0,2026-09-20T14:31:08+00:00,1697.3800048828125,0.02500000037252903,,145.0,126.5999984741211,6.0,,,31.0
5032.0,2026-09-20T14:31:14+00:00,1698.06005859375,0.11299999803304672,,144.0,126.80000305175781,10.0,,,31.0
5038.0,2026-09-20T14:31:20+00:00,1698.06005859375,,,142.0,126.80000305175781,,,,31.0
5044.0,2026-09-20T14:31:26+00:00,1701.47998046875,0.2849999964237213,,145.0,126.80000305175781,0.0,,,31.0
5050.0,2026-09-20T14:31:32+00:00,1701.47998046875,,,146.0,126.80000305175781,,,,31.0
5056.0,2026-09-20T14:31:38+00:00,1701.47998046875,,,145.0,126.5999984741211,,,,31.0
5062.0,2026-09-20T14:31:44+00:00,1701.47998046875,,,145.0,126.5999984741211,,,,31.0
5068.0,2026-09-20T14:31:50+00:00,1701.47998046875,,,144.0,126.80000305175781,,,,31.0
5074.0,2026-09-20T14:31:56+00:00,1701.47998046875,,,144.0,126.80000305175781,,,,31.0
5080.0,2026-09-20T14:32:02+00:00,1701.47998046875,,,144.0,126.80000305175781,,,,31.0
5086.0,2026-09-20T14:32:08+00:00,1701.47998046875,,,144.0,126.80000305175781,,,,31.0
5092.0,2026-09-20T14:32:14+00:00,1702.8499755859375,0.028999999165534973,,144.0,127.0,32.0,,,31.0
5098.0,2026-09-20T14:32:20+00:00,1705.050048828125,0.367000013589859,2724.795539428918,146.0,126.80000305175781,43.0,,,31.0
5104.0,2026-09-20T14:32:26+00:00,1705.050048828125,,,148.0,127.0,,,,31.0
5110.0,2026-09-20T14:32:32+00:00,1708.8499755859375,0.31700000166893005,3154.5741158840265,146.0,126.80000305175781,15.0,,,31.0
5116.0,2026-09-20T14:32:38+00:00,1708.8499755859375,,,144.0,126.80000305175781,0.0,,,31.0
5122.0,2026-09-20T14:32:44+00:00,1708.8499755859375,,,143.0,126.80000305175781,,,,31.0
5128.0,2026-09-20T14:32:50+00:00,1712.300048828125,0.19200000166893005,,143.0,126.80000305175781,38.0,,,31.0
5134.0,2026-09-20T14:32:56+00:00,1713.0999755859375,0.13300000131130219,,146.0,126.80000305175781,15.0,,,31.0
5140.0,2026-09-20T14:33:02+00:00,1713.0999755859375,,,146.0,126.5999984741211,15.0,,,31.0
5146.0,2026-09-20T14:33:08+00:00,1713.0999755859375,,,145.0,126.4000015258789,,,,31.0
5152.0,2026-09-20T14:33:14+00:00,1713.0999755859375,,,145.0,126.5999984741211,,,,31.0
5158.0,2026-09-20T14:33:20+00:00,1713.0999755859375,,,145.0,126.4000015258789,,,,31.0
5164.0,2026-09-20T14:33:26+00:00,1713.0999755859375,,,144.0,126.4000015258789,,,,31.0
5170.0,2026-09-20T14:33:32+00:00,1713.0999755859375,,,144.0,126.4000015258789,,,,31.0
5176.0,2026-09-20T14:33:38+00:00,1713.0999755859375,,,145.0,126.5999984741211,,,,31.0
5182.0,2026-09-20T14:33:44+00:00,1716.5400390625,0.07199999690055847,,147.0,126.5999984741211,15.0,,,31.0
5188.0,2026-09-20T14:33:50+00:00,1716.5400390625,,,147.0,126.5999984741211,,,,31.0
5194.0,2026-09-20T14:33:56+00:00,1716.5400390625,,,148.0,126.4000015258789,,,,31.0
5200.0,2026-09-20T14:34:02+00:00,1716.5400390625,,,146.0,126.5999984741211,,,,31.0
5206.0,2026-09-20T14:34:08+00:00,1718.6600341796875,0.08799999952316284,,146.0,126.5999984741211,14.0,,,31.0
5212.0,2026-09-20T14:34:14+00:00,1720.780029296875,0.3529999852180481,2832.8613084283843,145.0,126.4000015258789,0.0,,,31.0
5218.0,2026-09-20T14:34:20+00:00,1720.780029296875,,,143.0,126.4000015258789,,,,31.0
5224.0,2026-09-20T14:34:26+00:00,1720.780029296875,,,144.0,126.80000305175781,,,,31.0
5230.0,2026-09-20T14:34:32+00:00,1720.780029296875,,,144.0,126.4000015258789,,,,31.0
5236.0,2026-09-20T14:34:38+00:00,1720.780029296875,,,145.0,126.4000015258789,,,,31.0
5242.0,2026-09-20T14:34:44+00:00,1720.780029296875,,,146.0,126.4000015258789,,,,31.0
5248.0,2026-09-20T14:34:50+00:00,1720.780029296875,,,147.0,126.4000015258789,,,,31.0
5252.0,2026-09-20T14:34:54+00:00,1720.780029296875,,,150.0,126.5999984741211,,,,31.0
5255.0,2026-09-20T14:34:57+00:00,1720.780029296875,,,147.0,126.5999984741211,,,,31.0
5261.0,2026-09-20T14:35:03+00:00,1725.280029296875,0.09200000017881393,,147.0,126.80000305175781,0.0,,,31.0
5267.0,2026-09-20T14:35:09+00:00,1725.280029296875,,,148.0,126.5999984741211,,,,31.0
5273.0,2026-09-20T14:35:15+00:00,1728.97998046875,0.30799999833106995,3246.7532643461172,149.0,126.4000015258789,34.0,,,31.0
5279.0,2026-09-20T14:35:21+00:00,1729.8499755859375,0.14499999582767487,,149.0,126.5999984741211,34.0,,,31.0
5285.0,2026-09-20T14:35:27+00:00,1731.969970703125,0.3529999852180481,2832.8613084283843,148.0,126.5999984741211,0.0,,,31.0
5291.0,2026-09-20T14:35:33+00:00,1733.8399658203125,0.31200000643730164,3205.128138998793,148.0,126.4000015258789,17.0,,,31.0
5297.0,2026-09-20T14:35:39+00:00,1734.9000244140625,0.1770000010728836,,149.0,126.4000015258789,14.0,,,31.0
5303.0,2026-09-20T14:35:45+00:00,1734.9000244140625,,,150.0,126.4000015258789,14.0,,,31.0
5309.0,2026-09-20T14:35:51+00:00,1735.050048828125,0.013000000268220901,,150.0,126.4000015258789,6.0,,,31.0
5315.0,2026-09-20T14:35:57+00:00,1739.6300048828125,0.7630000114440918,1310.6159698573927,150.0,126.5999984741211,13.0,,,31.0
5321.0,2026-09-20T14:36:03+00:00,1739.6300048828125,,,150.0,126.4000015258789,,,,31.0
5327.0,2026-09-20T14:36:09+00:00,1739.6300048828125,,,150.0,126.4000015258789,,,,31.0
5333.0,2026-09-20T14:36:15+00:00,1744.1700439453125,0.25200000405311584,,150.0,126.19999694824219,16.0,,,31.0
5339.0,2026-09-20T14:36:21+00:00,1744.4000244140625,0.03799999877810478,,150.0,126.4000015258789,5.0,,,31.0
5345.0,2026-09-20T14:36:27+00:00,1744.4000244140625,,,150.0,126.4000015258789,,,,31.0
5351.0,2026-09-20T14:36:33+00:00,1744.4000244140625,,,149.0,126.4000015258789,,,,31.0
5357.0,2026-09-20T14:36:39+00:00,1744.4000244140625,,,149.0,126.5999984741211,,,,31.0
5363.0,2026-09-20T14:36:45+00:00,1744.4000244140625,,,146.0,126.5999984741211,,,,31.0
5367.0,2026-09-20T14:36:49+00:00,1744.4000244140625,,,142.0,126.5999984741211,,,,31.0
5372.0,2026-09-20T14:36:54+00:00,1747.22998046875,0.0860000029206276,,137.0,126.19999694824219,42.0,,,31.0
5373.0,2026-09-20T14:36:55+00:00,1747.22998046875,,,132.0,126.19999694824219,42.0,,,31.0
5374.0,2026-09-20T14:36:56+00:00,1747.22998046875,,,126.0,126.19999694824219,42.0,,,31.0
5378.0,2026-09-20T14:37:00+00:00,1747.22998046875,,,130.0,126.4000015258789,,,,31.0
5384.0,2026-09-20T14:37:06+00:00,1747.22998046875,,,131.0,126.4000015258789,,,,31.0
5390.0,2026-09-20T14:37:12+00:00,1747.22998046875,,,131.0,126.4000015258789,,,,31.0
5394.0,2026-09-20T14:37:16+00:00,1747.22998046875,,,128.0,126.5999984741211,,,,31.0
5398.0,2026-09-20T14:37:20+00:00,1747.22998046875,,,125.0,126.80000305175781,,,,31.0
5404.0,2026-09-20T14:37:26+00:00,1747.22998046875,,,126.0,126.80000305175781,,,,31.0
5409.0,2026-09-20T14:37:31+00:00,1747.22998046875,,,123.0,126.5999984741211,,,,31.0
5414.0,2026-09-20T14:37:36+00:00,1747.22998046875,,,120.0,126.5999984741211,,,,31.0
5416.0,2026-09-20T14:37:38+00:00,1747.22998046875,,,117.0,126.5999984741211,,,,31.0
5422.0,2026-09-20T14:37:44+00:00,1747.22998046875,,,117.0,126.5999984741211,,,,31.0
5428.0,2026-09-20T14:37:50+00:00,1747.22998046875,,,117.0,126.80000305175781,,,,30.0
5432.0,2026-09-20T14:37:54+00:00,1747.22998046875,,,120.0,126.5999984741211,,,,30.0
5438.0,2026-09-20T14:38:00+00:00,1749.9000244140625,0.03999999910593033,,120.0,126.80000305175781,33.0,,,30.0
5441.0,2026-09-20T14:38:03+00:00,1753.030029296875,1.0429999828338623,958.7727866331982,123.0,127.0,44.0,,,30.0
5445.0,2026-09-20T14:38:07+00:00,1756.719970703125,0.921999990940094,1084.5987091392217,119.0,127.19999694824219,0.0,,,30.0
5447.0,2026-09-20T14:38:09+00:00,1756.719970703125,,,116.0,127.19999694824219,0.0,,,30.0
5451.0,2026-09-20T14:38:13+00:00,1756.719970703125,,,112.0,127.0,,,,30.0
5457.0,2026-09-20T14:38:19+00:00,1756.719970703125,,,111.0,127.19999694824219,,,,30.0
5463.0,2026-09-20T14:38:25+00:00,1756.719970703125,,,109.0,127.0,,,,30.0
5465.0,2026-09-20T14:38:27+00:00,1756.719970703125,,,106.0,126.80000305175781,,,,30.0
5471.0,2026-09-20T14:38:33+00:00,1756.719970703125,,,105.0,126.80000305175781,,,,30.0
5477.0,2026-09-20T14:38:39+00:00,1756.719970703125,,,105.0,126.80000305175781,,,,30.0
5483.0,2026-09-20T14:38:45+00:00,1756.719970703125,,,107.0,126.5999984741211,,,,30.0
5489.0,2026-09-20T14:38:51+00:00,1756.719970703125,,,108.0,126.4000015258789,,,,30.0
5495.0,2026-09-20T14:38:57+00:00,1756.719970703125,,,107.0,126.4000015258789,,,,30.0
5501.0,2026-09-20T14:39:03+00:00,1756.719970703125,,,105.0,126.4000015258789,,,,30.0
5506.0,2026-09-20T14:39:08+00:00,1756.719970703125,,,108.0,126.4000015258789,,,,30.0
5512.0,2026-09-20T14:39:14+00:00,1756.719970703125,,,106.0,126.19999694824219,,,,30.0
5518.0,2026-09-20T14:39:20+00:00,1756.719970703125,,,106.0,126.4000015258789,,,,31.0
5524.0,2026-09-20T14:39:26+00:00,1756.719970703125,,,106.0,126.19999694824219,,,,31.0
5530.0,2026-09-20T14:39:32+00:00,1756.719970703125,,,108.0,126.19999694824219,,,,31.0
5533.0,2026-09-20T14:39:35+00:00,1756.719970703125,,,107.0,126.19999694824219,,,,31.0
5537.0,2026-09-20T14:39:39+00:00,1757.030029296875,0.003000000026077032,,111.0,126.19999694824219,12.0,,,31.0
5540.0,2026-09-20T14:39:42+00:00,1759.9300537109375,0.9670000076293945,1034.1261552329302,114.0,126.4000015258789,43.0,,,31.0
5542.0,2026-09-20T14:39:44+00:00,1762.5,1.284999966621399,778.2101369459656,118.0,126.5999984741211,50.0,,,31.0
5548.0,2026-09-20T14:39:50+00:00,1768.4300537109375,0.9879999756813049,1012.1457739008749,118.0,126.5999984741211,0.0,,,31.0
5553.0,2026-09-20T14:39:55+00:00,1770.9599609375,0.5059999823570251,1976.2846538884198,115.0,126.5999984741211,48.0,,,31.0
5559.0,2026-09-20T14:40:01+00:00,1770.9599609375,,,112.0,126.5999984741211,,,,31.0
5561.0,2026-09-20T14:40:03+00:00,1770.9599609375,,,109.0,126.5999984741211,,,,31.0
5567.0,2026-09-20T14:40:09+00:00,1770.9599609375,,,108.0,126.4000015258789,,,,30.0
5573.0,2026-09-20T14:40:15+00:00,1770.9599609375,,,107.0,126.4000015258789,,,,30.0
5575.0,2026-09-20T14:40:17+00:00,1770.9599609375,,,104.0,126.4000015258789,,,,30.0
5581.0,2026-09-20T14:40:23+00:00,1770.9599609375,,,106.0,126.5999984741211,,,,30.0
5583.0,2026-09-20T14:40:25+00:00,1770.9599609375,,,109.0,126.80000305175781,,,,30.0
5588.0,2026-09-20T14:40:30+00:00,1770.9599609375,,,101.0,126.80000305175781,,,,30.0
5593.0,2026-09-20T14:40:35+00:00,1777.550048828125,0.16500000655651093,,104.0,127.0,43.0,,,30.0
5595.0,2026-09-20T14:40:37+00:00,1778.72998046875,0.5899999737739563,1694.9153295778365,108.0,126.80000305175781,0.0,,,30.0
5601.0,2026-09-20T14:40:43+00:00,1778.72998046875,,,107.0,126.4000015258789,,,,30.0
5603.0,2026-09-20T14:40:45+00:00,1778.72998046875,,,103.0,126.4000015258789,,,,30.0
5604.0,2026-09-20T14:40:46+00:00,1778.72998046875,,,99.0,126.4000015258789,,,,30.0
5606.0,2026-09-20T14:40:48+00:00,1778.72998046875,,,96.0,126.4000015258789,,,,30.0
5611.0,2026-09-20T14:40:53+00:00,1778.72998046875,,,99.0,126.19999694824219,,,,30.0
5614.0,2026-09-20T14:40:56+00:00,1778.72998046875,,,103.0,126.4000015258789,,,,30.0
5620.0,2026-09-20T14:41:02+00:00,1778.72998046875,,,104.0,126.5999984741211,,,,30.0
5623.0,2026-09-20T14:41:05+00:00,1778.72998046875,,,100.0,126.4000015258789,,,,30.0
5625.0,2026-09-20T14:41:07+00:00,1778.72998046875,,,97.0,126.4000015258789,,,,30.0
5627.0,2026-09-20T14:41:09+00:00,1778.72998046875,,,93.0,126.4000015258789,,,,30.0
5633.0,2026-09-20T14:41:15+00:00,1778.72998046875,,,91.0,126.5999984741211,,,,30.0
5636.0,2026-09-20T14:41:18+00:00,1778.72998046875,,,96.0,126.5999984741211,,,,30.0
5638.0,2026-09-20T14:41:20+00:00,1778.72998046875,,,99.0,126.80000305175781,,,,30.0
5639.0,2026-09-20T14:41:21+00:00,1778.72998046875,,,102.0,126.80000305175781,,,,30.0
5643.0,2026-09-20T14:41:25+00:00,1778.72998046875,,,104.0,127.19999694824219,,,,30.0
5646.0,2026-09-20T14:41:28+00:00,1778.72998046875,,,108.0,127.4000015258789,,,,30.0
5651.0,2026-09-20T14:41:33+00:00,1778.72998046875,,,105.0,127.19999694824219,,,,30.0
5657.0,2026-09-20T14:41:39+00:00,1778.72998046875,,,105.0,127.19999694824219,,,,30.0
5660.0,2026-09-20T14:41:42+00:00,1778.72998046875,,,101.0,127.19999694824219,,,,30.0
5666.0,2026-09-20T14:41:48+00:00,1778.72998046875,,,103.0,127.19999694824219,,,,30.0
5668.0,2026-09-20T14:41:50+00:00,1778.72998046875,,,106.0,127.19999694824219,,,,30.0
5674.0,2026-09-20T14:41:56+00:00,1783.22998046875,0.05700000002980232,,106.0,126.5999984741211,36.0,,,30.0
5679.0,2026-09-20T14:42:01+00:00,1788.300048828125,1.0140000581741333,986.1932373067684,109.0,127.0,0.0,,,30.0
5684.0,2026-09-20T14:42:06+00:00,1788.699951171875,0.07999999821186066,,106.0,126.80000305175781,8.0,,,30.0
5690.0,2026-09-20T14:42:12+00:00,1794.5999755859375,0.9829999804496765,1017.2940181977896,107.0,126.80000305175781,48.0,,,30.0
5692.0,2026-09-20T14:42:14+00:00,1797.1300048828125,1.2649999856948853,790.5138429315346,104.0,126.80000305175781,49.0,,,30.0
5693.0,2026-09-20T14:42:15+00:00,1798.4000244140625,1.2699999809265137,787.401586628735,101.0,126.80000305175781,50.0,,,30.0
5694.0,2026-09-20T14:42:16+00:00,1799.68994140625,1.2899999618530273,775.1938213730989,98.0,127.0,50.0,,,30.0
5698.0,2026-09-20T14:42:20+00:00,1803.5,0.953000009059906,1049.3179333612572,101.0,126.80000305175781,0.0,,,30.0
5701.0,2026-09-20T14:42:23+00:00,1803.5,,,97.0,126.5999984741211,0.0,,,30.0
5702.0,2026-09-20T14:42:24+00:00,1803.5,,,97.0,126.5999984741211,0.0,,,30.0
5708.0,2026-09-20T14:42:30+00:00,1803.5,,,103.0,126.80000305175781,,,,30.0
5711.0,2026-09-20T14:42:33+00:00,1803.5,,,106.0,127.19999694824219,,,,30.0
5717.0,2026-09-20T14:42:39+00:00,1803.5,,,106.0,127.4000015258789,,,,30.0
5719.0,2026-09-20T14:42:41+00:00,1803.5,,,110.0,127.5999984741211,,,,30.0
5722.0,2026-09-20T14:42:44+00:00,1803.5,,,103.0,127.4000015258789,,,,30.0
5723.0,2026-09-20T14:42:45+00:00,1803.5,,,99.0,127.19999694824219,,,,30.0
5729.0,2026-09-20T14:42:51+00:00,1807.47998046875,0.12800000607967377,,102.0,127.19999694824219,42.0,,,30.0
5735.0,2026-09-20T14:42:57+00:00,1814.0400390625,1.093000054359436,914.9130377546599,103.0,127.5999984741211,42.0,,,30.0
5741.0,2026-09-20T14:43:03+00:00,1817.27001953125,0.5379999876022339,1858.7361023125939,102.0,127.5999984741211,0.0,,,30.0
5747.0,2026-09-20T14:43:09+00:00,1817.27001953125,,,104.0,127.80000305175781,,,,30.0
5751.0,2026-09-20T14:43:13+00:00,1817.27001953125,,,100.0,127.5999984741211,,,,30.0
5755.0,2026-09-20T14:43:17+00:00,1817.27001953125,,,104.0,127.19999694824219,,,,30.0
5756.0,2026-09-20T14:43:18+00:00,1817.27001953125,,,104.0,127.19999694824219,,,,30.0
5759.0,2026-09-20T14:43:21+00:00,1817.27001953125,,,107.0,127.4000015258789,,,,30.0
5761.0,2026-09-20T14:43:23+00:00,1817.27001953125,,,104.0,127.19999694824219,,,,30.0
5767.0,2026-09-20T14:43:29+00:00,1817.27001953125,,,105.0,127.4000015258789,,,,30.0
5773.0,2026-09-20T14:43:35+00:00,1817.5699462890625,0.008999999612569809,,106.0,127.0,,,,30.0
5779.0,2026-09-20T14:43:41+00:00,1817.8699951171875,0.05000000074505806,,106.0,126.5999984741211,0.0,,,30.0
5785.0,2026-09-20T14:43:47+00:00,1817.8699951171875,,,106.0,126.5999984741211,,,,30.0
5790.0,2026-09-20T14:43:52+00:00,1817.8699951171875,,,101.0,126.5999984741211,,,,29.0
5791.0,2026-09-20T14:43:53+00:00,1817.8699951171875,,,101.0,126.5999984741211,,,,29.0
5795.0,2026-09-20T14:43:57+00:00,1817.8699951171875,,,98.0,126.5999984741211,,,,29.0
5796.0,2026-09-20T14:43:58+00:00,1817.8699951171875,,,94.0,126.5999984741211,,,,29.0
5797.0,2026-09-20T14:43:59+00:00,1817.8699951171875,,,91.0,126.5999984741211,,,,29.0
5798.0,2026-09-20T14:44:00+00:00,1817.8699951171875,,,91.0,126.4000015258789,,,,29.0
5804.0,2026-09-20T14:44:06+00:00,1817.8699951171875,,,83.0,126.5999984741211,,,,29.0
5806.0,2026-09-20T14:44:08+00:00,1817.8699951171875,,,80.0,126.4000015258789,,,,29.0
5809.0,2026-09-20T14:44:11+00:00,1817.8699951171875,,,83.0,126.19999694824219,,,,29.0
5813.0,2026-09-20T14:44:15+00:00,1817.8699951171875,,,85.0,126.19999694824219,,,,29.0
5814.0,2026-09-20T14:44:16+00:00,1817.8699951171875,,,90.0,126.19999694824219,,,,29.0
5815.0,2026-09-20T14:44:17+00:00,1817.8699951171875,,,95.0,126.19999694824219,,,,29.0
5821.0,2026-09-20T14:44:23+00:00,1817.8699951171875,,,94.0,126.19999694824219,,,,29.0
5822.0,2026-09-20T14:44:24+00:00,1817.8699951171875,,,90.0,126.0,,,,29.0
5823.0,2026-09-20T14:44:25+00:00,1817.8699951171875,,,87.0,125.80000305175781,,,,29.0
5824.0,2026-09-20T14:44:26+00:00,1817.8699951171875,,,87.0,125.80000305175781,,,,29.0
5830.0,2026-09-20T14:44:32+00:00,1817.8699951171875,,,93.0,125.80000305175781,,,,29.0
5836.0,2026-09-20T14:44:38+00:00,1817.8699951171875,,,94.0,125.5999984741211,,,,29.0
5840.0,2026-09-20T14:44:42+00:00,1817.8699951171875,,,90.0,125.80000305175781,,,,29.0
5842.0,2026-09-20T14:44:44+00:00,1817.8699951171875,,,84.0,125.80000305175781,,,,29.0
5843.0,2026-09-20T14:44:45+00:00,1817.8699951171875,,,81.0,125.80000305175781,,,,29.0
5844.0,2026-09-20T14:44:46+00:00,1817.8699951171875,,,78.0,125.80000305175781,,,,29.0
5845.0,2026-09-20T14:44:47+00:00,1817.8699951171875,,,74.0,125.80000305175781,,,,29.0
5846.0,2026-09-20T14:44:48+00:00,1817.8699951171875,,,74.0,125.80000305175781,,,,29.0
5848.0,2026-09-20T14:44:50+00:00,1817.8699951171875,,,79.0,125.80000305175781,,,,29.0
5850.0,2026-09-20T14:44:52+00:00,1817.8699951171875,,,86.0,125.80000305175781,,,,29.0
5856.0,2026-09-20T14:44:58+00:00,1817.8699951171875,,,83.0,125.80000305175781,,,,29.0
5862.0,2026-09-20T14:45:04+00:00,1817.8699951171875,,,82.0,125.4000015258789,,,,29.0
5868.0,2026-09-20T14:45:10+00:00,1817.8699951171875,,,83.0,125.4000015258789,,,,29.0
5872.0,2026-09-20T14:45:14+00:00,1817.8699951171875,,,86.0,125.19999694824219,,,,29.0
5878.0,2026-09-20T14:45:20+00:00,1817.8699951171875,,,85.0,125.4000015258789,,,,29.0
5884.0,2026-09-20T14:45:26+00:00,1817.8699951171875,,,83.0,125.4000015258789,,,,29.0
5890.0,2026-09-20T14:45:32+00:00,1817.8699951171875,,,86.0,125.5999984741211,,,,29.0
5896.0,2026-09-20T14:45:38+00:00,1817.8699951171875,,,87.0,125.4000015258789,,,,29.0
5902.0,2026-09-20T14:45:44+00:00,1817.8699951171875,,,87.0,125.80000305175781,,,,29.0
5908.0,2026-09-20T14:45:50+00:00,1817.8699951171875,,,87.0,125.5999984741211,,,,29.0
5910.0,2026-09-20T14:45:52+00:00,1817.8699951171875,,,92.0,125.5999984741211,,,,29.0
5915.0,2026-09-20T14:45:57+00:00,1817.8699951171875,,,88.0,125.5999984741211,,,,29.0
5921.0,2026-09-20T14:46:03+00:00,1817.8699951171875,,,90.0,125.5999984741211,,,,29.0
5923.0,2026-09-20T14:46:05+00:00,1817.8699951171875,,,86.0,125.5999984741211,,,,29.0
5925.0,2026-09-20T14:46:07+00:00,1817.8699951171875,,,83.0,125.80000305175781,,,,29.0
5929.0,2026-09-20T14:46:11+00:00,1817.8699951171875,,,86.0,125.5999984741211,,,,29.0
5930.0,2026-09-20T14:46:12+00:00,1817.8699951171875,,,90.0,125.5999984741211,,,,29.0
5934.0,2026-09-20T14:46:16+00:00,1817.8699951171875,,,87.0,125.4000015258789,,,,29.0
5936.0,2026-09-20T14:46:18+00:00,1817.8699951171875,,,83.0,125.4000015258789,,,,29.0
5941.0,2026-09-20T14:46:23+00:00,1817.8699951171875,,,86.0,125.4000015258789,,,,29.0
5946.0,2026-09-20T14:46:28+00:00,1817.8699951171875,,,82.0,125.4000015258789,,,,29.0
5951.0,2026-09-20T14:46:33+00:00,1817.8699951171875,,,86.0,125.19999694824219,,,,29.0
5953.0,2026-09-20T14:46:35+00:00,1817.8699951171875,,,89.0,125.19999694824219,,,,29.0
5958.0,2026-09-20T14:46:40+00:00,1821.27001953125,0.01899999938905239,,94.0,125.19999694824219,21.0,,,29.0
5961.0,2026-09-20T14:46:43+00:00,1824.22998046875,0.9869999885559082,1013.1712376847261,97.0,125.80000305175781,44.0,,,29.0
5963.0,2026-09-20T14:46:45+00:00,1826.77001953125,1.2699999809265137,787.401586628735,100.0,126.19999694824219,50.0,,,29.0
5966.0,2026-09-20T14:46:48+00:00,1830.760009765625,1.3300000429153442,751.8796749870864,103.0,126.4000015258789,51.0,,,29.0
5970.0,2026-09-20T14:46:52+00:00,1830.760009765625,,,100.0,126.4000015258789,51.0,,,29.0
5976.0,2026-09-20T14:46:58+00:00,1830.760009765625,,,96.0,126.5999984741211,,,,29.0
5977.0,2026-09-20T14:46:59+00:00,1830.760009765625,,,91.0,126.5999984741211,,,,29.0
5979.0,2026-09-20T14:47:01+00:00,1830.760009765625,,,88.0,126.5999984741211,,,,29.0
5982.0,2026-09-20T14:47:04+00:00,1830.760009765625,,,91.0,126.5999984741211,,,,29.0
5984.0,2026-09-20T14:47:06+00:00,1830.760009765625,,,94.0,126.4000015258789,,,,29.0
5987.0,2026-09-20T14:47:09+00:00,1830.760009765625,,,91.0,126.4000015258789,,,,29.0
5989.0,2026-09-20T14:47:11+00:00,1830.760009765625,,,88.0,126.4000015258789,,,,29.0
5991.0,2026-09-20T14:47:13+00:00,1830.760009765625,,,91.0,126.4000015258789,,,,29.0
5993.0,2026-09-20T14:47:15+00:00,1830.760009765625,,,96.0,126.4000015258789,,,,29.0
5995.0,2026-09-20T14:47:17+00:00,1830.760009765625,,,99.0,126.4000015258789,,,,30.0
5998.0,2026-09-20T14:47:20+00:00,1830.760009765625,,,95.0,126.4000015258789,,,,30.0
6001.0,2026-09-20T14:47:23+00:00,1830.760009765625,,,92.0,126.19999694824219,,,,30.0
6005.0,2026-09-20T14:47:27+00:00,1830.760009765625,,,95.0,126.19999694824219,,,,30.0
6008.0,2026-09-20T14:47:30+00:00,1830.760009765625,,,92.0,126.19999694824219,,,,30.0
6013.0,2026-09-20T14:47:35+00:00,1830.760009765625,,,89.0,125.80000305175781,,,,30.0
6014.0,2026-09-20T14:47:36+00:00,1830.760009765625,,,84.0,125.80000305175781,,,,30.0
6015.0,2026-09-20T14:47:37+00:00,1830.760009765625,,,84.0,125.80000305175781,,,,30.0
6017.0,2026-09-20T14:47:39+00:00,1830.760009765625,,,87.0,125.80000305175781,,,,30.0
6020.0,2026-09-20T14:47:42+00:00,1830.760009765625,,,84.0,125.80000305175781,,,,30.0
6026.0,2026-09-20T14:47:48+00:00,1830.760009765625,,,87.0,126.0,,,,30.0
6032.0,2026-09-20T14:47:54+00:00,1830.969970703125,0.003000000026077032,,87.0,126.0,8.0,,,30.0
6033.0,2026-09-20T14:47:55+00:00,1831.1800537109375,0.20999999344348907,,91.0,125.80000305175781,8.0,,,30.0
6036.0,2026-09-20T14:47:58+00:00,1831.1800537109375,,,96.0,125.80000305175781,0.0,,,30.0
6042.0,2026-09-20T14:48:04+00:00,1831.1800537109375,,,96.0,125.80000305175781,,,,30.0
6043.0,2026-09-20T14:48:05+00:00,1831.1800537109375,,,91.0,125.80000305175781,,,,30.0
6049.0,2026-09-20T14:48:11+00:00,1831.1800537109375,,,89.0,125.5999984741211,,,,30.0
6050.0,2026-09-20T14:48:12+00:00,1831.1800537109375,,,86.0,125.5999984741211,,,,30.0
6052.0,2026-09-20T14:48:14+00:00,1831.1800537109375,,,82.0,125.5999984741211,,,,30.0
6056.0,2026-09-20T14:48:18+00:00,1833.18994140625,0.08699999749660492,,85.0,126.0,16.0,,,30.0
6057.0,2026-09-20T14:48:19+00:00,1835.199951171875,2.009999990463257,497.51244017146684,90.0,126.0,16.0,,,30.0
6058.0,2026-09-20T14:48:20+00:00,1835.199951171875,,,91.0,126.0,0.0,,,30.0
