t_s,timestamp,distance_m,speed_m_s,pace_s_per_km,hr,elev_m,cadence_spm,power_w,gap_speed_m_s,temp_c
0.0,2026-09-29T06:27:33+00:00,0.8399999737739563,0.0,,93.0,215.8000030517578,0.0,,,25.0
1.0,2026-09-29T06:27:34+00:00,1.9800000190734863,0.0,,96.0,215.8000030517578,49.0,,,25.0
2.0,2026-09-29T06:27:35+00:00,3.2799999713897705,0.0,,98.0,215.8000030517578,55.0,,,25.0
3.0,2026-09-29T06:27:36+00:00,4.78000020980835,0.5600000023841858,1785.7142781116524,99.0,215.8000030517578,54.0,,,25.0
5.0,2026-09-29T06:27:38+00:00,8.720000267028809,1.8569999933242798,538.5029637021514,101.0,215.60000610351562,58.0,,,25.0
11.0,2026-09-29T06:27:44+00:00,21.760000228881836,2.2860000133514404,437.44531678017273,99.0,215.60000610351562,78.0,,,25.0
15.0,2026-09-29T06:27:48+00:00,30.360000610351562,2.2669999599456787,441.11160902886024,102.0,215.8000030517578,79.0,,,25.0
18.0,2026-09-29T06:27:51+00:00,36.400001525878906,2.2209999561309814,450.2476450931663,105.0,216.0,80.0,,,25.0
21.0,2026-09-29T06:27:54+00:00,42.77000045776367,2.2019999027252197,454.13262678276635,108.0,216.0,80.0,,,25.0
23.0,2026-09-29T06:27:56+00:00,47.16999816894531,2.193000078201294,455.99633576858025,112.0,216.0,81.0,,,25.0
24.0,2026-09-29T06:27:57+00:00,49.619998931884766,2.2019999027252197,454.13262678276635,112.0,216.0,81.0,,,25.0
27.0,2026-09-29T06:28:00+00:00,56.4900016784668,2.2300000190734863,448.430489438057,115.0,216.1999969482422,81.0,,,25.0
30.0,2026-09-29T06:28:03+00:00,63.099998474121094,2.239000082015991,446.62794254996277,117.0,216.1999969482422,81.0,,,25.0
36.0,2026-09-29T06:28:09+00:00,76.8499984741211,2.2300000190734863,448.430489438057,117.0,216.0,81.0,,,25.0
41.0,2026-09-29T06:28:14+00:00,88.86000061035156,2.2950000762939453,435.72983300934726,116.0,216.0,81.0,,,25.0
47.0,2026-09-29T06:28:20+00:00,103.01000213623047,2.322999954223633,430.4778388746068,116.0,215.8000030517578,81.0,,,24.0
48.0,2026-09-29T06:28:21+00:00,105.44000244140625,2.322999954223633,430.4778388746068,117.0,215.8000030517578,80.0,,,24.0
54.0,2026-09-29T06:28:27+00:00,119.31999969482422,2.313999891281128,432.1521378492191,119.0,216.1999969482422,80.0,,,24.0
56.0,2026-09-29T06:28:29+00:00,124.13999938964844,2.313999891281128,432.1521378492191,119.0,216.1999969482422,80.0,,,24.0
62.0,2026-09-29T06:28:35+00:00,140.85000610351562,2.378999948501587,420.3446917390015,120.0,216.60000610351562,81.0,,,24.0
68.0,2026-09-29T06:28:41+00:00,157.27000427246094,2.4539999961853027,407.49796314363545,122.0,216.8000030517578,81.0,,,24.0
69.0,2026-09-29T06:28:42+00:00,159.85000610351562,2.4630000591278076,406.0089224496884,123.0,216.8000030517578,80.0,,,24.0
75.0,2026-09-29T06:28:48+00:00,176.13999938964844,2.5190000534057617,396.98292131751674,125.0,217.0,81.0,,,24.0
80.0,2026-09-29T06:28:53+00:00,189.38999938964844,2.5380001068115234,394.01101572698315,128.0,217.0,81.0,,,24.0
81.0,2026-09-29T06:28:54+00:00,192.02000427246094,2.546999931335449,392.6187777616773,128.0,217.0,81.0,,,24.0
86.0,2026-09-29T06:28:59+00:00,204.27000427246094,2.575000047683716,388.3495073716709,128.0,217.0,82.0,,,24.0
91.0,2026-09-29T06:29:04+00:00,216.99000549316406,2.575000047683716,388.3495073716709,128.0,216.39999389648438,82.0,,,24.0
97.0,2026-09-29T06:29:10+00:00,232.85000610351562,2.5940001010894775,385.5049965418278,127.0,217.1999969482422,82.0,,,24.0
99.0,2026-09-29T06:29:12+00:00,237.50999450683594,2.5940001010894775,385.5049965418278,128.0,216.8000030517578,82.0,,,24.0
105.0,2026-09-29T06:29:18+00:00,254.3000030517578,2.61299991607666,382.7018875306623,130.0,216.8000030517578,82.0,,,24.0
111.0,2026-09-29T06:29:24+00:00,270.07000732421875,2.621999979019165,381.38825629360946,130.0,216.39999389648438,82.0,,,24.0
117.0,2026-09-29T06:29:30+00:00,284.010009765625,2.5940001010894775,385.5049965418278,129.0,216.8000030517578,82.0,,,24.0
123.0,2026-09-29T06:29:36+00:00,300.82000732421875,2.5940001010894775,385.5049965418278,130.0,216.8000030517578,81.0,,,24.0
129.0,2026-09-29T06:29:42+00:00,316.92999267578125,2.63100004196167,380.0836123341151,131.0,217.0,80.0,,,24.0
134.0,2026-09-29T06:29:47+00:00,328.2900085449219,2.621999979019165,381.38825629360946,132.0,217.0,81.0,,,24.0
138.0,2026-09-29T06:29:51+00:00,340.6000061035156,2.6410000324249268,378.64444820995135,132.0,216.60000610351562,81.0,,,24.0
143.0,2026-09-29T06:29:56+00:00,358.8500061035156,2.677999973297119,373.41299849559476,132.0,216.60000610351562,80.0,,,24.0
145.0,2026-09-29T06:29:58+00:00,368.55999755859375,4.078000068664551,245.21824010843542,135.0,216.60000610351562,82.0,,,24.0
148.0,2026-09-29T06:30:01+00:00,382.7900085449219,4.375999927520752,228.51919939737198,138.0,217.0,84.0,,,24.0
153.0,2026-09-29T06:30:06+00:00,406.8800048828125,4.291999816894531,232.99162224185466,140.0,217.0,85.0,,,24.0
154.0,2026-09-29T06:30:07+00:00,411.9800109863281,4.339000225067139,230.4678377804248,143.0,217.0,85.0,,,24.0
156.0,2026-09-29T06:30:09+00:00,422.3699951171875,4.515999794006348,221.43490824051938,146.0,217.0,89.0,,,24.0
159.0,2026-09-29T06:30:12+00:00,438.0400085449219,4.796000003814697,208.50708907518944,148.0,217.0,90.0,,,24.0
163.0,2026-09-29T06:30:16+00:00,450.5,3.2100000381469727,311.5264760486629,149.0,216.60000610351562,81.0,,,24.0
169.0,2026-09-29T06:30:22+00:00,460.0,1.875,533.3333333333334,147.0,216.39999389648438,77.0,,,24.0
170.0,2026-09-29T06:30:23+00:00,461.6099853515625,1.8569999933242798,538.5029637021514,146.0,216.39999389648438,77.0,,,24.0
171.0,2026-09-29T06:30:24+00:00,463.4100036621094,1.8569999933242798,538.5029637021514,146.0,216.39999389648438,77.0,,,24.0
174.0,2026-09-29T06:30:27+00:00,468.29998779296875,1.7359999418258667,576.0368856626997,143.0,216.60000610351562,77.0,,,24.0
177.0,2026-09-29T06:30:30+00:00,472.70001220703125,1.6799999475479126,595.2381138223104,140.0,216.60000610351562,77.0,,,24.0
180.0,2026-09-29T06:30:33+00:00,477.0799865722656,1.6699999570846558,598.802410597492,137.0,216.0,77.0,,,23.0
184.0,2026-09-29T06:30:37+00:00,482.57000732421875,1.5859999656677246,630.5170376085023,135.0,216.0,77.0,,,23.0
188.0,2026-09-29T06:30:41+00:00,488.3999938964844,1.5210000276565552,657.4621839690078,131.0,215.8000030517578,77.0,,,23.0
189.0,2026-09-29T06:30:42+00:00,490.260009765625,1.5210000276565552,657.4621839690078,131.0,215.8000030517578,78.0,,,23.0
195.0,2026-09-29T06:30:48+00:00,500.4599914550781,1.5959999561309814,626.5664332624401,129.0,216.0,78.0,,,23.0
196.0,2026-09-29T06:30:49+00:00,502.19000244140625,1.6050000190734863,623.0529520973258,129.0,216.0,78.0,,,23.0
199.0,2026-09-29T06:30:52+00:00,507.1199951171875,1.6050000190734863,623.0529520973258,124.0,216.0,79.0,,,23.0
200.0,2026-09-29T06:30:53+00:00,508.82000732421875,1.6239999532699585,615.7635645164144,124.0,215.8000030517578,79.0,,,23.0
203.0,2026-09-29T06:30:56+00:00,513.4199829101562,1.6239999532699585,615.7635645164144,123.0,216.0,79.0,,,23.0
209.0,2026-09-29T06:31:02+00:00,525.9400024414062,1.6610000133514404,602.0469548234834,122.0,215.8000030517578,80.0,,,23.0
210.0,2026-09-29T06:31:03+00:00,529.0999755859375,1.6799999475479126,595.2381138223104,122.0,215.8000030517578,80.0,,,23.0
216.0,2026-09-29T06:31:09+00:00,544.5599975585938,2.062000036239624,484.96604385306154,123.0,216.1999969482422,80.0,,,23.0
218.0,2026-09-29T06:31:11+00:00,549.3400268554688,2.378999948501587,420.3446917390015,122.0,216.1999969482422,81.0,,,23.0
224.0,2026-09-29T06:31:17+00:00,562.4199829101562,2.322999954223633,430.4778388746068,124.0,215.8000030517578,81.0,,,23.0
225.0,2026-09-29T06:31:18+00:00,565.719970703125,2.3420000076293945,426.98548110262993,124.0,215.8000030517578,80.0,,,23.0
227.0,2026-09-29T06:31:20+00:00,573.5599975585938,3.619999885559082,276.2431026556669,127.0,216.0,79.0,,,23.0
229.0,2026-09-29T06:31:22+00:00,581.260009765625,3.806999921798706,262.67402693497473,130.0,216.39999389648438,81.0,,,23.0
232.0,2026-09-29T06:31:25+00:00,592.4299926757812,3.7320001125335693,267.95283222034067,133.0,216.39999389648438,83.0,,,23.0
234.0,2026-09-29T06:31:27+00:00,600.780029296875,3.86299991607666,258.8661718159238,136.0,216.39999389648438,84.0,,,23.0
237.0,2026-09-29T06:31:30+00:00,614.8800048828125,4.301000118255615,232.5040624285257,139.0,216.60000610351562,86.0,,,23.0
240.0,2026-09-29T06:31:33+00:00,629.3099975585938,4.460000038146973,224.2152447190285,142.0,216.60000610351562,88.0,,,23.0
245.0,2026-09-29T06:31:38+00:00,648.4099731445312,4.2729997634887695,234.02762821206701,145.0,216.1999969482422,83.0,,,23.0
251.0,2026-09-29T06:31:44+00:00,659.97998046875,1.6519999504089355,605.3268946845067,145.0,216.1999969482422,78.0,,,23.0
255.0,2026-09-29T06:31:48+00:00,665.77001953125,1.5490000247955322,645.5777817899001,141.0,216.1999969482422,77.0,,,23.0
259.0,2026-09-29T06:31:52+00:00,671.510009765625,1.5490000247955322,645.5777817899001,138.0,216.0,77.0,,,23.0
265.0,2026-09-29T06:31:58+00:00,679.77001953125,1.437000036239624,695.8942065282224,134.0,215.8000030517578,77.0,,,23.0
266.0,2026-09-29T06:31:59+00:00,681.6599731445312,1.437000036239624,695.8942065282224,134.0,216.0,77.0,,,23.0
271.0,2026-09-29T06:32:04+00:00,692.7999877929688,1.6799999475479126,595.2381138223104,131.0,216.1999969482422,78.0,,,23.0
273.0,2026-09-29T06:32:06+00:00,696.5900268554688,1.753999948501587,570.12544433327,128.0,216.0,78.0,,,23.0
275.0,2026-09-29T06:32:08+00:00,700.1799926757812,1.7640000581741333,566.893405340968,123.0,215.8000030517578,78.0,,,23.0
278.0,2026-09-29T06:32:11+00:00,705.469970703125,1.8009999990463257,555.2470852468211,121.0,215.8000030517578,79.0,,,23.0
281.0,2026-09-29T06:32:14+00:00,711.530029296875,1.8569999933242798,538.5029637021514,117.0,215.8000030517578,80.0,,,23.0
284.0,2026-09-29T06:32:17+00:00,717.52001953125,1.9220000505447388,520.2913494807542,120.0,215.8000030517578,79.0,,,23.0
286.0,2026-09-29T06:32:19+00:00,721.02001953125,1.930999994277954,517.8663920058287,123.0,215.8000030517578,80.0,,,23.0
291.0,2026-09-29T06:32:24+00:00,731.2899780273438,1.940999984741211,515.198355415406,125.0,216.8000030517578,80.0,,,23.0
292.0,2026-09-29T06:32:25+00:00,733.0499877929688,1.940999984741211,515.198355415406,124.0,216.8000030517578,80.0,,,23.0
297.0,2026-09-29T06:32:30+00:00,744.7999877929688,2.0429999828338623,489.47626451415414,126.0,216.60000610351562,81.0,,,23.0
303.0,2026-09-29T06:32:36+00:00,761.52001953125,2.1549999713897705,464.0371291304913,125.0,216.60000610351562,82.0,,,23.0
308.0,2026-09-29T06:32:41+00:00,778.6799926757812,2.546999931335449,392.6187777616773,129.0,217.0,81.0,,,23.0
311.0,2026-09-29T06:32:44+00:00,792.010009765625,4.2270002365112305,236.57438941270405,132.0,217.1999969482422,88.0,,,23.0
313.0,2026-09-29T06:32:46+00:00,802.47998046875,4.916999816894531,203.37604987579152,136.0,217.39999389648438,91.0,,,23.0
314.0,2026-09-29T06:32:47+00:00,807.760009765625,5.104000091552734,195.92476137589193,138.0,217.1999969482422,94.0,,,23.0
316.0,2026-09-29T06:32:49+00:00,818.8200073242188,5.309000015258789,188.3593891742068,141.0,217.0,96.0,,,23.0
319.0,2026-09-29T06:32:52+00:00,835.8699951171875,5.4019999504089355,185.1166251721826,146.0,217.0,101.0,,,23.0
320.0,2026-09-29T06:32:53+00:00,841.6799926757812,5.5329999923706055,180.73377939253376,147.0,217.0,101.0,,,23.0
324.0,2026-09-29T06:32:57+00:00,856.52001953125,3.171999931335449,315.25851880425114,151.0,217.0,83.0,,,23.0
330.0,2026-09-29T06:33:03+00:00,865.1799926757812,1.4459999799728394,691.5629418050083,148.0,216.39999389648438,75.0,,,23.0
332.0,2026-09-29T06:33:05+00:00,868.02001953125,1.5679999589920044,637.7551187200633,145.0,216.39999389648438,75.0,,,23.0
336.0,2026-09-29T06:33:09+00:00,873.4099731445312,1.4279999732971191,700.2801251397036,142.0,216.39999389648438,75.0,,,23.0
340.0,2026-09-29T06:33:13+00:00,878.7000122070312,1.38100004196167,724.1129396198493,139.0,216.60000610351562,74.0,,,23.0
343.0,2026-09-29T06:33:16+00:00,882.5399780273438,1.437000036239624,695.8942065282224,137.0,216.8000030517578,73.0,,,23.0
344.0,2026-09-29T06:33:17+00:00,883.6300048828125,1.3619999885559082,734.2143967712312,136.0,216.8000030517578,73.0,,,23.0
347.0,2026-09-29T06:33:20+00:00,887.1699829101562,1.3250000476837158,754.7169539715405,133.0,216.8000030517578,73.0,,,23.0
349.0,2026-09-29T06:33:22+00:00,889.9299926757812,1.3339999914169312,749.6251922294488,131.0,216.8000030517578,73.0,,,23.0
353.0,2026-09-29T06:33:26+00:00,895.9299926757812,1.3530000448226929,739.0982755887842,128.0,216.8000030517578,73.0,,,23.0
355.0,2026-09-29T06:33:28+00:00,898.8800048828125,1.3899999856948853,719.4244678355752,127.0,216.8000030517578,73.0,,,23.0
357.0,2026-09-29T06:33:30+00:00,901.239990234375,1.3899999856948853,719.4244678355752,126.0,217.0,74.0,,,23.0
362.0,2026-09-29T06:33:35+00:00,908.1799926757812,1.4739999771118164,678.4260620949391,123.0,216.8000030517578,75.0,,,23.0
364.0,2026-09-29T06:33:37+00:00,911.0399780273438,1.5579999685287476,641.8485367135927,121.0,216.8000030517578,76.0,,,23.0
369.0,2026-09-29T06:33:42+00:00,918.6599731445312,1.5299999713897705,653.5947834637234,118.0,216.8000030517578,76.0,,,23.0
372.0,2026-09-29T06:33:45+00:00,923.3599853515625,1.5579999685287476,641.8485367135927,116.0,216.8000030517578,77.0,,,23.0
378.0,2026-09-29T06:33:51+00:00,933.7899780273438,1.6890000104904175,592.0663077495425,114.0,216.39999389648438,77.0,,,23.0
380.0,2026-09-29T06:33:53+00:00,937.1099853515625,1.6979999542236328,588.9281666425159,114.0,216.39999389648438,77.0,,,23.0
382.0,2026-09-29T06:33:55+00:00,940.3499755859375,1.6799999475479126,595.2381138223104,113.0,215.8000030517578,77.0,,,23.0
387.0,2026-09-29T06:34:00+00:00,948.8300170898438,1.6979999542236328,588.9281666425159,113.0,216.0,78.0,,,23.0
388.0,2026-09-29T06:34:01+00:00,950.8699951171875,1.7079999446868896,585.4801126374274,114.0,216.8000030517578,78.0,,,23.0
390.0,2026-09-29T06:34:03+00:00,954.9500122070312,1.7450000047683716,573.0659010128418,117.0,216.8000030517578,77.0,,,23.0
392.0,2026-09-29T06:34:05+00:00,958.4199829101562,1.7450000047683716,573.0659010128418,117.0,216.8000030517578,77.0,,,23.0
394.0,2026-09-29T06:34:07+00:00,961.0499877929688,1.7450000047683716,573.0659010128418,120.0,216.8000030517578,76.0,,,23.0
397.0,2026-09-29T06:34:10+00:00,965.8300170898438,1.7450000047683716,573.0659010128418,125.0,217.1999969482422,75.0,,,23.0
399.0,2026-09-29T06:34:12+00:00,968.6599731445312,1.7359999418258667,576.0368856626997,128.0,217.1999969482422,74.0,,,23.0
404.0,2026-09-29T06:34:17+00:00,972.4299926757812,1.7079999446868896,585.4801126374274,,216.60000610351562,73.0,,,23.0
405.0,2026-09-29T06:34:18+00:00,973.3800048828125,1.6979999542236328,588.9281666425159,132.0,216.60000610351562,73.0,,,23.0
406.0,2026-09-29T06:34:19+00:00,974.8099975585938,1.6979999542236328,588.9281666425159,133.0,216.39999389648438,73.0,,,23.0
411.0,2026-09-29T06:34:24+00:00,981.9400024414062,1.5490000247955322,645.5777817899001,130.0,216.1999969482422,74.0,,,23.0
412.0,2026-09-29T06:34:25+00:00,983.6900024414062,1.5399999618530273,649.3506654355598,130.0,216.1999969482422,74.0,,,23.0
415.0,2026-09-29T06:34:28+00:00,988.1799926757812,1.5770000219345093,634.1154001845211,126.0,216.39999389648438,74.0,,,23.0
416.0,2026-09-29T06:34:29+00:00,989.510009765625,1.5770000219345093,634.1154001845211,126.0,216.39999389648438,74.0,,,23.0
417.0,2026-09-29T06:34:30+00:00,990.6699829101562,1.5579999685287476,641.8485367135927,123.0,216.39999389648438,74.0,,,23.0
419.0,2026-09-29T06:34:32+00:00,993.4099731445312,1.5299999713897705,653.5947834637234,120.0,216.39999389648438,74.0,,,23.0
421.0,2026-09-29T06:34:34+00:00,996.1599731445312,1.5299999713897705,653.5947834637234,118.0,216.39999389648438,75.0,,,23.0
424.0,2026-09-29T06:34:37+00:00,1000.22998046875,1.5119999647140503,661.375676810363,118.0,216.1999969482422,75.0,,,23.0
427.0,2026-09-29T06:34:40+00:00,1004.72998046875,1.4930000305175781,669.7923506761953,115.0,216.1999969482422,74.0,,,23.0
429.0,2026-09-29T06:34:42+00:00,1007.3099975585938,1.4839999675750732,673.8544621628582,113.0,216.1999969482422,74.0,,,23.0
435.0,2026-09-29T06:34:48+00:00,1015.5599975585938,1.4459999799728394,691.5629418050083,113.0,216.0,73.0,,,23.0
436.0,2026-09-29T06:34:49+00:00,1017.4000244140625,1.4559999704360962,686.8132007588457,112.0,215.8000030517578,73.0,,,23.0
437.0,2026-09-29T06:34:50+00:00,1020.510009765625,1.4739999771118164,678.4260620949391,113.0,215.8000030517578,73.0,,,23.0
439.0,2026-09-29T06:34:52+00:00,1023.760009765625,1.4839999675750732,673.8544621628582,113.0,215.8000030517578,80.0,,,23.0
441.0,2026-09-29T06:34:54+00:00,1026.199951171875,1.4559999704360962,686.8132007588457,114.0,216.1999969482422,85.0,,,23.0
443.0,2026-09-29T06:34:56+00:00,1028.199951171875,1.128999948501587,885.7396329620775,115.0,216.39999389648438,85.0,,,23.0
445.0,2026-09-29T06:34:58+00:00,1030.6300048828125,1.2410000562667847,805.8017362289502,117.0,216.60000610351562,84.0,,,23.0
447.0,2026-09-29T06:35:00+00:00,1033.760009765625,1.6139999628067017,619.5787007708645,120.0,216.60000610351562,85.0,,,23.0
448.0,2026-09-29T06:35:01+00:00,1034.760009765625,1.6139999628067017,619.5787007708645,122.0,216.60000610351562,84.0,,,23.0
449.0,2026-09-29T06:35:02+00:00,1035.739990234375,1.2319999933242798,811.6883160865293,126.0,216.60000610351562,84.0,,,23.0
450.0,2026-09-29T06:35:03+00:00,1037.1199951171875,1.2319999933242798,811.6883160865293,126.0,216.60000610351562,84.0,,,23.0
454.0,2026-09-29T06:35:07+00:00,1046.8299560546875,2.127000093460083,470.14572452286865,126.0,216.1999969482422,81.0,,,23.0
455.0,2026-09-29T06:35:08+00:00,1048.9200439453125,2.1089999675750732,474.1583761851828,126.0,216.1999969482422,82.0,,,23.0
458.0,2026-09-29T06:35:11+00:00,1053.9599609375,1.7359999418258667,576.0368856626997,125.0,216.1999969482422,84.0,,,23.0
462.0,2026-09-29T06:35:15+00:00,1060.25,1.819000005722046,549.7526095955417,125.0,216.39999389648438,85.0,,,23.0
467.0,2026-09-29T06:35:20+00:00,1069.5,1.847000002861023,541.4185156746016,127.0,216.39999389648438,80.0,,,23.0
471.0,2026-09-29T06:35:24+00:00,1076.3800048828125,1.753999948501587,570.12544433327,124.0,216.1999969482422,78.0,,,23.0
474.0,2026-09-29T06:35:27+00:00,1080.8399658203125,1.7079999446868896,585.4801126374274,122.0,216.1999969482422,78.0,,,23.0
476.0,2026-09-29T06:35:29+00:00,1082.6700439453125,1.6519999504089355,605.3268946845067,121.0,216.39999389648438,78.0,,,23.0
477.0,2026-09-29T06:35:30+00:00,1083.3299560546875,1.5859999656677246,630.5170376085023,118.0,216.39999389648438,78.0,,,23.0
478.0,2026-09-29T06:35:31+00:00,1084.1099853515625,1.4559999704360962,686.8132007588457,117.0,216.39999389648438,77.0,,,23.0
479.0,2026-09-29T06:35:32+00:00,1085.3199462890625,1.38100004196167,724.1129396198493,117.0,216.60000610351562,55.0,,,23.0
483.0,2026-09-29T06:35:36+00:00,1089.6300048828125,1.0080000162124634,992.0634761073485,115.0,216.39999389648438,52.0,,,23.0
484.0,2026-09-29T06:35:37+00:00,1090.1800537109375,1.0080000162124634,992.0634761073485,116.0,216.39999389648438,71.0,,,23.0
489.0,2026-09-29T06:35:42+00:00,1091.6700439453125,0.2709999978542328,,113.0,216.1999969482422,75.0,,,23.0
491.0,2026-09-29T06:35:44+00:00,1092.5699462890625,0.4009999930858612,2493.7656290330215,110.0,216.1999969482422,76.0,,,23.0
496.0,2026-09-29T06:35:49+00:00,1095.43994140625,0.8209999799728394,1218.0268263016064,110.0,216.1999969482422,76.0,,,23.0
498.0,2026-09-29T06:35:51+00:00,1095.93994140625,0.289000004529953,,113.0,216.1999969482422,37.0,,,23.0
499.0,2026-09-29T06:35:52+00:00,1096.56005859375,0.46700000762939453,2141.3275881433983,116.0,216.1999969482422,30.0,,,23.0
500.0,2026-09-29T06:35:53+00:00,1097.31005859375,0.6439999938011169,1552.7950460024765,118.0,216.39999389648438,35.0,,,23.0
502.0,2026-09-29T06:35:55+00:00,1098.7099609375,0.7369999885559082,1356.8521241898782,121.0,216.39999389648438,33.0,,,23.0
503.0,2026-09-29T06:35:56+00:00,1099.6500244140625,0.8019999861717224,1246.8828145165107,122.0,216.8000030517578,46.0,,,23.0
505.0,2026-09-29T06:35:58+00:00,1101.4300537109375,0.9419999718666077,1061.5711569698492,124.0,217.0,59.0,,,23.0
507.0,2026-09-29T06:36:00+00:00,1102.530029296875,0.7929999828338623,1261.0340752170046,126.0,216.8000030517578,49.0,,,23.0
510.0,2026-09-29T06:36:03+00:00,1103.449951171875,0.48500001430511475,2061.855609288493,128.0,216.8000030517578,0.0,,,23.0
512.0,2026-09-29T06:36:05+00:00,1104.5799560546875,0.671999990940094,1488.0952581577428,131.0,216.39999389648438,37.0,,,23.0
515.0,2026-09-29T06:36:08+00:00,1105.760009765625,0.0,,130.0,216.39999389648438,36.0,,,23.0
519.0,2026-09-29T06:36:12+00:00,1106.4200439453125,0.0,,129.0,216.1999969482422,0.0,,,23.0
522.0,2026-09-29T06:36:15+00:00,1106.4300537109375,0.0,,130.0,216.0,21.0,,,23.0
525.0,2026-09-29T06:36:18+00:00,1108.0999755859375,0.25200000405311584,,129.0,215.8000030517578,66.0,,,23.0
527.0,2026-09-29T06:36:20+00:00,1108.52001953125,0.25200000405311584,,128.0,215.60000610351562,99.0,,,23.0
531.0,2026-09-29T06:36:24+00:00,1109.3900146484375,0.0,,125.0,215.60000610351562,41.0,,,23.0
532.0,2026-09-29T06:36:25+00:00,1109.43994140625,0.0,,123.0,215.8000030517578,0.0,,,23.0
535.0,2026-09-29T06:36:28+00:00,1110.6800537109375,0.0,,119.0,215.8000030517578,42.0,,,23.0
538.0,2026-09-29T06:36:31+00:00,1112.2099609375,0.0,,118.0,215.8000030517578,42.0,,,23.0
542.0,2026-09-29T06:36:35+00:00,1113.3599853515625,0.0,,117.0,215.8000030517578,33.0,,,23.0
547.0,2026-09-29T06:36:40+00:00,1115.97998046875,0.41100001335144043,2433.089945291349,114.0,215.8000030517578,57.0,,,23.0
550.0,2026-09-29T06:36:43+00:00,1117.4200439453125,0.652999997138977,1531.3935748565882,111.0,215.8000030517578,0.0,,,23.0
553.0,2026-09-29T06:36:46+00:00,1119.199951171875,0.6809999942779541,1468.4287935424625,112.0,215.60000610351562,43.0,,,23.0
559.0,2026-09-29T06:36:52+00:00,1123.0400390625,0.0,,109.0,215.60000610351562,47.0,,,23.0
563.0,2026-09-29T06:36:56+00:00,1124.6600341796875,0.2709999978542328,,113.0,215.39999389648438,74.0,,,23.0
564.0,2026-09-29T06:36:57+00:00,1125.4200439453125,0.5320000052452087,1879.6992295875662,114.0,215.39999389648438,74.0,,,23.0
570.0,2026-09-29T06:37:03+00:00,1127.989990234375,0.6809999942779541,1468.4287935424625,111.0,215.60000610351562,75.0,,,23.0
571.0,2026-09-29T06:37:04+00:00,1128.47998046875,0.6809999942779541,1468.4287935424625,109.0,215.60000610351562,76.0,,,23.0
576.0,2026-09-29T06:37:09+00:00,1128.760009765625,0.2240000069141388,,112.0,215.60000610351562,46.0,,,23.0
578.0,2026-09-29T06:37:11+00:00,1129.18994140625,0.0,,114.0,215.39999389648438,0.0,,,23.0
583.0,2026-09-29T06:37:16+00:00,1130.550048828125,0.0,,117.0,216.0,84.0,,,23.0
588.0,2026-09-29T06:37:21+00:00,1133.280029296875,0.0,,114.0,216.1999969482422,0.0,,,23.0
590.0,2026-09-29T06:37:23+00:00,1133.97998046875,0.0,,110.0,216.0,0.0,,,23.0
594.0,2026-09-29T06:37:27+00:00,1135.3599853515625,0.0,,109.0,214.8000030517578,35.0,,,23.0
595.0,2026-09-29T06:37:28+00:00,1136.1400146484375,0.0,,109.0,214.8000030517578,38.0,,,23.0
596.0,2026-09-29T06:37:29+00:00,1137.0400390625,0.0,,109.0,215.0,38.0,,,23.0
599.0,2026-09-29T06:37:32+00:00,1141.6099853515625,0.7649999856948853,1307.1895669274468,107.0,215.60000610351562,49.0,,,23.0
600.0,2026-09-29T06:37:33+00:00,1144.0799560546875,2.0339999198913574,491.6421039256547,107.0,216.0,59.0,,,23.0
602.0,2026-09-29T06:37:35+00:00,1149.489990234375,2.5380001068115234,394.01101572698315,113.0,216.1999969482422,79.0,,,23.0
604.0,2026-09-29T06:37:37+00:00,1157.0899658203125,3.190999984741211,313.3813866442559,115.0,216.1999969482422,82.0,,,23.0
606.0,2026-09-29T06:37:39+00:00,1166.1700439453125,4.105999946594238,243.54603336745285,119.0,216.1999969482422,84.0,,,23.0
608.0,2026-09-29T06:37:41+00:00,1173.9300537109375,3.927999973297119,254.58248645572448,122.0,216.0,83.0,,,23.0
609.0,2026-09-29T06:37:42+00:00,1176.5899658203125,3.4709999561309814,288.1014153381522,122.0,216.0,82.0,,,23.0
610.0,2026-09-29T06:37:43+00:00,1178.6300048828125,2.947999954223633,339.21303104746954,123.0,216.0,81.0,,,23.0
612.0,2026-09-29T06:37:45+00:00,1181.449951171875,1.5679999589920044,637.7551187200633,122.0,216.0,55.0,,,23.0
613.0,2026-09-29T06:37:46+00:00,1182.4599609375,1.128999948501587,885.7396329620775,120.0,216.0,49.0,,,23.0
614.0,2026-09-29T06:37:47+00:00,1183.550048828125,1.0640000104904175,939.8496147937831,121.0,216.0,54.0,,,23.0
615.0,2026-09-29T06:37:48+00:00,1184.5699462890625,1.0640000104904175,939.8496147937831,121.0,216.0,54.0,,,23.0
617.0,2026-09-29T06:37:50+00:00,1187.0799560546875,1.277999997138977,782.4726152102286,118.0,216.0,54.0,,,23.0
618.0,2026-09-29T06:37:51+00:00,1188.31005859375,1.2690000534057617,788.0220314539663,117.0,216.0,54.0,,,23.0
621.0,2026-09-29T06:37:54+00:00,1191.6500244140625,1.2130000591278076,824.4022681408915,114.0,216.1999969482422,54.0,,,23.0
623.0,2026-09-29T06:37:56+00:00,1194.5699462890625,1.371999979019165,728.8629849068178,111.0,216.1999969482422,54.0,,,23.0
624.0,2026-09-29T06:37:57+00:00,1195.9000244140625,1.371999979019165,728.8629849068178,110.0,216.0,55.0,,,23.0
627.0,2026-09-29T06:38:00+00:00,1199.510009765625,1.2599999904632568,793.6507996578126,108.0,216.0,55.0,,,23.0
633.0,2026-09-29T06:38:06+00:00,1205.2900390625,1.2879999876022339,776.3975230012383,106.0,216.1999969482422,51.0,,,23.0
637.0,2026-09-29T06:38:10+00:00,1209.530029296875,1.1759999990463257,850.340136744003,105.0,216.1999969482422,51.0,,,23.0
643.0,2026-09-29T06:38:16+00:00,1215.219970703125,1.0540000200271606,948.7665853879499,105.0,215.60000610351562,49.0,,,23.0
648.0,2026-09-29T06:38:21+00:00,1220.0,1.0169999599456787,983.2842078513094,102.0,216.0,51.0,,,23.0
649.0,2026-09-29T06:38:22+00:00,1221.2099609375,1.0169999599456787,983.2842078513094,101.0,216.0,52.0,,,23.0
652.0,2026-09-29T06:38:25+00:00,1224.0999755859375,1.1200000047683716,892.8571390558262,100.0,215.8000030517578,53.0,,,23.0
653.0,2026-09-29T06:38:26+00:00,1225.25,1.128999948501587,885.7396329620775,99.0,215.60000610351562,53.0,,,23.0
655.0,2026-09-29T06:38:28+00:00,1226.699951171875,1.1200000047683716,892.8571390558262,99.0,215.60000610351562,53.0,,,23.0
656.0,2026-09-29T06:38:29+00:00,1227.9100341796875,1.1200000047683716,892.8571390558262,99.0,215.60000610351562,53.0,,,23.0
658.0,2026-09-29T06:38:31+00:00,1231.239990234375,1.128999948501587,885.7396329620775,98.0,216.1999969482422,52.0,,,23.0
659.0,2026-09-29T06:38:32+00:00,1234.1199951171875,1.1480000019073486,871.0801379255631,100.0,216.1999969482422,54.0,,,23.0
660.0,2026-09-29T06:38:33+00:00,1237.489990234375,1.156999945640564,864.3042756984382,102.0,216.1999969482422,79.0,,,23.0
661.0,2026-09-29T06:38:34+00:00,1241.2900390625,2.7809998989105225,359.5828969255833,106.0,216.1999969482422,82.0,,,23.0
662.0,2026-09-29T06:38:35+00:00,1246.18994140625,3.6760001182556152,272.03481170575515,110.0,216.39999389648438,82.0,,,23.0
663.0,2026-09-29T06:38:36+00:00,1250.9599609375,4.291999816894531,232.99162224185466,113.0,216.1999969482422,82.0,,,23.0
664.0,2026-09-29T06:38:37+00:00,1256.0899658203125,4.3480000495910645,229.99079774482786,116.0,216.1999969482422,84.0,,,23.0
665.0,2026-09-29T06:38:38+00:00,1260.72998046875,4.375999927520752,228.51919939737198,119.0,216.1999969482422,85.0,,,23.0
666.0,2026-09-29T06:38:39+00:00,1265.6500244140625,4.544000148773193,220.07041532997835,121.0,216.0,86.0,,,23.0
667.0,2026-09-29T06:38:40+00:00,1270.469970703125,4.48799991607666,222.81640345354205,124.0,216.0,86.0,,,23.0
668.0,2026-09-29T06:38:41+00:00,1274.72998046875,4.48799991607666,222.81640345354205,127.0,216.0,86.0,,,23.0
670.0,2026-09-29T06:38:43+00:00,1284.199951171875,4.468999862670898,223.76371240305875,130.0,216.0,86.0,,,23.0
671.0,2026-09-29T06:38:44+00:00,1289.18994140625,4.563000202178955,219.15405559755908,134.0,216.0,87.0,,,23.0
673.0,2026-09-29T06:38:46+00:00,1299.0,4.664999961853027,214.3622739929843,136.0,216.0,88.0,,,23.0
675.0,2026-09-29T06:38:48+00:00,1308.0799560546875,4.506999969482422,221.87708159998917,139.0,215.60000610351562,87.0,,,23.0
679.0,2026-09-29T06:38:52+00:00,1324.4599609375,4.35699987411499,229.51572845824873,142.0,215.1999969482422,87.0,,,23.0
683.0,2026-09-29T06:38:56+00:00,1344.4300537109375,4.394999980926514,227.53128653920703,141.0,216.60000610351562,87.0,,,23.0
687.0,2026-09-29T06:39:00+00:00,1364.5699462890625,4.525000095367432,220.9944704805138,142.0,216.60000610351562,87.0,,,23.0
688.0,2026-09-29T06:39:01+00:00,1369.5400390625,4.525000095367432,220.9944704805138,144.0,216.60000610351562,88.0,,,23.0
689.0,2026-09-29T06:39:02+00:00,1374.4599609375,4.534999847412109,220.50717390225458,143.0,216.8000030517578,88.0,,,23.0
690.0,2026-09-29T06:39:03+00:00,1379.4200439453125,4.534999847412109,220.50717390225458,144.0,217.1999969482422,88.0,,,23.0
692.0,2026-09-29T06:39:05+00:00,1388.5400390625,4.563000202178955,219.15405559755908,144.0,217.39999389648438,88.0,,,23.0
697.0,2026-09-29T06:39:10+00:00,1410.3499755859375,4.544000148773193,220.07041532997835,145.0,217.39999389648438,89.0,,,23.0
699.0,2026-09-29T06:39:12+00:00,1418.9599609375,4.534999847412109,220.50717390225458,146.0,217.0,88.0,,,23.0
704.0,2026-09-29T06:39:17+00:00,1440.760009765625,4.497000217437744,222.37045844969293,148.0,216.8000030517578,87.0,,,23.0
705.0,2026-09-29T06:39:18+00:00,1444.760009765625,4.48799991607666,222.81640345354205,147.0,217.0,87.0,,,23.0
710.0,2026-09-29T06:39:23+00:00,1464.9000244140625,4.413000106811523,226.60321228102552,149.0,216.8000030517578,86.0,,,23.0
711.0,2026-09-29T06:39:24+00:00,1468.969970703125,4.394999980926514,227.53128653920703,150.0,216.60000610351562,86.0,,,23.0
716.0,2026-09-29T06:39:29+00:00,1487.510009765625,4.291999816894531,232.99162224185466,151.0,216.39999389648438,86.0,,,23.0
718.0,2026-09-29T06:39:31+00:00,1495.280029296875,4.244999885559082,235.57126665700636,151.0,216.0,87.0,,,23.0
719.0,2026-09-29T06:39:32+00:00,1498.9599609375,4.189000129699707,238.72045095202375,152.0,216.0,87.0,,,23.0
721.0,2026-09-29T06:39:34+00:00,1504.989990234375,4.067999839782715,245.82105196282734,151.0,216.0,84.0,,,23.0
726.0,2026-09-29T06:39:39+00:00,1511.9100341796875,1.3250000476837158,754.7169539715405,152.0,216.1999969482422,55.0,,,23.0
727.0,2026-09-29T06:39:40+00:00,1513.1400146484375,1.343999981880188,744.0476290788714,151.0,216.1999969482422,54.0,,,23.0
731.0,2026-09-29T06:39:44+00:00,1517.4599609375,1.1759999990463257,850.340136744003,150.0,216.1999969482422,54.0,,,23.0
734.0,2026-09-29T06:39:47+00:00,1523.1800537109375,1.8380000591278076,544.0696234115103,147.0,216.1999969482422,56.0,,,23.0
735.0,2026-09-29T06:39:48+00:00,1526.0899658203125,2.062000036239624,484.96604385306154,148.0,216.1999969482422,81.0,,,23.0
739.0,2026-09-29T06:39:52+00:00,1542.2900390625,4.021999835968018,248.63253127391522,149.0,216.60000610351562,85.0,,,23.0
744.0,2026-09-29T06:39:57+00:00,1563.97998046875,4.0960001945495605,244.1406134039431,149.0,216.60000610351562,86.0,,,23.0
749.0,2026-09-29T06:40:02+00:00,1584.6099853515625,4.078000068664551,245.21824010843542,151.0,216.39999389648438,86.0,,,23.0
750.0,2026-09-29T06:40:03+00:00,1588.6500244140625,4.067999839782715,245.82105196282734,150.0,216.1999969482422,86.0,,,23.0
754.0,2026-09-29T06:40:07+00:00,1604.8499755859375,4.105999946594238,243.54603336745285,153.0,216.39999389648438,87.0,,,23.0
755.0,2026-09-29T06:40:08+00:00,1609.1600341796875,4.105999946594238,243.54603336745285,153.0,216.39999389648438,87.0,,,23.0
760.0,2026-09-29T06:40:13+00:00,1630.0799560546875,4.114999771118164,243.01337925184652,155.0,216.1999969482422,87.0,,,23.0
761.0,2026-09-29T06:40:14+00:00,1634.030029296875,4.114999771118164,243.01337925184652,156.0,216.60000610351562,87.0,,,23.0
766.0,2026-09-29T06:40:19+00:00,1655.0999755859375,4.132999897003174,241.9550024003381,156.0,216.1999969482422,88.0,,,23.0
767.0,2026-09-29T06:40:20+00:00,1659.300048828125,4.1519999504089355,240.84778707704675,156.0,216.0,87.0,,,23.0
772.0,2026-09-29T06:40:25+00:00,1679.489990234375,4.171000003814697,239.75065909504286,157.0,216.0,88.0,,,23.0
773.0,2026-09-29T06:40:26+00:00,1683.6800537109375,4.171000003814697,239.75065909504286,157.0,216.1999969482422,88.0,,,23.0
778.0,2026-09-29T06:40:31+00:00,1702.0899658203125,4.160999774932861,240.32685750773328,156.0,216.60000610351562,88.0,,,23.0
779.0,2026-09-29T06:40:32+00:00,1706.0999755859375,4.1519999504089355,240.84778707704675,156.0,216.60000610351562,88.0,,,23.0
783.0,2026-09-29T06:40:36+00:00,1717.5699462890625,4.002999782562256,249.81265408910815,156.0,216.60000610351562,84.0,,,23.0
787.0,2026-09-29T06:40:40+00:00,1721.3299560546875,1.222000002861023,818.3306036487212,155.0,216.39999389648438,56.0,,,23.0
789.0,2026-09-29T06:40:42+00:00,1723.2900390625,1.0920000076293945,915.7509093529076,154.0,216.1999969482422,55.0,,,23.0
793.0,2026-09-29T06:40:46+00:00,1729.9599609375,1.437000036239624,695.8942065282224,151.0,216.39999389648438,55.0,,,23.0
794.0,2026-09-29T06:40:47+00:00,1733.6099853515625,1.753999948501587,570.12544433327,152.0,216.39999389648438,79.0,,,23.0
798.0,2026-09-29T06:40:51+00:00,1752.0999755859375,4.328999996185303,231.00023120378748,151.0,216.39999389648438,85.0,,,23.0
802.0,2026-09-29T06:40:55+00:00,1769.4599609375,4.078000068664551,245.21824010843542,151.0,216.60000610351562,86.0,,,23.0
805.0,2026-09-29T06:40:58+00:00,1782.550048828125,4.160999774932861,240.32685750773328,152.0,217.0,86.0,,,23.0
808.0,2026-09-29T06:41:01+00:00,1795.8499755859375,4.189000129699707,238.72045095202375,152.0,217.1999969482422,87.0,,,23.0
813.0,2026-09-29T06:41:06+00:00,1816.9300537109375,4.208000183105469,237.64257521063328,154.0,216.8000030517578,88.0,,,23.0
819.0,2026-09-29T06:41:12+00:00,1840.0799560546875,4.039999961853027,247.52475481245546,156.0,217.0,86.0,,,23.0
820.0,2026-09-29T06:41:13+00:00,1844.280029296875,4.039999961853027,247.52475481245546,156.0,217.0,86.0,,,23.0
824.0,2026-09-29T06:41:17+00:00,1860.9200439453125,4.059000015258789,246.36609909848525,156.0,217.0,87.0,,,23.0
826.0,2026-09-29T06:41:19+00:00,1869.18994140625,4.067999839782715,245.82105196282734,157.0,217.0,87.0,,,23.0
831.0,2026-09-29T06:41:24+00:00,1879.9300537109375,1.3530000448226929,739.0982755887842,157.0,217.0,59.0,,,23.0
837.0,2026-09-29T06:41:30+00:00,1887.9000244140625,1.409000039100647,709.7231882536296,154.0,216.1999969482422,56.0,,,23.0
839.0,2026-09-29T06:41:32+00:00,1890.77001953125,1.4279999732971191,700.2801251397036,152.0,216.1999969482422,56.0,,,23.0
842.0,2026-09-29T06:41:35+00:00,1896.8900146484375,1.6799999475479126,595.2381138223104,150.0,216.0,56.0,,,23.0
843.0,2026-09-29T06:41:36+00:00,1900.6199951171875,1.7079999446868896,585.4801126374274,150.0,216.0,82.0,,,23.0
847.0,2026-09-29T06:41:40+00:00,1918.6500244140625,4.339000225067139,230.4678377804248,151.0,216.1999969482422,88.0,,,23.0
851.0,2026-09-29T06:41:44+00:00,1936.719970703125,4.4039998054504395,227.06631339138318,152.0,216.1999969482422,89.0,,,23.0
854.0,2026-09-29T06:41:47+00:00,1949.699951171875,4.385000228881836,228.0501591341986,153.0,216.0,89.0,,,23.0
856.0,2026-09-29T06:41:49+00:00,1957.18994140625,4.132999897003174,241.9550024003381,154.0,216.1999969482422,87.0,,,23.0
860.0,2026-09-29T06:41:53+00:00,1965.239990234375,1.4459999799728394,691.5629418050083,155.0,216.0,79.0,,,23.0
862.0,2026-09-29T06:41:55+00:00,1968.260009765625,1.409000039100647,709.7231882536296,154.0,215.8000030517578,56.0,,,23.0
867.0,2026-09-29T06:42:00+00:00,1976.530029296875,1.6239999532699585,615.7635645164144,151.0,216.0,54.0,,,23.0
869.0,2026-09-29T06:42:02+00:00,1983.1700439453125,2.2019999027252197,454.13262678276635,151.0,216.1999969482422,82.0,,,23.0
871.0,2026-09-29T06:42:04+00:00,1991.7900390625,3.9560000896453857,252.7805807227976,152.0,216.1999969482422,85.0,,,23.0
876.0,2026-09-29T06:42:09+00:00,2014.5,4.394999980926514,227.53128653920703,152.0,216.0,85.0,,,23.0
877.0,2026-09-29T06:42:10+00:00,2019.0400390625,4.328999996185303,231.00023120378748,153.0,216.0,85.0,,,23.0
882.0,2026-09-29T06:42:15+00:00,2040.75,4.310999870300293,231.9647483381489,155.0,215.8000030517578,86.0,,,23.0
885.0,2026-09-29T06:42:18+00:00,2053.389892578125,4.2729997634887695,234.02762821206701,154.0,215.39999389648438,86.0,,,23.0
888.0,2026-09-29T06:42:21+00:00,2065.75,4.255000114440918,235.01762000102653,155.0,215.1999969482422,87.0,,,23.0
894.0,2026-09-29T06:42:27+00:00,2086.93994140625,4.114999771118164,243.01337925184652,156.0,215.39999389648438,86.0,,,23.0
899.0,2026-09-29T06:42:32+00:00,2104.68994140625,3.99399995803833,250.37556597550747,157.0,215.60000610351562,86.0,,,22.0
904.0,2026-09-29T06:42:37+00:00,2123.760009765625,3.9839999675750732,251.00401810712523,157.0,216.0,86.0,,,22.0
909.0,2026-09-29T06:42:42+00:00,2143.60009765625,3.927999973297119,254.58248645572448,158.0,215.8000030517578,87.0,,,22.0
914.0,2026-09-29T06:42:47+00:00,2165.110107421875,4.021999835968018,248.63253127391522,157.0,216.60000610351562,87.0,,,22.0
919.0,2026-09-29T06:42:52+00:00,2186.840087890625,4.067999839782715,245.82105196282734,159.0,217.0,88.0,,,22.0
924.0,2026-09-29T06:42:57+00:00,2206.52001953125,4.067999839782715,245.82105196282734,160.0,217.0,87.0,,,22.0
929.0,2026-09-29T06:43:02+00:00,2226.1298828125,4.050000190734863,246.91356861851216,161.0,216.8000030517578,87.0,,,22.0
930.0,2026-09-29T06:43:03+00:00,2229.639892578125,4.031000137329102,248.07739169728472,162.0,216.8000030517578,86.0,,,22.0
934.0,2026-09-29T06:43:07+00:00,2237.419921875,1.6139999628067017,619.5787007708645,161.0,217.0,80.0,,,22.0
937.0,2026-09-29T06:43:10+00:00,2242.260009765625,1.5859999656677246,630.5170376085023,160.0,218.0,58.0,,,22.0
938.0,2026-09-29T06:43:11+00:00,2243.77001953125,1.5579999685287476,641.8485367135927,159.0,218.1999969482422,58.0,,,22.0
941.0,2026-09-29T06:43:14+00:00,2248.47998046875,1.5770000219345093,634.1154001845211,158.0,218.1999969482422,58.0,,,22.0
943.0,2026-09-29T06:43:16+00:00,2253.8798828125,1.8380000591278076,544.0696234115103,157.0,218.1999969482422,58.0,,,22.0
944.0,2026-09-29T06:43:17+00:00,2257.639892578125,1.930999994277954,517.8663920058287,157.0,218.1999969482422,83.0,,,22.0
948.0,2026-09-29T06:43:21+00:00,2276.10009765625,4.534999847412109,220.50717390225458,156.0,216.60000610351562,87.0,,,22.0
949.0,2026-09-29T06:43:22+00:00,2280.989990234375,4.599999904632568,217.39130885479364,156.0,216.60000610351562,86.0,,,22.0
951.0,2026-09-29T06:43:24+00:00,2290.0,4.497000217437744,222.37045844969293,156.0,216.60000610351562,87.0,,,22.0
952.0,2026-09-29T06:43:25+00:00,2294.530029296875,4.385000228881836,228.0501591341986,156.0,216.60000610351562,87.0,,,22.0
957.0,2026-09-29T06:43:30+00:00,2316.14990234375,4.328999996185303,231.00023120378748,158.0,216.1999969482422,88.0,,,22.0
961.0,2026-09-29T06:43:34+00:00,2336.52001953125,4.515999794006348,221.43490824051938,160.0,216.0,89.0,,,22.0
963.0,2026-09-29T06:43:36+00:00,2346.219970703125,4.664999961853027,214.3622739929843,160.0,216.1999969482422,89.0,,,22.0
965.0,2026-09-29T06:43:38+00:00,2355.14990234375,4.627999782562256,216.07606892460956,160.0,216.1999969482422,89.0,,,22.0
966.0,2026-09-29T06:43:39+00:00,2359.2900390625,4.580999851226807,218.29295622705527,160.0,216.39999389648438,89.0,,,22.0
967.0,2026-09-29T06:43:40+00:00,2362.219970703125,4.525000095367432,220.9944704805138,160.0,216.60000610351562,89.0,,,22.0
971.0,2026-09-29T06:43:44+00:00,2376.469970703125,4.3480000495910645,229.99079774482786,161.0,217.0,88.0,,,22.0
976.0,2026-09-29T06:43:49+00:00,2396.489990234375,4.179999828338623,239.23445958548248,161.0,217.39999389648438,89.0,,,22.0
977.0,2026-09-29T06:43:50+00:00,2401.080078125,4.171000003814697,239.75065909504286,161.0,217.1999969482422,89.0,,,22.0
979.0,2026-09-29T06:43:52+00:00,2409.760009765625,4.189000129699707,238.72045095202375,161.0,217.39999389648438,88.0,,,22.0
984.0,2026-09-29T06:43:57+00:00,2429.68994140625,4.171000003814697,239.75065909504286,162.0,217.1999969482422,88.0,,,22.0
989.0,2026-09-29T06:44:02+00:00,2445.300048828125,2.3610000610351562,423.5493325491742,162.0,217.39999389648438,81.0,,,22.0
993.0,2026-09-29T06:44:06+00:00,2451.1298828125,1.5679999589920044,637.7551187200633,159.0,217.60000610351562,57.0,,,22.0
997.0,2026-09-29T06:44:10+00:00,2456.530029296875,1.3899999856948853,719.4244678355752,157.0,217.8000030517578,57.0,,,22.0
1001.0,2026-09-29T06:44:14+00:00,2462.64990234375,1.6419999599456787,609.0134131508032,154.0,217.8000030517578,57.0,,,22.0
1003.0,2026-09-29T06:44:16+00:00,2466.449951171875,1.6699999570846558,598.802410597492,152.0,218.0,57.0,,,22.0
1004.0,2026-09-29T06:44:17+00:00,2469.199951171875,1.7079999446868896,585.4801126374274,152.0,218.0,57.0,,,22.0
1008.0,2026-09-29T06:44:21+00:00,2485.3701171875,4.002999782562256,249.81265408910815,153.0,218.39999389648438,86.0,,,22.0
1013.0,2026-09-29T06:44:26+00:00,2504.610107421875,4.124000072479248,242.48302192653077,155.0,218.60000610351562,87.0,,,22.0
1018.0,2026-09-29T06:44:31+00:00,2525.590087890625,4.263999938964844,234.52157934194682,155.0,218.1999969482422,87.0,,,22.0
1023.0,2026-09-29T06:44:36+00:00,2545.360107421875,4.114999771118164,243.01337925184652,157.0,216.8000030517578,88.0,,,22.0
1027.0,2026-09-29T06:44:40+00:00,2562.419921875,4.124000072479248,242.48302192653077,157.0,216.39999389648438,89.0,,,22.0
1028.0,2026-09-29T06:44:41+00:00,2566.840087890625,4.132999897003174,241.9550024003381,159.0,216.39999389648438,89.0,,,22.0
1033.0,2026-09-29T06:44:46+00:00,2590.010009765625,4.2170000076293945,237.1354038868391,159.0,216.60000610351562,89.0,,,22.0
1034.0,2026-09-29T06:44:47+00:00,2594.570068359375,4.244999885559082,235.57126665700636,159.0,217.0,89.0,,,22.0
1038.0,2026-09-29T06:44:51+00:00,2610.77001953125,4.2170000076293945,237.1354038868391,160.0,217.0,88.0,,,22.0
1042.0,2026-09-29T06:44:55+00:00,2617.550048828125,1.5210000276565552,657.4621839690078,159.0,217.0,57.0,,,22.0
1045.0,2026-09-29T06:44:58+00:00,2622.030029296875,1.4559999704360962,686.8132007588457,158.0,216.60000610351562,57.0,,,22.0
1047.0,2026-09-29T06:45:00+00:00,2625.35009765625,1.6610000133514404,602.0469548234834,158.0,216.60000610351562,56.0,,,22.0
1049.0,2026-09-29T06:45:02+00:00,2630.409912109375,1.753999948501587,570.12544433327,156.0,216.60000610351562,57.0,,,22.0
1054.0,2026-09-29T06:45:07+00:00,2651.389892578125,4.320000171661377,231.48147228323418,156.0,217.0,86.0,,,22.0
1055.0,2026-09-29T06:45:08+00:00,2655.39990234375,4.14300012588501,241.3709798732831,156.0,217.0,86.0,,,22.0
1060.0,2026-09-29T06:45:13+00:00,2677.81005859375,4.339000225067139,230.4678377804248,156.0,217.0,87.0,,,22.0
1061.0,2026-09-29T06:45:14+00:00,2682.5,4.479000091552734,223.26411689206512,156.0,217.0,87.0,,,22.0
1064.0,2026-09-29T06:45:17+00:00,2696.419921875,4.525000095367432,220.9944704805138,158.0,216.60000610351562,87.0,,,22.0
1065.0,2026-09-29T06:45:18+00:00,2700.35009765625,4.534999847412109,220.50717390225458,157.0,216.60000610351562,87.0,,,22.0
1069.0,2026-09-29T06:45:22+00:00,2709.429931640625,2.0810000896453857,480.53818208648215,158.0,216.1999969482422,81.0,,,22.0
1070.0,2026-09-29T06:45:23+00:00,2710.669921875,1.809999942779541,552.4862053113338,158.0,216.1999969482422,61.0,,,22.0
1071.0,2026-09-29T06:45:24+00:00,2711.7099609375,1.2690000534057617,788.0220314539663,158.0,216.1999969482422,59.0,,,22.0
1073.0,2026-09-29T06:45:26+00:00,2713.659912109375,1.2599999904632568,793.6507996578126,157.0,216.1999969482422,59.0,,,22.0
1074.0,2026-09-29T06:45:27+00:00,2715.1201171875,1.315999984741211,759.8784282635446,157.0,216.0,58.0,,,22.0
1076.0,2026-09-29T06:45:29+00:00,2718.199951171875,1.5490000247955322,645.5777817899001,156.0,216.0,56.0,,,22.0
1078.0,2026-09-29T06:45:31+00:00,2721.5,1.6610000133514404,602.0469548234834,154.0,216.0,56.0,,,22.0
1079.0,2026-09-29T06:45:32+00:00,2723.5400390625,1.6610000133514404,602.0469548234834,153.0,216.0,59.0,,,22.0
1083.0,2026-09-29T06:45:36+00:00,2738.64990234375,3.937999963760376,253.93601046280995,154.0,216.0,82.0,,,22.0
1087.0,2026-09-29T06:45:40+00:00,2754.97998046875,4.021999835968018,248.63253127391522,154.0,216.1999969482422,85.0,,,22.0
1092.0,2026-09-29T06:45:45+00:00,2776.280029296875,4.236000061035156,236.0717624153265,156.0,216.60000610351562,86.0,,,22.0
1093.0,2026-09-29T06:45:46+00:00,2780.280029296875,4.236000061035156,236.0717624153265,156.0,216.1999969482422,86.0,,,22.0
1094.0,2026-09-29T06:45:47+00:00,2784.2099609375,4.2170000076293945,237.1354038868391,153.0,216.0,86.0,,,22.0
1096.0,2026-09-29T06:45:49+00:00,2792.2900390625,4.189000129699707,238.72045095202375,156.0,215.8000030517578,86.0,,,22.0
1098.0,2026-09-29T06:45:51+00:00,2800.699951171875,4.132999897003174,241.9550024003381,156.0,216.0,86.0,,,22.0
1101.0,2026-09-29T06:45:54+00:00,2812.820068359375,4.124000072479248,242.48302192653077,159.0,216.0,86.0,,,22.0
1103.0,2026-09-29T06:45:56+00:00,2820.6201171875,4.105999946594238,243.54603336745285,158.0,216.0,85.0,,,22.0
1109.0,2026-09-29T06:46:02+00:00,2843.2900390625,4.031000137329102,248.07739169728472,159.0,216.1999969482422,86.0,,,22.0
1115.0,2026-09-29T06:46:08+00:00,2866.64990234375,3.9660000801086426,252.14321225445022,158.0,216.1999969482422,87.0,,,22.0
1116.0,2026-09-29T06:46:09+00:00,2870.89990234375,3.9749999046325684,251.57233307969994,159.0,216.0,87.0,,,22.0
1121.0,2026-09-29T06:46:14+00:00,2890.800048828125,3.9749999046325684,251.57233307969994,160.0,215.8000030517578,87.0,,,22.0
1126.0,2026-09-29T06:46:19+00:00,2910.110107421875,3.9749999046325684,251.57233307969994,162.0,215.8000030517578,88.0,,,22.0
1131.0,2026-09-29T06:46:24+00:00,2921.85009765625,3.7790000438690186,264.62026684079615,161.0,216.60000610351562,59.0,,,22.0
1134.0,2026-09-29T06:46:27+00:00,2927.22998046875,1.8569999933242798,538.5029637021514,160.0,216.39999389648438,56.0,,,22.0
1136.0,2026-09-29T06:46:29+00:00,2934.030029296875,2.3420000076293945,426.98548110262993,160.0,216.1999969482422,85.0,,,22.0
1139.0,2026-09-29T06:46:32+00:00,2946.659912109375,4.422999858856201,226.09089575205243,160.0,216.0,87.0,,,22.0
1143.0,2026-09-29T06:46:36+00:00,2960.60009765625,3.443000078201294,290.44437330434914,164.0,216.39999389648438,84.0,,,22.0
1144.0,2026-09-29T06:46:37+00:00,2962.429931640625,2.818000078201294,354.8615941268148,164.0,216.60000610351562,80.0,,,22.0
1146.0,2026-09-29T06:46:39+00:00,2965.639892578125,1.7079999446868896,585.4801126374274,160.0,216.60000610351562,60.0,,,22.0
1150.0,2026-09-29T06:46:43+00:00,2971.530029296875,1.4179999828338623,705.2186263088012,158.0,216.60000610351562,59.0,,,22.0
1151.0,2026-09-29T06:46:44+00:00,2973.080078125,1.5299999713897705,653.5947834637234,158.0,216.60000610351562,59.0,,,22.0
1152.0,2026-09-29T06:46:45+00:00,2975.010009765625,1.5579999685287476,641.8485367135927,157.0,216.60000610351562,59.0,,,22.0
1154.0,2026-09-29T06:46:47+00:00,2980.949951171875,2.2019999027252197,454.13262678276635,157.0,216.60000610351562,82.0,,,22.0
1155.0,2026-09-29T06:46:48+00:00,2984.840087890625,2.490999937057495,401.4452128735316,157.0,216.60000610351562,85.0,,,22.0
1160.0,2026-09-29T06:46:53+00:00,3006.219970703125,4.189000129699707,238.72045095202375,159.0,217.0,86.0,,,22.0
1163.0,2026-09-29T06:46:56+00:00,3018.830078125,4.189000129699707,238.72045095202375,158.0,217.0,87.0,,,22.0
1168.0,2026-09-29T06:47:01+00:00,3039.81005859375,4.244999885559082,235.57126665700636,157.0,217.0,88.0,,,22.0
1171.0,2026-09-29T06:47:04+00:00,3052.199951171875,4.198999881744385,238.15194764534533,160.0,218.1999969482422,88.0,,,22.0
1173.0,2026-09-29T06:47:06+00:00,3060.909912109375,4.160999774932861,240.32685750773328,160.0,217.0,87.0,,,22.0
1174.0,2026-09-29T06:47:07+00:00,3064.909912109375,4.160999774932861,240.32685750773328,160.0,217.0,87.0,,,22.0
1179.0,2026-09-29T06:47:12+00:00,3084.429931640625,4.124000072479248,242.48302192653077,161.0,216.60000610351562,86.0,,,22.0
1184.0,2026-09-29T06:47:17+00:00,3105.6298828125,4.105999946594238,243.54603336745285,161.0,216.1999969482422,86.0,,,22.0
1189.0,2026-09-29T06:47:22+00:00,3125.89990234375,4.132999897003174,241.9550024003381,162.0,216.0,87.0,,,22.0
1194.0,2026-09-29T06:47:27+00:00,3140.0,3.9839999675750732,251.00401810712523,162.0,216.1999969482422,86.0,,,22.0
1198.0,2026-09-29T06:47:31+00:00,3156.179931640625,3.9560000896453857,252.7805807227976,163.0,216.0,86.0,,,22.0
1199.0,2026-09-29T06:47:32+00:00,3159.97998046875,3.947000026702881,253.3569782707471,162.0,215.8000030517578,86.0,,,22.0
1204.0,2026-09-29T06:47:37+00:00,3174.489990234375,2.052999973297119,487.0920667349057,161.0,216.0,84.0,,,22.0
1207.0,2026-09-29T06:47:40+00:00,3178.580078125,1.3530000448226929,739.0982755887842,160.0,216.1999969482422,56.0,,,22.0
1208.0,2026-09-29T06:47:41+00:00,3180.06005859375,1.4179999828338623,705.2186263088012,160.0,216.1999969482422,56.0,,,22.0
1211.0,2026-09-29T06:47:44+00:00,3184.6298828125,1.4739999771118164,678.4260620949391,159.0,216.1999969482422,57.0,,,22.0
1212.0,2026-09-29T06:47:45+00:00,3186.159912109375,1.4839999675750732,673.8544621628582,158.0,216.1999969482422,57.0,,,22.0
1214.0,2026-09-29T06:47:47+00:00,3189.570068359375,1.4839999675750732,673.8544621628582,155.0,216.39999389648438,56.0,,,22.0
1215.0,2026-09-29T06:47:48+00:00,3191.800048828125,1.8289999961853027,546.7468573459124,154.0,216.39999389648438,55.0,,,22.0
1218.0,2026-09-29T06:47:51+00:00,3202.070068359375,3.4519999027252197,289.6871460542449,151.0,216.60000610351562,86.0,,,22.0
1221.0,2026-09-29T06:47:54+00:00,3213.409912109375,3.881999969482422,257.599177707703,148.0,216.1999969482422,85.0,,,22.0
1224.0,2026-09-29T06:47:57+00:00,3224.179931640625,3.694999933242798,270.6359994768341,149.0,216.0,86.0,,,22.0
1229.0,2026-09-29T06:48:02+00:00,3244.27001953125,3.9100000858306885,255.7544700891094,153.0,215.60000610351562,86.0,,,22.0
1230.0,2026-09-29T06:48:03+00:00,3248.489990234375,3.9100000858306885,255.7544700891094,153.0,215.60000610351562,86.0,,,22.0
1234.0,2026-09-29T06:48:07+00:00,3266.1201171875,4.059000015258789,246.36609909848525,156.0,215.8000030517578,87.0,,,22.0
1237.0,2026-09-29T06:48:10+00:00,3279.1298828125,4.0960001945495605,244.1406134039431,157.0,215.60000610351562,87.0,,,22.0
1242.0,2026-09-29T06:48:15+00:00,3300.139892578125,4.050000190734863,246.91356861851216,158.0,216.1999969482422,87.0,,,22.0
1244.0,2026-09-29T06:48:17+00:00,3307.800048828125,4.059000015258789,246.36609909848525,159.0,216.1999969482422,87.0,,,22.0
1248.0,2026-09-29T06:48:21+00:00,3321.639892578125,3.9839999675750732,251.00401810712523,160.0,215.8000030517578,86.0,,,22.0
1253.0,2026-09-29T06:48:26+00:00,3330.280029296875,1.6239999532699585,615.7635645164144,159.0,216.1999969482422,56.0,,,22.0
1254.0,2026-09-29T06:48:27+00:00,3332.010009765625,1.6519999504089355,605.3268946845067,159.0,216.1999969482422,57.0,,,22.0
1257.0,2026-09-29T06:48:30+00:00,3336.590087890625,1.5579999685287476,641.8485367135927,157.0,216.0,57.0,,,22.0
1259.0,2026-09-29T06:48:32+00:00,3342.340087890625,2.0899999141693115,478.46891917096497,157.0,216.0,85.0,,,22.0
1260.0,2026-09-29T06:48:33+00:00,3346.3701171875,3.6019999980926514,277.6235426234106,157.0,216.0,87.0,,,22.0
1265.0,2026-09-29T06:48:38+00:00,3368.5,4.2170000076293945,237.1354038868391,157.0,216.60000610351562,88.0,,,22.0
1270.0,2026-09-29T06:48:43+00:00,3390.93994140625,4.3480000495910645,229.99079774482786,156.0,217.0,88.0,,,22.0
1271.0,2026-09-29T06:48:44+00:00,3395.389892578125,4.35699987411499,229.51572845824873,159.0,217.0,88.0,,,22.0
1274.0,2026-09-29T06:48:47+00:00,3407.409912109375,4.255000114440918,235.01762000102653,160.0,217.0,87.0,,,22.0
1276.0,2026-09-29T06:48:49+00:00,3413.0,3.8259999752044678,261.3695782751693,161.0,217.39999389648438,85.0,,,22.0
1279.0,2026-09-29T06:48:52+00:00,3417.699951171875,1.6050000190734863,623.0529520973258,160.0,217.0,76.0,,,22.0
1282.0,2026-09-29T06:48:55+00:00,3422.0400390625,1.4839999675750732,673.8544621628582,159.0,216.60000610351562,58.0,,,22.0
1283.0,2026-09-29T06:48:56+00:00,3423.31005859375,1.4279999732971191,700.2801251397036,159.0,216.39999389648438,58.0,,,22.0
1287.0,2026-09-29T06:49:00+00:00,3429.0400390625,1.4739999771118164,678.4260620949391,155.0,216.1999969482422,57.0,,,22.0
1288.0,2026-09-29T06:49:01+00:00,3431.35009765625,1.930999994277954,517.8663920058287,155.0,216.1999969482422,57.0,,,22.0
1289.0,2026-09-29T06:49:02+00:00,3434.510009765625,2.1459999084472656,465.9832444837093,155.0,216.1999969482422,60.0,,,22.0
1290.0,2026-09-29T06:49:03+00:00,3438.340087890625,2.8459999561309814,351.37034975905567,154.0,217.0,86.0,,,22.0
1294.0,2026-09-29T06:49:07+00:00,3455.4599609375,4.263999938964844,234.52157934194682,155.0,218.1999969482422,87.0,,,22.0
1296.0,2026-09-29T06:49:09+00:00,3463.260009765625,4.086999893188477,244.67825449827677,154.0,217.0,87.0,,,22.0
1301.0,2026-09-29T06:49:14+00:00,3484.639892578125,4.14300012588501,241.3709798732831,155.0,216.60000610351562,87.0,,,22.0
1305.0,2026-09-29T06:49:18+00:00,3502.780029296875,4.255000114440918,235.01762000102653,157.0,216.1999969482422,87.0,,,22.0
1309.0,2026-09-29T06:49:22+00:00,3520.2099609375,4.208000183105469,237.64257521063328,159.0,216.39999389648438,87.0,,,22.0
1314.0,2026-09-29T06:49:27+00:00,3538.2900390625,4.171000003814697,239.75065909504286,161.0,216.1999969482422,87.0,,,22.0
1318.0,2026-09-29T06:49:31+00:00,3553.610107421875,4.105999946594238,243.54603336745285,162.0,216.1999969482422,87.0,,,22.0
1323.0,2026-09-29T06:49:36+00:00,3575.679931640625,4.114999771118164,243.01337925184652,162.0,215.8000030517578,88.0,,,22.0
1328.0,2026-09-29T06:49:41+00:00,3596.449951171875,4.114999771118164,243.01337925184652,163.0,216.0,87.0,,,22.0
1333.0,2026-09-29T06:49:46+00:00,3617.75,4.114999771118164,243.01337925184652,162.0,216.0,88.0,,,22.0
1338.0,2026-09-29T06:49:51+00:00,3638.260009765625,4.114999771118164,243.01337925184652,162.0,216.1999969482422,87.0,,,22.0
1339.0,2026-09-29T06:49:52+00:00,3642.1298828125,4.114999771118164,243.01337925184652,162.0,216.1999969482422,87.0,,,22.0
1340.0,2026-09-29T06:49:53+00:00,3645.780029296875,4.105999946594238,243.54603336745285,162.0,216.1999969482422,87.0,,,22.0
1346.0,2026-09-29T06:49:59+00:00,3668.030029296875,4.039999961853027,247.52475481245546,164.0,216.1999969482422,87.0,,,22.0
1349.0,2026-09-29T06:50:02+00:00,3679.25,3.99399995803833,250.37556597550747,164.0,216.1999969482422,87.0,,,22.0
1351.0,2026-09-29T06:50:04+00:00,3683.06005859375,3.9100000858306885,255.7544700891094,164.0,216.1999969482422,85.0,,,22.0
1355.0,2026-09-29T06:50:08+00:00,3688.5400390625,1.4739999771118164,678.4260620949391,164.0,216.1999969482422,59.0,,,22.0
1359.0,2026-09-29T06:50:12+00:00,3694.5,1.5399999618530273,649.3506654355598,161.0,216.1999969482422,57.0,,,22.0
1360.0,2026-09-29T06:50:13+00:00,3695.889892578125,1.4839999675750732,673.8544621628582,161.0,216.1999969482422,57.0,,,22.0
1363.0,2026-09-29T06:50:16+00:00,3701.6201171875,1.6979999542236328,588.9281666425159,158.0,216.1999969482422,58.0,,,22.0
1364.0,2026-09-29T06:50:17+00:00,3704.68994140625,2.00600004196167,498.504476112622,158.0,216.1999969482422,59.0,,,22.0
1365.0,2026-09-29T06:50:18+00:00,3708.110107421875,2.0429999828338623,489.47626451415414,158.0,216.1999969482422,82.0,,,22.0
1370.0,2026-09-29T06:50:23+00:00,3729.52001953125,4.171000003814697,239.75065909504286,158.0,216.1999969482422,85.0,,,22.0
1371.0,2026-09-29T06:50:24+00:00,3733.669921875,4.132999897003174,241.9550024003381,158.0,216.1999969482422,86.0,,,22.0
1376.0,2026-09-29T06:50:29+00:00,3751.669921875,3.7320001125335693,267.95283222034067,157.0,216.8000030517578,87.0,,,22.0
1378.0,2026-09-29T06:50:31+00:00,3761.27001953125,4.14300012588501,241.3709798732831,158.0,217.1999969482422,87.0,,,22.0
1380.0,2026-09-29T06:50:33+00:00,3770.429931640625,4.310999870300293,231.9647483381489,158.0,217.39999389648438,88.0,,,22.0
1385.0,2026-09-29T06:50:38+00:00,3792.0400390625,4.132999897003174,241.9550024003381,159.0,217.1999969482422,88.0,,,22.0
1390.0,2026-09-29T06:50:43+00:00,3812.81005859375,4.114999771118164,243.01337925184652,160.0,217.0,87.0,,,23.0
1392.0,2026-09-29T06:50:45+00:00,3820.659912109375,4.078000068664551,245.21824010843542,161.0,217.0,88.0,,,23.0
1397.0,2026-09-29T06:50:50+00:00,3841.550048828125,4.078000068664551,245.21824010843542,162.0,216.1999969482422,88.0,,,23.0
1398.0,2026-09-29T06:50:51+00:00,3845.780029296875,4.078000068664551,245.21824010843542,163.0,216.1999969482422,88.0,,,23.0
1402.0,2026-09-29T06:50:55+00:00,3862.2900390625,4.067999839782715,245.82105196282734,164.0,218.1999969482422,88.0,,,23.0
1404.0,2026-09-29T06:50:57+00:00,3870.010009765625,4.059000015258789,246.36609909848525,163.0,217.0,88.0,,,23.0
1409.0,2026-09-29T06:51:02+00:00,3884.56005859375,2.4539999961853027,407.49796314363545,164.0,216.8000030517578,84.0,,,23.0
1414.0,2026-09-29T06:51:07+00:00,3892.409912109375,1.5490000247955322,645.5777817899001,161.0,216.1999969482422,57.0,,,23.0
1416.0,2026-09-29T06:51:09+00:00,3895.47998046875,1.5770000219345093,634.1154001845211,160.0,216.1999969482422,57.0,,,23.0
1418.0,2026-09-29T06:51:11+00:00,3898.489990234375,1.5299999713897705,653.5947834637234,159.0,216.1999969482422,57.0,,,23.0
1420.0,2026-09-29T06:51:13+00:00,3901.719970703125,1.6050000190734863,623.0529520973258,156.0,216.1999969482422,57.0,,,23.0
1422.0,2026-09-29T06:51:15+00:00,3905.3798828125,1.6610000133514404,602.0469548234834,155.0,216.0,58.0,,,23.0
1423.0,2026-09-29T06:51:16+00:00,3907.820068359375,1.6979999542236328,588.9281666425159,155.0,216.0,58.0,,,23.0
1424.0,2026-09-29T06:51:17+00:00,3910.739990234375,1.753999948501587,570.12544433327,155.0,216.0,62.0,,,23.0
1428.0,2026-09-29T06:51:21+00:00,3926.85009765625,4.078000068664551,245.21824010843542,156.0,216.1999969482422,85.0,,,23.0
1433.0,2026-09-29T06:51:26+00:00,3946.929931640625,4.021999835968018,248.63253127391522,156.0,215.8000030517578,86.0,,,23.0
1438.0,2026-09-29T06:51:31+00:00,3968.2900390625,4.263999938964844,234.52157934194682,157.0,215.8000030517578,87.0,,,23.0
1442.0,2026-09-29T06:51:35+00:00,3985.52001953125,4.320000171661377,231.48147228323418,158.0,216.0,87.0,,,23.0
1448.0,2026-09-29T06:51:41+00:00,4009.6298828125,4.2270002365112305,236.57438941270405,161.0,216.1999969482422,86.0,,,23.0
1449.0,2026-09-29T06:51:42+00:00,4013.5,4.2170000076293945,237.1354038868391,160.0,216.1999969482422,86.0,,,23.0
1454.0,2026-09-29T06:51:47+00:00,4032.72998046875,4.14300012588501,241.3709798732831,159.0,216.0,86.0,,,23.0
1459.0,2026-09-29T06:51:52+00:00,4040.5400390625,1.4930000305175781,669.7923506761953,158.0,216.39999389648438,57.0,,,23.0
1464.0,2026-09-29T06:51:57+00:00,4047.25,1.3250000476837158,754.7169539715405,156.0,216.60000610351562,57.0,,,23.0
1466.0,2026-09-29T06:51:59+00:00,4049.909912109375,1.194000005722046,837.5209340097712,155.0,216.39999389648438,58.0,,,23.0
1467.0,2026-09-29T06:52:00+00:00,4051.7099609375,1.409000039100647,709.7231882536296,154.0,216.39999389648438,59.0,,,23.0
1469.0,2026-09-29T06:52:02+00:00,4058.580078125,1.6699999570846558,598.802410597492,155.0,216.39999389648438,82.0,,,23.0
1470.0,2026-09-29T06:52:03+00:00,4063.330078125,3.2839999198913574,304.5067065754016,153.0,216.60000610351562,84.0,,,23.0
1473.0,2026-09-29T06:52:06+00:00,4077.590087890625,4.544000148773193,220.07041532997835,157.0,216.8000030517578,86.0,,,23.0
1475.0,2026-09-29T06:52:08+00:00,4086.760009765625,4.367000102996826,228.99014802261084,156.0,216.8000030517578,87.0,,,23.0
1480.0,2026-09-29T06:52:13+00:00,4106.47021484375,3.9000000953674316,256.41025014020846,155.0,216.39999389648438,88.0,,,23.0
1484.0,2026-09-29T06:52:17+00:00,4121.5,3.9660000801086426,252.14321225445022,157.0,216.0,87.0,,,23.0
1485.0,2026-09-29T06:52:18+00:00,4124.60986328125,3.947000026702881,253.3569782707471,157.0,216.0,87.0,,,23.0
1490.0,2026-09-29T06:52:23+00:00,4131.41015625,1.1380000114440918,878.7346133072763,156.0,216.1999969482422,78.0,,,23.0
1495.0,2026-09-29T06:52:28+00:00,4140.1201171875,1.8289999961853027,546.7468573459124,153.0,216.39999389648438,56.0,,,23.0
1496.0,2026-09-29T06:52:29+00:00,4141.72998046875,1.6979999542236328,588.9281666425159,153.0,216.0,57.0,,,23.0
1498.0,2026-09-29T06:52:31+00:00,4145.5498046875,1.7170000076293945,582.4111797067882,151.0,216.0,57.0,,,23.0
1499.0,2026-09-29T06:52:32+00:00,4149.259765625,1.809999942779541,552.4862053113338,152.0,216.0,58.0,,,23.0
1500.0,2026-09-29T06:52:33+00:00,4153.22021484375,2.062000036239624,484.96604385306154,152.0,216.0,84.0,,,23.0
1505.0,2026-09-29T06:52:38+00:00,4175.72021484375,4.422999858856201,226.09089575205243,154.0,216.60000610351562,85.0,,,23.0
1510.0,2026-09-29T06:52:43+00:00,4196.56005859375,4.179999828338623,239.23445958548248,155.0,217.0,86.0,,,23.0
1515.0,2026-09-29T06:52:48+00:00,4216.6298828125,4.105999946594238,243.54603336745285,157.0,217.39999389648438,86.0,,,23.0
1520.0,2026-09-29T06:52:53+00:00,4237.64990234375,4.021999835968018,248.63253127391522,159.0,217.0,87.0,,,23.0
1521.0,2026-09-29T06:52:54+00:00,4241.4501953125,4.031000137329102,248.07739169728472,158.0,217.1999969482422,86.0,,,23.0
1527.0,2026-09-29T06:53:00+00:00,4264.9599609375,3.99399995803833,250.37556597550747,159.0,217.39999389648438,86.0,,,23.0
1528.0,2026-09-29T06:53:01+00:00,4269.2099609375,4.002999782562256,249.81265408910815,159.0,217.39999389648438,87.0,,,23.0
1533.0,2026-09-29T06:53:06+00:00,4289.60009765625,4.01200008392334,249.252238056311,160.0,216.8000030517578,88.0,,,23.0
1534.0,2026-09-29T06:53:07+00:00,4293.830078125,4.01200008392334,249.252238056311,159.0,217.0,88.0,,,23.0
1538.0,2026-09-29T06:53:11+00:00,4311.5400390625,4.050000190734863,246.91356861851216,160.0,216.1999969482422,88.0,,,23.0
1543.0,2026-09-29T06:53:16+00:00,4332.31005859375,4.059000015258789,246.36609909848525,161.0,216.8000030517578,88.0,,,23.0
1548.0,2026-09-29T06:53:21+00:00,4350.580078125,4.031000137329102,248.07739169728472,162.0,216.1999969482422,88.0,,,23.0
1553.0,2026-09-29T06:53:26+00:00,4370.509765625,4.002999782562256,249.81265408910815,162.0,216.60000610351562,87.0,,,23.0
1558.0,2026-09-29T06:53:31+00:00,4390.9599609375,4.002999782562256,249.81265408910815,163.0,216.60000610351562,86.0,,,23.0
1559.0,2026-09-29T06:53:32+00:00,4393.77978515625,3.9749999046325684,251.57233307969994,163.0,216.60000610351562,86.0,,,23.0
1563.0,2026-09-29T06:53:36+00:00,4400.43017578125,1.6979999542236328,588.9281666425159,163.0,217.1999969482422,59.0,,,23.0
1569.0,2026-09-29T06:53:42+00:00,4408.41015625,1.5770000219345093,634.1154001845211,161.0,217.1999969482422,60.0,,,23.0
1573.0,2026-09-29T06:53:46+00:00,4414.669921875,1.5210000276565552,657.4621839690078,157.0,217.8000030517578,59.0,,,23.0
1574.0,2026-09-29T06:53:47+00:00,4416.41015625,1.5959999561309814,626.5664332624401,156.0,217.8000030517578,59.0,,,23.0
1578.0,2026-09-29T06:53:51+00:00,4428.77978515625,2.3510000705718994,425.35090173635854,154.0,217.60000610351562,81.0,,,23.0
1583.0,2026-09-29T06:53:56+00:00,4450.91015625,4.310999870300293,231.9647483381489,154.0,217.1999969482422,84.0,,,23.0
1584.0,2026-09-29T06:53:57+00:00,4455.14990234375,4.179999828338623,239.23445958548248,154.0,217.1999969482422,85.0,,,23.0
1589.0,2026-09-29T06:54:02+00:00,4477.02978515625,4.244999885559082,235.57126665700636,157.0,216.8000030517578,86.0,,,23.0
1590.0,2026-09-29T06:54:03+00:00,4481.0,4.236000061035156,236.0717624153265,156.0,216.8000030517578,87.0,,,23.0
1596.0,2026-09-29T06:54:09+00:00,4503.89013671875,3.9560000896453857,252.7805807227976,156.0,216.1999969482422,87.0,,,23.0
1601.0,2026-09-29T06:54:14+00:00,4522.72998046875,3.9000000953674316,256.41025014020846,158.0,216.39999389648438,87.0,,,23.0
1606.0,2026-09-29T06:54:19+00:00,4542.490234375,3.937999963760376,253.93601046280995,159.0,216.1999969482422,88.0,,,23.0
1611.0,2026-09-29T06:54:24+00:00,4565.169921875,4.059000015258789,246.36609909848525,160.0,216.8000030517578,89.0,,,23.0
1616.0,2026-09-29T06:54:29+00:00,4589.10009765625,4.2170000076293945,237.1354038868391,163.0,216.39999389648438,88.0,,,24.0
1619.0,2026-09-29T06:54:32+00:00,4602.43017578125,4.255000114440918,235.01762000102653,163.0,217.1999969482422,89.0,,,24.0
1621.0,2026-09-29T06:54:34+00:00,4609.919921875,4.255000114440918,235.01762000102653,163.0,217.1999969482422,87.0,,,24.0
1626.0,2026-09-29T06:54:39+00:00,4619.16015625,1.6610000133514404,602.0469548234834,163.0,218.0,75.0,,,24.0
1632.0,2026-09-29T06:54:45+00:00,4628.64013671875,1.5579999685287476,641.8485367135927,161.0,217.0,59.0,,,24.0
1633.0,2026-09-29T06:54:46+00:00,4630.93017578125,1.8660000562667847,535.9056644406813,160.0,217.0,60.0,,,24.0
1634.0,2026-09-29T06:54:47+00:00,4634.14013671875,2.052999973297119,487.0920667349057,160.0,217.0,62.0,,,24.0
1637.0,2026-09-29T06:54:50+00:00,4645.64013671875,4.059000015258789,246.36609909848525,160.0,217.0,84.0,,,24.0
1642.0,2026-09-29T06:54:55+00:00,4666.31005859375,4.189000129699707,238.72045095202375,158.0,217.0,87.0,,,24.0
1644.0,2026-09-29T06:54:57+00:00,4674.669921875,4.208000183105469,237.64257521063328,159.0,216.8000030517578,88.0,,,24.0
1649.0,2026-09-29T06:55:02+00:00,4697.14990234375,4.301000118255615,232.5040624285257,160.0,216.39999389648438,88.0,,,24.0
1654.0,2026-09-29T06:55:07+00:00,4720.2099609375,4.375999927520752,228.51919939737198,161.0,217.0,88.0,,,24.0
1659.0,2026-09-29T06:55:12+00:00,4739.7998046875,4.310999870300293,231.9647483381489,161.0,216.1999969482422,87.0,,,24.0
1660.0,2026-09-29T06:55:13+00:00,4743.56982421875,4.2729997634887695,234.02762821206701,162.0,215.8000030517578,87.0,,,24.0
1663.0,2026-09-29T06:55:16+00:00,4755.509765625,4.236000061035156,236.0717624153265,161.0,216.1999969482422,88.0,,,24.0
1664.0,2026-09-29T06:55:17+00:00,4757.85009765625,4.2170000076293945,237.1354038868391,161.0,216.1999969482422,88.0,,,24.0
1668.0,2026-09-29T06:55:21+00:00,4767.91015625,2.6689999103546143,374.67217444272444,162.0,216.39999389648438,80.0,,,24.0
1674.0,2026-09-29T06:55:27+00:00,4777.330078125,1.5859999656677246,630.5170376085023,159.0,216.39999389648438,58.0,,,24.0
1675.0,2026-09-29T06:55:28+00:00,4778.77978515625,1.5119999647140503,661.375676810363,159.0,216.60000610351562,58.0,,,24.0
1678.0,2026-09-29T06:55:31+00:00,4784.169921875,1.7079999446868896,585.4801126374274,156.0,216.60000610351562,59.0,,,24.0
1679.0,2026-09-29T06:55:32+00:00,4787.16015625,1.8849999904632568,530.5039814638092,155.0,216.60000610351562,59.0,,,24.0
1681.0,2026-09-29T06:55:34+00:00,4794.740234375,2.2300000190734863,448.430489438057,156.0,216.8000030517578,82.0,,,24.0
1684.0,2026-09-29T06:55:37+00:00,4807.10986328125,4.086999893188477,244.67825449827677,155.0,216.8000030517578,86.0,,,24.0
1686.0,2026-09-29T06:55:39+00:00,4816.56982421875,4.35699987411499,229.51572845824873,153.0,216.8000030517578,86.0,,,24.0
1691.0,2026-09-29T06:55:44+00:00,4838.81982421875,4.339000225067139,230.4678377804248,155.0,216.39999389648438,87.0,,,24.0
1694.0,2026-09-29T06:55:47+00:00,4852.60986328125,4.413000106811523,226.60321228102552,158.0,216.39999389648438,88.0,,,24.0
1696.0,2026-09-29T06:55:49+00:00,4861.60986328125,4.422999858856201,226.09089575205243,159.0,216.39999389648438,88.0,,,24.0
1700.0,2026-09-29T06:55:53+00:00,4871.3701171875,1.9220000505447388,520.2913494807542,157.0,216.1999969482422,86.0,,,24.0
1703.0,2026-09-29T06:55:56+00:00,4875.06005859375,1.4459999799728394,691.5629418050083,160.0,216.8000030517578,61.0,,,24.0
1705.0,2026-09-29T06:55:58+00:00,4877.9599609375,1.4930000305175781,669.7923506761953,159.0,216.8000030517578,56.0,,,24.0
1706.0,2026-09-29T06:55:59+00:00,4879.47021484375,1.6050000190734863,623.0529520973258,158.0,216.8000030517578,57.0,,,24.0
1707.0,2026-09-29T06:56:00+00:00,4881.39990234375,1.6050000190734863,623.0529520973258,158.0,216.8000030517578,57.0,,,24.0
1709.0,2026-09-29T06:56:02+00:00,4887.97021484375,2.0989999771118164,476.41734678624476,158.0,216.8000030517578,82.0,,,24.0
1711.0,2026-09-29T06:56:04+00:00,4896.259765625,3.937999963760376,253.93601046280995,158.0,216.8000030517578,86.0,,,24.0
1716.0,2026-09-29T06:56:09+00:00,4917.740234375,4.244999885559082,235.57126665700636,158.0,216.39999389648438,86.0,,,24.0
1721.0,2026-09-29T06:56:14+00:00,4938.0498046875,4.1519999504089355,240.84778707704675,158.0,216.0,87.0,,,24.0
1724.0,2026-09-29T06:56:17+00:00,4949.7001953125,4.160999774932861,240.32685750773328,159.0,215.8000030517578,88.0,,,24.0
1728.0,2026-09-29T06:56:21+00:00,4965.10009765625,4.067999839782715,245.82105196282734,160.0,216.0,88.0,,,24.0
1733.0,2026-09-29T06:56:26+00:00,4987.47021484375,4.067999839782715,245.82105196282734,161.0,216.60000610351562,88.0,,,24.0
1737.0,2026-09-29T06:56:30+00:00,5005.330078125,4.385000228881836,228.0501591341986,162.0,216.60000610351562,87.0,,,24.0
1742.0,2026-09-29T06:56:35+00:00,5027.419921875,4.375999927520752,228.51919939737198,163.0,217.0,87.0,,,24.0
1743.0,2026-09-29T06:56:36+00:00,5032.10009765625,4.375999927520752,228.51919939737198,164.0,217.0,87.0,,,24.0
1748.0,2026-09-29T06:56:41+00:00,5054.10009765625,4.375999927520752,228.51919939737198,164.0,217.0,88.0,,,24.0
1749.0,2026-09-29T06:56:42+00:00,5058.08984375,4.301000118255615,232.5040624285257,165.0,217.0,88.0,,,24.0
1754.0,2026-09-29T06:56:47+00:00,5078.0,4.198999881744385,238.15194764534533,165.0,217.0,88.0,,,24.0
1759.0,2026-09-29T06:56:52+00:00,5098.85009765625,4.189000129699707,238.72045095202375,165.0,217.1999969482422,88.0,,,24.0
1760.0,2026-09-29T06:56:53+00:00,5102.8701171875,4.179999828338623,239.23445958548248,165.0,217.39999389648438,88.0,,,24.0
1765.0,2026-09-29T06:56:58+00:00,5122.39013671875,4.132999897003174,241.9550024003381,165.0,216.8000030517578,87.0,,,24.0
1769.0,2026-09-29T06:57:02+00:00,5129.39013671875,1.315999984741211,759.8784282635446,165.0,216.1999969482422,59.0,,,24.0
1770.0,2026-09-29T06:57:03+00:00,5130.68994140625,1.315999984741211,759.8784282635446,164.0,216.1999969482422,59.0,,,24.0
1776.0,2026-09-29T06:57:09+00:00,5138.8798828125,1.3530000448226929,739.0982755887842,161.0,216.8000030517578,58.0,,,24.0
1778.0,2026-09-29T06:57:11+00:00,5141.43017578125,1.3530000448226929,739.0982755887842,161.0,216.8000030517578,57.0,,,24.0
1781.0,2026-09-29T06:57:14+00:00,5145.77978515625,1.4839999675750732,673.8544621628582,158.0,216.8000030517578,57.0,,,24.0
1784.0,2026-09-29T06:57:17+00:00,5152.81005859375,1.6239999532699585,615.7635645164144,157.0,216.39999389648438,81.0,,,24.0
1790.0,2026-09-29T06:57:23+00:00,5176.419921875,4.255000114440918,235.01762000102653,156.0,216.1999969482422,87.0,,,24.0
1794.0,2026-09-29T06:57:27+00:00,5191.14013671875,3.947000026702881,253.3569782707471,156.0,215.8000030517578,88.0,,,24.0
1795.0,2026-09-29T06:57:28+00:00,5195.2900390625,3.947000026702881,253.3569782707471,157.0,215.8000030517578,88.0,,,24.0
1798.0,2026-09-29T06:57:31+00:00,5208.1201171875,4.086999893188477,244.67825449827677,158.0,215.60000610351562,88.0,,,24.0
1803.0,2026-09-29T06:57:36+00:00,5230.18994140625,4.2170000076293945,237.1354038868391,160.0,215.60000610351562,88.0,,,24.0
1805.0,2026-09-29T06:57:38+00:00,5238.6201171875,4.198999881744385,238.15194764534533,160.0,215.60000610351562,87.0,,,24.0
1810.0,2026-09-29T06:57:43+00:00,5259.43994140625,4.179999828338623,239.23445958548248,161.0,216.0,87.0,,,24.0
1815.0,2026-09-29T06:57:48+00:00,5280.6201171875,4.198999881744385,238.15194764534533,162.0,216.0,87.0,,,24.0
1816.0,2026-09-29T06:57:49+00:00,5284.56982421875,4.189000129699707,238.72045095202375,161.0,216.0,88.0,,,24.0
1821.0,2026-09-29T06:57:54+00:00,5304.5400390625,4.1519999504089355,240.84778707704675,162.0,216.0,88.0,,,24.0
1827.0,2026-09-29T06:58:00+00:00,5325.27978515625,4.078000068664551,245.21824010843542,163.0,216.39999389648438,87.0,,,24.0
1829.0,2026-09-29T06:58:02+00:00,5330.3701171875,3.9839999675750732,251.00401810712523,164.0,216.1999969482422,85.0,,,24.0
1831.0,2026-09-29T06:58:04+00:00,5333.47998046875,1.6610000133514404,602.0469548234834,163.0,216.1999969482422,83.0,,,24.0
1834.0,2026-09-29T06:58:07+00:00,5338.0498046875,1.5210000276565552,657.4621839690078,162.0,216.39999389648438,58.0,,,24.0
1837.0,2026-09-29T06:58:10+00:00,5341.89013671875,1.4179999828338623,705.2186263088012,161.0,216.60000610351562,58.0,,,24.0
1838.0,2026-09-29T06:58:11+00:00,5342.97998046875,1.343999981880188,744.0476290788714,160.0,216.60000610351562,58.0,,,24.0
1839.0,2026-09-29T06:58:12+00:00,5344.22021484375,1.409000039100647,709.7231882536296,159.0,216.8000030517578,58.0,,,24.0
1840.0,2026-09-29T06:58:13+00:00,5345.669921875,1.4459999799728394,691.5629418050083,160.0,216.8000030517578,58.0,,,24.0
1844.0,2026-09-29T06:58:17+00:00,5354.1201171875,1.6699999570846558,598.802410597492,159.0,217.0,84.0,,,24.0
1845.0,2026-09-29T06:58:18+00:00,5357.14990234375,1.781999945640564,561.167244952152,157.0,217.0,87.0,,,24.0
1849.0,2026-09-29T06:58:22+00:00,5373.77001953125,4.263999938964844,234.52157934194682,158.0,216.0,88.0,,,24.0
1854.0,2026-09-29T06:58:27+00:00,5396.83984375,4.385000228881836,228.0501591341986,158.0,216.0,88.0,,,24.0
1859.0,2026-09-29T06:58:32+00:00,5416.81982421875,4.14300012588501,241.3709798732831,157.0,216.60000610351562,88.0,,,24.0
1864.0,2026-09-29T06:58:37+00:00,5436.490234375,4.050000190734863,246.91356861851216,160.0,217.0,87.0,,,24.0
1869.0,2026-09-29T06:58:42+00:00,5456.68994140625,4.059000015258789,246.36609909848525,160.0,217.0,87.0,,,24.0
1872.0,2026-09-29T06:58:45+00:00,5469.330078125,4.067999839782715,245.82105196282734,161.0,217.1999969482422,88.0,,,24.0
1874.0,2026-09-29T06:58:47+00:00,5475.72021484375,4.021999835968018,248.63253127391522,161.0,217.1999969482422,86.0,,,24.0
1876.0,2026-09-29T06:58:49+00:00,5479.68994140625,2.127000093460083,470.14572452286865,162.0,217.1999969482422,86.0,,,24.0
1881.0,2026-09-29T06:58:54+00:00,5487.14013671875,1.4739999771118164,678.4260620949391,160.0,218.1999969482422,59.0,,,24.0
1886.0,2026-09-29T06:58:59+00:00,5494.43017578125,1.5399999618530273,649.3506654355598,159.0,218.39999389648438,57.0,,,24.0
1887.0,2026-09-29T06:59:00+00:00,5496.2998046875,1.6419999599456787,609.0134131508032,158.0,218.39999389648438,58.0,,,24.0
1889.0,2026-09-29T06:59:02+00:00,5501.89013671875,1.8660000562667847,535.9056644406813,156.0,218.39999389648438,83.0,,,24.0
1891.0,2026-09-29T06:59:04+00:00,5510.33984375,3.937999963760376,253.93601046280995,157.0,216.8000030517578,86.0,,,24.0
1894.0,2026-09-29T06:59:07+00:00,5524.72998046875,4.48799991607666,222.81640345354205,156.0,216.8000030517578,86.0,,,24.0
1896.0,2026-09-29T06:59:09+00:00,5533.56982421875,4.35699987411499,229.51572845824873,155.0,216.8000030517578,86.0,,,24.0
1901.0,2026-09-29T06:59:14+00:00,5553.169921875,4.179999828338623,239.23445958548248,157.0,216.1999969482422,87.0,,,24.0
1904.0,2026-09-29T06:59:17+00:00,5564.009765625,4.160999774932861,240.32685750773328,157.0,216.1999969482422,87.0,,,24.0
1906.0,2026-09-29T06:59:19+00:00,5571.3798828125,4.050000190734863,246.91356861851216,159.0,216.1999969482422,87.0,,,24.0
1910.0,2026-09-29T06:59:23+00:00,5580.39013671875,2.015000104904175,496.27788979572085,160.0,216.8000030517578,83.0,,,24.0
1912.0,2026-09-29T06:59:25+00:00,5582.97021484375,1.2879999876022339,776.3975230012383,159.0,216.8000030517578,62.0,,,24.0
1916.0,2026-09-29T06:59:29+00:00,5587.60009765625,1.2970000505447388,771.0099930836556,157.0,217.0,58.0,,,24.0
1917.0,2026-09-29T06:59:30+00:00,5588.75,1.3619999885559082,734.2143967712312,156.0,217.0,58.0,,,24.0
1919.0,2026-09-29T06:59:32+00:00,5591.68994140625,1.4559999704360962,686.8132007588457,156.0,217.1999969482422,58.0,,,25.0
1923.0,2026-09-29T06:59:36+00:00,5602.77001953125,2.5850000381469727,386.8471896491106,154.0,217.39999389648438,82.0,,,25.0
1925.0,2026-09-29T06:59:38+00:00,5610.0,3.490000009536743,286.5329505064209,155.0,217.1999969482422,84.0,,,25.0
1928.0,2026-09-29T06:59:41+00:00,5623.7998046875,4.2729997634887695,234.02762821206701,155.0,216.8000030517578,85.0,,,25.0
1933.0,2026-09-29T06:59:46+00:00,5645.3798828125,4.189000129699707,238.72045095202375,156.0,216.39999389648438,87.0,,,25.0
1934.0,2026-09-29T06:59:47+00:00,5649.25,4.132999897003174,241.9550024003381,157.0,216.39999389648438,88.0,,,25.0
1939.0,2026-09-29T06:59:52+00:00,5668.35986328125,3.99399995803833,250.37556597550747,158.0,216.39999389648438,88.0,,,25.0
1944.0,2026-09-29T06:59:57+00:00,5689.5400390625,4.050000190734863,246.91356861851216,160.0,216.60000610351562,89.0,,,25.0
1947.0,2026-09-29T07:00:00+00:00,5702.990234375,4.086999893188477,244.67825449827677,161.0,216.60000610351562,90.0,,,25.0
1951.0,2026-09-29T07:00:04+00:00,5722.43994140625,4.244999885559082,235.57126665700636,162.0,216.8000030517578,91.0,,,25.0
1956.0,2026-09-29T07:00:09+00:00,5743.7900390625,4.301000118255615,232.5040624285257,164.0,216.8000030517578,91.0,,,25.0
1961.0,2026-09-29T07:00:14+00:00,5762.39990234375,4.208000183105469,237.64257521063328,161.0,216.8000030517578,88.0,,,25.0
1963.0,2026-09-29T07:00:16+00:00,5771.240234375,4.208000183105469,237.64257521063328,164.0,216.8000030517578,89.0,,,25.0
1965.0,2026-09-29T07:00:18+00:00,5780.60009765625,4.263999938964844,234.52157934194682,165.0,216.8000030517578,89.0,,,25.0
1970.0,2026-09-29T07:00:23+00:00,5802.3798828125,4.2170000076293945,237.1354038868391,166.0,216.60000610351562,89.0,,,25.0
1975.0,2026-09-29T07:00:28+00:00,5821.60986328125,4.171000003814697,239.75065909504286,167.0,217.0,86.0,,,25.0
1979.0,2026-09-29T07:00:32+00:00,5829.8701171875,1.6799999475479126,595.2381138223104,165.0,217.60000610351562,83.0,,,25.0
1980.0,2026-09-29T07:00:33+00:00,5831.56982421875,1.6519999504089355,605.3268946845067,166.0,217.60000610351562,66.0,,,25.0
1982.0,2026-09-29T07:00:35+00:00,5834.91015625,1.6239999532699585,615.7635645164144,164.0,217.0,59.0,,,25.0
1984.0,2026-09-29T07:00:37+00:00,5838.25,1.6139999628067017,619.5787007708645,163.0,217.0,58.0,,,25.0
1987.0,2026-09-29T07:00:40+00:00,5842.7998046875,1.5299999713897705,653.5947834637234,162.0,217.0,57.0,,,25.0
1991.0,2026-09-29T07:00:44+00:00,5849.1201171875,1.5959999561309814,626.5664332624401,160.0,217.0,58.0,,,25.0
1992.0,2026-09-29T07:00:45+00:00,5850.97998046875,1.5959999561309814,626.5664332624401,159.0,217.0,59.0,,,25.0
1994.0,2026-09-29T07:00:47+00:00,5856.5498046875,1.7079999446868896,585.4801126374274,160.0,217.0,60.0,,,25.0
1996.0,2026-09-29T07:00:49+00:00,5864.47998046875,3.2839999198913574,304.5067065754016,158.0,217.0,86.0,,,25.0
2001.0,2026-09-29T07:00:54+00:00,5886.25,3.9749999046325684,251.57233307969994,159.0,218.1999969482422,87.0,,,25.0
2002.0,2026-09-29T07:00:55+00:00,5890.740234375,3.9749999046325684,251.57233307969994,159.0,218.1999969482422,87.0,,,25.0
2003.0,2026-09-29T07:00:56+00:00,5895.02978515625,4.208000183105469,237.64257521063328,160.0,217.0,87.0,,,25.0
2007.0,2026-09-29T07:01:00+00:00,5913.0,4.4039998054504395,227.06631339138318,159.0,216.8000030517578,88.0,,,25.0
2012.0,2026-09-29T07:01:05+00:00,5935.27001953125,4.451000213623047,224.66860301181947,161.0,216.1999969482422,89.0,,,25.0
2017.0,2026-09-29T07:01:10+00:00,5955.64990234375,4.413000106811523,226.60321228102552,163.0,216.0,89.0,,,25.0
2018.0,2026-09-29T07:01:11+00:00,5959.10009765625,4.385000228881836,228.0501591341986,162.0,215.8000030517578,89.0,,,25.0
2023.0,2026-09-29T07:01:16+00:00,5980.6298828125,4.310999870300293,231.9647483381489,164.0,215.39999389648438,91.0,,,25.0
2027.0,2026-09-29T07:01:20+00:00,6000.97021484375,4.460000038146973,224.2152447190285,165.0,215.39999389648438,93.0,,,25.0
2032.0,2026-09-29T07:01:25+00:00,6022.240234375,4.422999858856201,226.09089575205243,167.0,215.60000610351562,88.0,,,25.0
2038.0,2026-09-29T07:01:31+00:00,6043.240234375,4.067999839782715,245.82105196282734,167.0,215.39999389648438,85.0,,,25.0
2039.0,2026-09-29T07:01:32+00:00,6045.75,2.9110000133514404,343.52456043059163,166.0,215.39999389648438,84.0,,,25.0
2043.0,2026-09-29T07:01:36+00:00,6052.6201171875,1.6239999532699585,615.7635645164144,165.0,216.0,59.0,,,25.0
2049.0,2026-09-29T07:01:42+00:00,6062.5,1.5770000219345093,634.1154001845211,163.0,216.8000030517578,58.0,,,25.0
2052.0,2026-09-29T07:01:45+00:00,6067.43994140625,1.5579999685287476,641.8485367135927,160.0,216.60000610351562,56.0,,,25.0
2054.0,2026-09-29T07:01:47+00:00,6074.02001953125,1.6330000162124634,612.3698653227042,160.0,216.39999389648438,84.0,,,25.0
2056.0,2026-09-29T07:01:49+00:00,6081.7099609375,4.039999961853027,247.52475481245546,160.0,216.39999389648438,87.0,,,25.0
2062.0,2026-09-29T07:01:55+00:00,6105.77978515625,4.105999946594238,243.54603336745285,159.0,215.39999389648438,89.0,,,25.0
2067.0,2026-09-29T07:02:00+00:00,6127.5498046875,4.2829999923706055,233.48120517892136,160.0,215.1999969482422,91.0,,,25.0
2069.0,2026-09-29T07:02:02+00:00,6137.27978515625,4.525000095367432,220.9944704805138,161.0,215.1999969482422,91.0,,,25.0
2071.0,2026-09-29T07:02:04+00:00,6146.169921875,4.506999969482422,221.87708159998917,161.0,215.39999389648438,91.0,,,25.0
2072.0,2026-09-29T07:02:05+00:00,6150.6298828125,4.506999969482422,221.87708159998917,162.0,215.60000610351562,91.0,,,25.0
2076.0,2026-09-29T07:02:09+00:00,6167.259765625,4.479000091552734,223.26411689206512,163.0,216.0,90.0,,,25.0
2078.0,2026-09-29T07:02:11+00:00,6174.9501953125,4.413000106811523,226.60321228102552,166.0,216.8000030517578,89.0,,,25.0
2079.0,2026-09-29T07:02:12+00:00,6179.08984375,4.375999927520752,228.51919939737198,163.0,216.8000030517578,89.0,,,25.0
2083.0,2026-09-29T07:02:16+00:00,6196.68017578125,4.3480000495910645,229.99079774482786,164.0,216.8000030517578,90.0,,,25.0
2084.0,2026-09-29T07:02:17+00:00,6201.06982421875,4.339000225067139,230.4678377804248,165.0,216.8000030517578,90.0,,,25.0
2087.0,2026-09-29T07:02:20+00:00,6210.43017578125,4.114999771118164,243.01337925184652,165.0,217.0,83.0,,,25.0
2093.0,2026-09-29T07:02:26+00:00,6219.68017578125,1.5299999713897705,653.5947834637234,165.0,217.8000030517578,59.0,,,25.0
2094.0,2026-09-29T07:02:27+00:00,6221.169921875,1.5299999713897705,653.5947834637234,165.0,217.8000030517578,59.0,,,25.0
2095.0,2026-09-29T07:02:28+00:00,6222.6201171875,1.5119999647140503,661.375676810363,164.0,217.0,59.0,,,25.0
2097.0,2026-09-29T07:02:30+00:00,6226.14013671875,1.5770000219345093,634.1154001845211,163.0,217.0,58.0,,,25.0
2099.0,2026-09-29T07:02:32+00:00,6231.18994140625,2.0339999198913574,491.6421039256547,161.0,217.60000610351562,58.0,,,25.0
2100.0,2026-09-29T07:02:33+00:00,6235.0498046875,2.183000087738037,458.08518543678656,162.0,217.0,88.0,,,25.0
2105.0,2026-09-29T07:02:38+00:00,6255.27001953125,4.021999835968018,248.63253127391522,161.0,217.0,87.0,,,25.0
2110.0,2026-09-29T07:02:43+00:00,6276.1201171875,4.179999828338623,239.23445958548248,161.0,216.1999969482422,88.0,,,25.0
2112.0,2026-09-29T07:02:45+00:00,6284.39013671875,4.105999946594238,243.54603336745285,161.0,216.1999969482422,88.0,,,25.0
2114.0,2026-09-29T07:02:47+00:00,6293.06005859375,4.124000072479248,242.48302192653077,161.0,218.1999969482422,88.0,,,25.0
2116.0,2026-09-29T07:02:49+00:00,6301.509765625,4.132999897003174,241.9550024003381,161.0,217.0,89.0,,,25.0
2119.0,2026-09-29T07:02:52+00:00,6313.08984375,3.99399995803833,250.37556597550747,162.0,217.39999389648438,88.0,,,25.0
2124.0,2026-09-29T07:02:57+00:00,6322.47021484375,1.6799999475479126,595.2381138223104,161.0,216.60000610351562,58.0,,,25.0
2129.0,2026-09-29T07:03:02+00:00,6329.68017578125,1.5959999561309814,626.5664332624401,161.0,216.1999969482422,57.0,,,25.0
2131.0,2026-09-29T07:03:04+00:00,6333.330078125,1.7259999513626099,579.3742921084898,159.0,216.0,57.0,,,25.0
2132.0,2026-09-29T07:03:05+00:00,6336.31982421875,1.8009999990463257,555.2470852468211,158.0,216.0,58.0,,,25.0
2133.0,2026-09-29T07:03:06+00:00,6340.009765625,2.0339999198913574,491.6421039256547,158.0,216.0,60.0,,,25.0
2135.0,2026-09-29T07:03:08+00:00,6348.35009765625,4.124000072479248,242.48302192653077,157.0,216.0,85.0,,,25.0
2140.0,2026-09-29T07:03:13+00:00,6367.93017578125,4.086999893188477,244.67825449827677,158.0,215.8000030517578,88.0,,,25.0
2145.0,2026-09-29T07:03:18+00:00,6388.75,4.124000072479248,242.48302192653077,157.0,215.39999389648438,89.0,,,25.0
2149.0,2026-09-29T07:03:22+00:00,6406.97021484375,4.367000102996826,228.99014802261084,160.0,215.0,88.0,,,25.0
2153.0,2026-09-29T07:03:26+00:00,6422.990234375,4.310999870300293,231.9647483381489,163.0,216.0,87.0,,,25.0
2155.0,2026-09-29T07:03:28+00:00,6431.77978515625,4.2729997634887695,234.02762821206701,162.0,215.8000030517578,87.0,,,25.0
2159.0,2026-09-29T07:03:32+00:00,6450.18994140625,4.310999870300293,231.9647483381489,165.0,215.8000030517578,87.0,,,25.0
2160.0,2026-09-29T07:03:33+00:00,6454.02978515625,4.310999870300293,231.9647483381489,165.0,215.60000610351562,87.0,,,25.0
2165.0,2026-09-29T07:03:38+00:00,6476.56005859375,4.339000225067139,230.4678377804248,165.0,215.39999389648438,87.0,,,25.0
2167.0,2026-09-29T07:03:40+00:00,6484.75,4.3480000495910645,229.99079774482786,165.0,215.39999389648438,87.0,,,25.0
2172.0,2026-09-29T07:03:45+00:00,6505.43017578125,4.310999870300293,231.9647483381489,166.0,215.39999389648438,87.0,,,25.0
2173.0,2026-09-29T07:03:46+00:00,6509.89990234375,4.320000171661377,231.48147228323418,167.0,215.39999389648438,88.0,,,25.0
2178.0,2026-09-29T07:03:51+00:00,6528.68994140625,4.2829999923706055,233.48120517892136,167.0,215.0,88.0,,,25.0
2183.0,2026-09-29T07:03:56+00:00,6548.41015625,4.198999881744385,238.15194764534533,166.0,215.1999969482422,87.0,,,25.0
2188.0,2026-09-29T07:04:01+00:00,6567.66015625,4.114999771118164,243.01337925184652,167.0,215.60000610351562,85.0,,,25.0
2189.0,2026-09-29T07:04:02+00:00,6570.580078125,4.039999961853027,247.52475481245546,168.0,216.1999969482422,84.0,,,25.0
2193.0,2026-09-29T07:04:06+00:00,6575.66015625,1.5210000276565552,657.4621839690078,168.0,216.0,58.0,,,25.0
2196.0,2026-09-29T07:04:09+00:00,6580.25,1.5019999742507935,665.7789727984556,167.0,216.0,58.0,,,25.0
2198.0,2026-09-29T07:04:11+00:00,6583.080078125,1.4739999771118164,678.4260620949391,166.0,216.0,58.0,,,25.0
2202.0,2026-09-29T07:04:15+00:00,6589.8798828125,1.6050000190734863,623.0529520973258,162.0,216.1999969482422,59.0,,,25.0
2204.0,2026-09-29T07:04:17+00:00,6596.009765625,2.1089999675750732,474.1583761851828,162.0,216.1999969482422,83.0,,,25.0
2206.0,2026-09-29T07:04:19+00:00,6604.52978515625,3.9560000896453857,252.7805807227976,162.0,216.1999969482422,85.0,,,25.0
2211.0,2026-09-29T07:04:24+00:00,6623.52001953125,3.9100000858306885,255.7544700891094,162.0,215.60000610351562,86.0,,,25.0
2214.0,2026-09-29T07:04:27+00:00,6635.81005859375,4.050000190734863,246.91356861851216,161.0,217.0,87.0,,,25.0
2217.0,2026-09-29T07:04:30+00:00,6647.6201171875,4.031000137329102,248.07739169728472,162.0,217.0,87.0,,,25.0
2222.0,2026-09-29T07:04:35+00:00,6669.31982421875,4.1519999504089355,240.84778707704675,162.0,217.0,87.0,,,25.0
2227.0,2026-09-29T07:04:40+00:00,6690.43994140625,4.132999897003174,241.9550024003381,162.0,217.1999969482422,88.0,,,25.0
2228.0,2026-09-29T07:04:41+00:00,6694.75,4.132999897003174,241.9550024003381,162.0,217.1999969482422,88.0,,,25.0
2233.0,2026-09-29T07:04:46+00:00,6715.77978515625,4.14300012588501,241.3709798732831,163.0,217.1999969482422,88.0,,,25.0
2234.0,2026-09-29T07:04:47+00:00,6720.14013671875,4.160999774932861,240.32685750773328,163.0,217.1999969482422,88.0,,,25.0
2238.0,2026-09-29T07:04:51+00:00,6738.759765625,4.236000061035156,236.0717624153265,165.0,217.0,88.0,,,25.0
2242.0,2026-09-29T07:04:55+00:00,6755.2900390625,4.236000061035156,236.0717624153265,166.0,217.39999389648438,88.0,,,25.0
2246.0,2026-09-29T07:04:59+00:00,6772.06005859375,4.2270002365112305,236.57438941270405,169.0,216.60000610351562,89.0,,,25.0
2248.0,2026-09-29T07:05:01+00:00,6778.97998046875,4.208000183105469,237.64257521063328,167.0,216.60000610351562,87.0,,,25.0
2249.0,2026-09-29T07:05:02+00:00,6781.08984375,4.105999946594238,243.54603336745285,167.0,215.8000030517578,85.0,,,25.0
2252.0,2026-09-29T07:05:05+00:00,6785.52978515625,1.4839999675750732,673.8544621628582,167.0,215.0,58.0,,,25.0
2253.0,2026-09-29T07:05:06+00:00,6786.9599609375,1.4459999799728394,691.5629418050083,167.0,214.8000030517578,58.0,,,25.0
2254.0,2026-09-29T07:05:07+00:00,6788.4501953125,1.4459999799728394,691.5629418050083,166.0,214.8000030517578,58.0,,,25.0
2255.0,2026-09-29T07:05:08+00:00,6789.81005859375,1.4559999704360962,686.8132007588457,166.0,214.8000030517578,58.0,,,25.0
2261.0,2026-09-29T07:05:14+00:00,6798.509765625,1.5859999656677246,630.5170376085023,163.0,215.0,58.0,,,25.0
2262.0,2026-09-29T07:05:15+00:00,6800.56982421875,1.6890000104904175,592.0663077495425,162.0,215.0,59.0,,,25.0
2264.0,2026-09-29T07:05:17+00:00,6807.89990234375,2.938999891281128,340.25179890840144,162.0,215.1999969482422,87.0,,,25.0
2265.0,2026-09-29T07:05:18+00:00,6811.89013671875,3.443000078201294,290.44437330434914,163.0,215.1999969482422,86.0,,,25.0
2270.0,2026-09-29T07:05:23+00:00,6833.5400390625,4.2829999923706055,233.48120517892136,161.0,215.1999969482422,88.0,,,25.0
2275.0,2026-09-29T07:05:28+00:00,6856.990234375,4.552999973297119,219.6354065154619,159.0,215.0,88.0,,,25.0
2276.0,2026-09-29T07:05:29+00:00,6861.490234375,4.525000095367432,220.9944704805138,162.0,214.60000610351562,88.0,,,25.0
2277.0,2026-09-29T07:05:30+00:00,6865.56005859375,4.506999969482422,221.87708159998917,163.0,214.39999389648438,88.0,,,25.0
2283.0,2026-09-29T07:05:36+00:00,6888.77978515625,4.208000183105469,237.64257521063328,163.0,214.0,89.0,,,25.0
2288.0,2026-09-29T07:05:41+00:00,6911.35986328125,4.310999870300293,231.9647483381489,165.0,213.8000030517578,89.0,,,25.0
2293.0,2026-09-29T07:05:46+00:00,6925.64990234375,2.7709999084472656,360.8805604617835,165.0,215.0,81.0,,,25.0
2294.0,2026-09-29T07:05:47+00:00,6927.31005859375,1.9589999914169312,510.4645249521961,165.0,215.1999969482422,62.0,,,25.0
2298.0,2026-09-29T07:05:51+00:00,6933.72021484375,1.6239999532699585,615.7635645164144,163.0,215.8000030517578,61.0,,,25.0
2299.0,2026-09-29T07:05:52+00:00,6935.169921875,1.5579999685287476,641.8485367135927,163.0,215.60000610351562,61.0,,,25.0
2300.0,2026-09-29T07:05:53+00:00,6936.68017578125,1.5399999618530273,649.3506654355598,163.0,215.60000610351562,61.0,,,25.0
2305.0,2026-09-29T07:05:58+00:00,6945.35986328125,1.7170000076293945,582.4111797067882,160.0,215.8000030517578,60.0,,,25.0
2307.0,2026-09-29T07:06:00+00:00,6949.35986328125,1.7079999446868896,585.4801126374274,159.0,215.8000030517578,59.0,,,25.0
2309.0,2026-09-29T07:06:02+00:00,6956.2001953125,1.968999981880188,507.8720209256199,159.0,215.60000610351562,86.0,,,25.0
2310.0,2026-09-29T07:06:03+00:00,6960.16015625,3.6019999980926514,277.6235426234106,159.0,215.60000610351562,88.0,,,25.0
2315.0,2026-09-29T07:06:08+00:00,6982.56982421875,4.4039998054504395,227.06631339138318,157.0,216.0,88.0,,,25.0
2316.0,2026-09-29T07:06:09+00:00,6987.02001953125,4.4039998054504395,227.06631339138318,156.0,216.0,88.0,,,25.0
2321.0,2026-09-29T07:06:14+00:00,7008.0498046875,4.301000118255615,232.5040624285257,157.0,215.39999389648438,88.0,,,25.0
2324.0,2026-09-29T07:06:17+00:00,7019.33984375,4.244999885559082,235.57126665700636,158.0,215.0,88.0,,,25.0
2326.0,2026-09-29T07:06:19+00:00,7025.81982421875,4.114999771118164,243.01337925184652,159.0,215.0,87.0,,,25.0
2329.0,2026-09-29T07:06:22+00:00,7030.8798828125,1.6330000162124634,612.3698653227042,159.0,217.0,57.0,,,25.0
2330.0,2026-09-29T07:06:23+00:00,7032.31005859375,1.4559999704360962,686.8132007588457,159.0,217.0,55.0,,,25.0
2334.0,2026-09-29T07:06:27+00:00,7038.52001953125,1.5859999656677246,630.5170376085023,158.0,217.0,57.0,,,25.0
2338.0,2026-09-29T07:06:31+00:00,7044.33984375,1.4930000305175781,669.7923506761953,155.0,216.8000030517578,57.0,,,25.0
2339.0,2026-09-29T07:06:32+00:00,7045.81982421875,1.4930000305175781,669.7923506761953,155.0,216.60000610351562,57.0,,,25.0
2344.0,2026-09-29T07:06:37+00:00,7052.52978515625,1.315999984741211,759.8784282635446,152.0,217.1999969482422,57.0,,,25.0
2346.0,2026-09-29T07:06:39+00:00,7055.58984375,1.465000033378601,682.5938411030529,150.0,217.0,58.0,,,25.0
2348.0,2026-09-29T07:06:41+00:00,7057.8701171875,1.4279999732971191,700.2801251397036,149.0,217.0,76.0,,,25.0
2349.0,2026-09-29T07:06:42+00:00,7059.02001953125,1.3530000448226929,739.0982755887842,149.0,217.0,76.0,,,25.0
2352.0,2026-09-29T07:06:45+00:00,7063.419921875,1.465000033378601,682.5938411030529,148.0,216.8000030517578,76.0,,,25.0
2356.0,2026-09-29T07:06:49+00:00,7069.5400390625,1.5399999618530273,649.3506654355598,145.0,216.39999389648438,76.0,,,25.0
2359.0,2026-09-29T07:06:52+00:00,7074.2001953125,1.5579999685287476,641.8485367135927,143.0,216.0,76.0,,,26.0
2365.0,2026-09-29T07:06:58+00:00,7083.7099609375,1.5210000276565552,657.4621839690078,141.0,217.60000610351562,77.0,,,26.0
2367.0,2026-09-29T07:07:00+00:00,7087.2001953125,1.5490000247955322,645.5777817899001,141.0,217.39999389648438,78.0,,,26.0
2372.0,2026-09-29T07:07:05+00:00,7096.33984375,1.6050000190734863,623.0529520973258,138.0,217.0,79.0,,,26.0
2374.0,2026-09-29T07:07:07+00:00,7099.990234375,1.6330000162124634,612.3698653227042,137.0,217.0,79.0,,,26.0
2380.0,2026-09-29T07:07:13+00:00,7112.6201171875,1.753999948501587,570.12544433327,134.0,217.0,80.0,,,26.0
2381.0,2026-09-29T07:07:14+00:00,7114.6298828125,1.8289999961853027,546.7468573459124,135.0,217.0,80.0,,,26.0
2387.0,2026-09-29T07:07:20+00:00,7126.75,1.8849999904632568,530.5039814638092,134.0,216.8000030517578,79.0,,,26.0
2388.0,2026-09-29T07:07:21+00:00,7128.81982421875,1.8849999904632568,530.5039814638092,133.0,216.8000030517578,79.0,,,26.0
2394.0,2026-09-29T07:07:27+00:00,7140.68994140625,1.9129999876022339,522.7391565503386,132.0,216.0,80.0,,,26.0
2400.0,2026-09-29T07:07:33+00:00,7153.16015625,1.930999994277954,517.8663920058287,135.0,216.0,81.0,,,26.0
2402.0,2026-09-29T07:07:35+00:00,7157.47998046875,1.940999984741211,515.198355415406,135.0,215.8000030517578,81.0,,,26.0
2405.0,2026-09-29T07:07:38+00:00,7165.2001953125,1.968999981880188,507.8720209256199,131.0,215.8000030517578,80.0,,,26.0
2407.0,2026-09-29T07:07:40+00:00,7170.419921875,1.9869999885559082,503.2712661094527,130.0,215.8000030517578,80.0,,,26.0
2410.0,2026-09-29T07:07:43+00:00,7177.1201171875,2.0250000953674316,493.8271372370243,130.0,215.8000030517578,81.0,,,26.0
2413.0,2026-09-29T07:07:46+00:00,7182.06005859375,2.0250000953674316,493.8271372370243,131.0,215.60000610351562,80.0,,,26.0
2414.0,2026-09-29T07:07:47+00:00,7183.41015625,2.00600004196167,498.504476112622,132.0,215.60000610351562,80.0,,,26.0
2417.0,2026-09-29T07:07:50+00:00,7186.72021484375,1.9589999914169312,510.4645249521961,131.0,215.39999389648438,79.0,,,26.0
2418.0,2026-09-29T07:07:51+00:00,7188.18994140625,1.9500000476837158,512.8205002804169,132.0,215.1999969482422,79.0,,,26.0
2421.0,2026-09-29T07:07:54+00:00,7191.7900390625,1.6139999628067017,619.5787007708645,134.0,214.8000030517578,81.0,,,26.0
2422.0,2026-09-29T07:07:55+00:00,7193.68017578125,1.6139999628067017,619.5787007708645,134.0,214.8000030517578,81.0,,,26.0
2424.0,2026-09-29T07:07:57+00:00,7196.22021484375,1.38100004196167,724.1129396198493,134.0,215.1999969482422,81.0,,,26.0
2430.0,2026-09-29T07:08:03+00:00,7208.1298828125,1.6519999504089355,605.3268946845067,131.0,214.8000030517578,81.0,,,26.0
2436.0,2026-09-29T07:08:09+00:00,7224.240234375,1.8569999933242798,538.5029637021514,130.0,214.8000030517578,81.0,,,26.0
2440.0,2026-09-29T07:08:13+00:00,7231.16015625,1.7450000047683716,573.0659010128418,132.0,215.0,81.0,,,26.0
2441.0,2026-09-29T07:08:14+00:00,7233.75,1.753999948501587,570.12544433327,132.0,215.1999969482422,80.0,,,26.0
2446.0,2026-09-29T07:08:19+00:00,7242.169921875,1.7910000085830688,558.3472893398474,134.0,216.0,80.0,,,26.0
2447.0,2026-09-29T07:08:20+00:00,7243.43994140625,1.7640000581741333,566.893405340968,134.0,216.0,80.0,,,26.0
2451.0,2026-09-29T07:08:24+00:00,7252.5498046875,1.940999984741211,515.198355415406,135.0,216.60000610351562,80.0,,,26.0
2456.0,2026-09-29T07:08:29+00:00,7261.77978515625,1.940999984741211,515.198355415406,132.0,216.8000030517578,78.0,,,26.0
2457.0,2026-09-29T07:08:30+00:00,7263.1201171875,1.809999942779541,552.4862053113338,132.0,216.8000030517578,77.0,,,26.0
2459.0,2026-09-29T07:08:32+00:00,7267.58984375,1.7259999513626099,579.3742921084898,130.0,217.0,77.0,,,26.0
2461.0,2026-09-29T07:08:34+00:00,7272.14990234375,1.7640000581741333,566.893405340968,130.0,217.0,78.0,,,26.0
2466.0,2026-09-29T07:08:39+00:00,7282.60986328125,1.819000005722046,549.7526095955417,127.0,217.39999389648438,77.0,,,26.0
2469.0,2026-09-29T07:08:42+00:00,7288.0498046875,1.8380000591278076,544.0696234115103,128.0,217.8000030517578,77.0,,,27.0
2471.0,2026-09-29T07:08:44+00:00,7290.490234375,1.7259999513626099,579.3742921084898,128.0,218.0,77.0,,,27.0
2472.0,2026-09-29T07:08:45+00:00,7291.35986328125,1.5019999742507935,665.7789727984556,128.0,218.0,77.0,,,27.0
2474.0,2026-09-29T07:08:47+00:00,7292.85009765625,1.3339999914169312,749.6251922294488,128.0,218.1999969482422,77.0,,,27.0
2476.0,2026-09-29T07:08:49+00:00,7295.5,1.399999976158142,714.2857264499277,128.0,218.0,77.0,,,27.0
2477.0,2026-09-29T07:08:50+00:00,7297.16015625,1.5770000219345093,634.1154001845211,128.0,218.0,77.0,,,27.0
2479.0,2026-09-29T07:08:52+00:00,7300.60009765625,1.7730000019073486,564.0157918354345,129.0,217.8000030517578,77.0,,,27.0
2485.0,2026-09-29T07:08:58+00:00,7311.58984375,1.8940000534057617,527.9830896529361,129.0,217.39999389648438,77.0,,,27.0
2489.0,2026-09-29T07:09:02+00:00,7318.490234375,1.8940000534057617,527.9830896529361,126.0,217.39999389648438,78.0,,,27.0
2491.0,2026-09-29T07:09:04+00:00,7321.60986328125,1.8849999904632568,530.5039814638092,125.0,217.39999389648438,79.0,,,27.0
2493.0,2026-09-29T07:09:06+00:00,7325.10009765625,1.8660000562667847,535.9056644406813,125.0,217.1999969482422,79.0,,,27.0
2495.0,2026-09-29T07:09:08+00:00,7329.330078125,1.875,533.3333333333334,124.0,216.1999969482422,79.0,,,27.0
2496.0,2026-09-29T07:09:09+00:00,7331.5400390625,1.875,533.3333333333334,124.0,216.1999969482422,79.0,,,27.0
2502.0,2026-09-29T07:09:15+00:00,7346.02978515625,1.940999984741211,515.198355415406,125.0,216.1999969482422,80.0,,,27.0
2503.0,2026-09-29T07:09:16+00:00,7348.2900390625,1.9500000476837158,512.8205002804169,125.0,216.1999969482422,79.0,,,27.0
2506.0,2026-09-29T07:09:19+00:00,7353.81005859375,1.968999981880188,507.8720209256199,125.0,216.0,79.0,,,27.0
2508.0,2026-09-29T07:09:21+00:00,7358.009765625,1.996999979019165,500.75113195101494,125.0,215.8000030517578,78.0,,,27.0
2514.0,2026-09-29T07:09:27+00:00,7370.259765625,2.015000104904175,496.27788979572085,125.0,215.39999389648438,79.0,,,27.0
2519.0,2026-09-29T07:09:32+00:00,7382.740234375,2.127000093460083,470.14572452286865,125.0,215.39999389648438,79.0,,,27.0
2525.0,2026-09-29T07:09:38+00:00,7396.52978515625,2.1649999618530273,461.8937725726786,124.0,215.8000030517578,79.0,,,27.0
2531.0,2026-09-29T07:09:44+00:00,7408.22998046875,2.183000087738037,458.08518543678656,124.0,215.60000610351562,79.0,,,27.0
2536.0,2026-09-29T07:09:49+00:00,7419.169921875,2.13700008392334,467.94569991971645,127.0,216.0,79.0,,,27.0
2537.0,2026-09-29T07:09:50+00:00,7422.10986328125,2.1459999084472656,465.9832444837093,127.0,216.0,79.0,,,27.0
2543.0,2026-09-29T07:09:56+00:00,7435.77001953125,2.1649999618530273,461.8937725726786,125.0,216.1999969482422,79.0,,,27.0
2549.0,2026-09-29T07:10:02+00:00,7447.68017578125,2.1459999084472656,465.9832444837093,125.0,216.0,79.0,,,27.0
2550.0,2026-09-29T07:10:03+00:00,7449.89990234375,2.1459999084472656,465.9832444837093,125.0,216.0,80.0,,,27.0
2556.0,2026-09-29T07:10:09+00:00,7461.5498046875,2.127000093460083,470.14572452286865,124.0,216.39999389648438,79.0,,,27.0
2559.0,2026-09-29T07:10:12+00:00,7467.509765625,2.1089999675750732,474.1583761851828,123.0,216.8000030517578,80.0,,,27.0
2563.0,2026-09-29T07:10:16+00:00,7474.580078125,2.0810000896453857,480.53818208648215,124.0,217.1999969482422,80.0,,,27.0
2566.0,2026-09-29T07:10:19+00:00,7479.93017578125,2.0429999828338623,489.47626451415414,123.0,217.39999389648438,80.0,,,27.0
2572.0,2026-09-29T07:10:25+00:00,7490.91015625,2.015000104904175,496.27788979572085,122.0,216.8000030517578,80.0,,,27.0
2573.0,2026-09-29T07:10:26+00:00,7492.7998046875,2.00600004196167,498.504476112622,123.0,216.60000610351562,80.0,,,27.0
2579.0,2026-09-29T07:10:32+00:00,7502.9599609375,1.9869999885559082,503.2712661094527,123.0,216.60000610351562,80.0,,,27.0
2581.0,2026-09-29T07:10:34+00:00,7506.77978515625,2.0339999198913574,491.6421039256547,122.0,216.39999389648438,79.0,,,27.0
2587.0,2026-09-29T07:10:40+00:00,7517.740234375,2.015000104904175,496.27788979572085,123.0,216.1999969482422,80.0,,,27.0
2588.0,2026-09-29T07:10:41+00:00,7519.6201171875,2.00600004196167,498.504476112622,122.0,216.1999969482422,80.0,,,27.0
2594.0,2026-09-29T07:10:47+00:00,7531.22021484375,2.015000104904175,496.27788979572085,121.0,216.0,81.0,,,27.0
2595.0,2026-09-29T07:10:48+00:00,7533.1201171875,2.00600004196167,498.504476112622,121.0,216.1999969482422,81.0,,,27.0
2601.0,2026-09-29T07:10:54+00:00,7544.7998046875,1.996999979019165,500.75113195101494,121.0,216.39999389648438,80.0,,,27.0
2602.0,2026-09-29T07:10:55+00:00,7546.490234375,1.996999979019165,500.75113195101494,121.0,216.39999389648438,80.0,,,27.0
2608.0,2026-09-29T07:11:01+00:00,7558.22021484375,1.996999979019165,500.75113195101494,122.0,216.60000610351562,81.0,,,27.0
2609.0,2026-09-29T07:11:02+00:00,7560.3798828125,2.00600004196167,498.504476112622,122.0,216.60000610351562,81.0,,,27.0
2615.0,2026-09-29T07:11:08+00:00,7571.56982421875,1.996999979019165,500.75113195101494,123.0,216.8000030517578,80.0,,,27.0
2621.0,2026-09-29T07:11:14+00:00,7583.5,1.9869999885559082,503.2712661094527,124.0,216.60000610351562,81.0,,,27.0
2627.0,2026-09-29T07:11:20+00:00,7595.2099609375,1.9589999914169312,510.4645249521961,123.0,216.1999969482422,80.0,,,27.0
2628.0,2026-09-29T07:11:21+00:00,7597.10009765625,1.968999981880188,507.8720209256199,123.0,216.1999969482422,80.0,,,27.0
2634.0,2026-09-29T07:11:27+00:00,7609.8701171875,1.9869999885559082,503.2712661094527,122.0,216.1999969482422,81.0,,,27.0
2640.0,2026-09-29T07:11:33+00:00,7621.240234375,1.9869999885559082,503.2712661094527,123.0,216.39999389648438,81.0,,,27.0
2646.0,2026-09-29T07:11:39+00:00,7632.68017578125,1.968999981880188,507.8720209256199,123.0,216.60000610351562,81.0,,,27.0
2647.0,2026-09-29T07:11:40+00:00,7635.0,1.968999981880188,507.8720209256199,123.0,216.60000610351562,81.0,,,27.0
2653.0,2026-09-29T07:11:46+00:00,7647.0498046875,1.9780000448226929,505.5611614455952,123.0,216.39999389648438,81.0,,,28.0
2659.0,2026-09-29T07:11:52+00:00,7658.1298828125,1.968999981880188,507.8720209256199,124.0,216.8000030517578,81.0,,,28.0
2664.0,2026-09-29T07:11:57+00:00,7666.5,1.9500000476837158,512.8205002804169,123.0,217.1999969482422,80.0,,,28.0
2666.0,2026-09-29T07:11:59+00:00,7669.990234375,1.940999984741211,515.198355415406,123.0,217.1999969482422,80.0,,,28.0
2668.0,2026-09-29T07:12:01+00:00,7673.8701171875,1.930999994277954,517.8663920058287,122.0,217.39999389648438,81.0,,,28.0
2673.0,2026-09-29T07:12:06+00:00,7683.6298828125,1.930999994277954,517.8663920058287,124.0,217.39999389648438,81.0,,,28.0
2679.0,2026-09-29T07:12:12+00:00,7695.1298828125,1.940999984741211,515.198355415406,124.0,217.39999389648438,82.0,,,28.0
2685.0,2026-09-29T07:12:18+00:00,7705.31982421875,1.930999994277954,517.8663920058287,124.0,217.60000610351562,82.0,,,28.0
2686.0,2026-09-29T07:12:19+00:00,7707.02001953125,1.9220000505447388,520.2913494807542,124.0,217.60000610351562,82.0,,,28.0
2692.0,2026-09-29T07:12:25+00:00,7718.68994140625,1.9129999876022339,522.7391565503386,123.0,217.8000030517578,81.0,,,28.0
2693.0,2026-09-29T07:12:26+00:00,7721.0400390625,1.9220000505447388,520.2913494807542,123.0,217.8000030517578,81.0,,,28.0
2699.0,2026-09-29T07:12:32+00:00,7734.10009765625,1.9589999914169312,510.4645249521961,124.0,217.60000610351562,81.0,,,28.0
2700.0,2026-09-29T07:12:33+00:00,7736.10986328125,1.9589999914169312,510.4645249521961,123.0,217.60000610351562,81.0,,,28.0
2706.0,2026-09-29T07:12:39+00:00,7748.47998046875,1.9869999885559082,503.2712661094527,123.0,217.60000610351562,81.0,,,28.0
2707.0,2026-09-29T07:12:40+00:00,7750.490234375,1.996999979019165,500.75113195101494,123.0,217.60000610351562,82.0,,,28.0
2712.0,2026-09-29T07:12:45+00:00,7760.31005859375,1.996999979019165,500.75113195101494,120.0,217.8000030517578,81.0,,,28.0
2713.0,2026-09-29T07:12:46+00:00,7762.22998046875,1.996999979019165,500.75113195101494,119.0,217.8000030517578,81.0,,,28.0
2719.0,2026-09-29T07:12:52+00:00,7774.56982421875,2.00600004196167,498.504476112622,118.0,218.1999969482422,80.0,,,28.0
2720.0,2026-09-29T07:12:53+00:00,7776.6201171875,1.996999979019165,500.75113195101494,117.0,218.39999389648438,80.0,,,28.0
2724.0,2026-09-29T07:12:57+00:00,7784.97021484375,2.00600004196167,498.504476112622,121.0,218.8000030517578,81.0,,,28.0
2725.0,2026-09-29T07:12:58+00:00,7786.93994140625,2.00600004196167,498.504476112622,122.0,218.60000610351562,81.0,,,28.0
2729.0,2026-09-29T07:13:02+00:00,7794.9501953125,1.996999979019165,500.75113195101494,125.0,218.39999389648438,81.0,,,28.0
2731.0,2026-09-29T07:13:04+00:00,7799.14990234375,2.00600004196167,498.504476112622,128.0,218.39999389648438,81.0,,,28.0
2737.0,2026-09-29T07:13:10+00:00,7812.52978515625,2.052999973297119,487.0920667349057,129.0,218.0,81.0,,,28.0
2738.0,2026-09-29T07:13:11+00:00,7814.759765625,2.062000036239624,484.96604385306154,129.0,218.0,81.0,,,28.0
2744.0,2026-09-29T07:13:17+00:00,7827.02001953125,2.071000099182129,482.85849932837573,128.0,218.39999389648438,81.0,,,28.0
2750.0,2026-09-29T07:13:23+00:00,7839.669921875,2.0810000896453857,480.53818208648215,125.0,218.0,82.0,,,28.0
2756.0,2026-09-29T07:13:29+00:00,7853.5400390625,2.0989999771118164,476.41734678624476,125.0,217.39999389648438,82.0,,,28.0
2759.0,2026-09-29T07:13:32+00:00,7859.259765625,2.1089999675750732,474.1583761851828,125.0,215.8000030517578,82.0,,,28.0
2761.0,2026-09-29T07:13:34+00:00,7863.52001953125,2.1089999675750732,474.1583761851828,125.0,216.0,82.0,,,28.0
2767.0,2026-09-29T07:13:40+00:00,7876.169921875,2.118000030517578,472.143524830653,125.0,215.60000610351562,82.0,,,28.0
2773.0,2026-09-29T07:13:46+00:00,7889.0498046875,2.118000030517578,472.143524830653,125.0,215.39999389648438,82.0,,,28.0
2778.0,2026-09-29T07:13:51+00:00,7899.27978515625,2.127000093460083,470.14572452286865,126.0,215.8000030517578,82.0,,,28.0
2784.0,2026-09-29T07:13:57+00:00,7912.43994140625,2.1649999618530273,461.8937725726786,127.0,216.0,82.0,,,28.0
2785.0,2026-09-29T07:13:58+00:00,7914.56982421875,2.1649999618530273,461.8937725726786,127.0,217.0,82.0,,,28.0
2790.0,2026-09-29T07:14:03+00:00,7925.3701171875,2.1649999618530273,461.8937725726786,125.0,217.0,82.0,,,28.0
2796.0,2026-09-29T07:14:09+00:00,7938.93017578125,2.2109999656677246,452.2840413966261,125.0,217.0,83.0,,,28.0
2801.0,2026-09-29T07:14:14+00:00,7950.10009765625,2.2109999656677246,452.2840413966261,127.0,217.0,83.0,,,28.0
2807.0,2026-09-29T07:14:20+00:00,7963.16015625,2.193000078201294,455.99633576858025,127.0,217.0,82.0,,,28.0
2813.0,2026-09-29T07:14:26+00:00,7977.0498046875,2.3610000610351562,423.5493325491742,127.0,216.8000030517578,82.0,,,28.0
2819.0,2026-09-29T07:14:32+00:00,7990.27001953125,2.2109999656677246,452.2840413966261,127.0,217.0,83.0,,,28.0
2820.0,2026-09-29T07:14:33+00:00,7992.47021484375,2.257999897003174,442.86981648103875,126.0,217.0,83.0,,,28.0
2824.0,2026-09-29T07:14:37+00:00,8001.68994140625,2.2769999504089355,439.1743617826632,128.0,217.39999389648438,82.0,,,28.0
2826.0,2026-09-29T07:14:39+00:00,8006.31005859375,2.2769999504089355,439.1743617826632,129.0,216.60000610351562,82.0,,,28.0
2829.0,2026-09-29T07:14:42+00:00,8013.39990234375,2.2769999504089355,439.1743617826632,129.0,215.0,82.0,,,28.0
2832.0,2026-09-29T07:14:45+00:00,8020.43994140625,2.2860000133514404,437.44531678017273,128.0,215.0,82.0,,,28.0
2838.0,2026-09-29T07:14:51+00:00,8034.02001953125,2.2860000133514404,437.44531678017273,129.0,215.8000030517578,83.0,,,28.0
2839.0,2026-09-29T07:14:52+00:00,8036.35009765625,2.2860000133514404,437.44531678017273,129.0,215.8000030517578,83.0,,,28.0
2843.0,2026-09-29T07:14:56+00:00,8046.240234375,2.2950000762939453,435.72983300934726,129.0,215.39999389648438,83.0,,,28.0
2846.0,2026-09-29T07:14:59+00:00,8054.27978515625,2.322999954223633,430.4778388746068,130.0,215.39999389648438,82.0,,,28.0
2852.0,2026-09-29T07:15:05+00:00,8068.64990234375,2.3420000076293945,426.98548110262993,131.0,215.8000030517578,83.0,,,28.0
2854.0,2026-09-29T07:15:07+00:00,8074.2998046875,2.3610000610351562,423.5493325491742,132.0,216.0,83.0,,,28.0
2856.0,2026-09-29T07:15:09+00:00,8080.08984375,2.3889999389648438,418.58519277874115,132.0,214.8000030517578,83.0,,,28.0
2859.0,2026-09-29T07:15:12+00:00,8088.0,2.4170000553131104,413.736026940411,133.0,214.8000030517578,84.0,,,28.0
2864.0,2026-09-29T07:15:17+00:00,8100.68994140625,2.444999933242798,408.9979661773251,134.0,214.60000610351562,84.0,,,28.0
2870.0,2026-09-29T07:15:23+00:00,8111.1298828125,2.5190000534057617,396.98292131751674,134.0,214.8000030517578,60.0,,,28.0
2871.0,2026-09-29T07:15:24+00:00,8112.2998046875,2.500999927520752,399.8400755618185,133.0,214.8000030517578,54.0,,,28.0
2874.0,2026-09-29T07:15:27+00:00,8116.7001953125,1.5119999647140503,661.375676810363,130.0,214.8000030517578,53.0,,,28.0
2877.0,2026-09-29T07:15:30+00:00,8120.759765625,1.5210000276565552,657.4621839690078,128.0,214.60000610351562,53.0,,,28.0
2878.0,2026-09-29T07:15:31+00:00,8121.8798828125,1.4739999771118164,678.4260620949391,128.0,214.39999389648438,53.0,,,28.0
